51.000000,0.000000,0.000000,0.000000,0.000000,0.000000,0.000000,0.000000,0.000000,3528.000000,25.000000,34.000000
4520.000000,1106.000000,3426.000000,1778.000000,1732.000000,1951.000000,5397.000000,5189.000000,28982.000000
0.000000,0.000000,25.000000,0.000000,4.000000,0.000000,43.000000,9.000000,0.000000,0.000000,0.000000
397.000000,162.000000,51.000000,114.000000,1668.000000,49.000000,1610.000000,1628.000000,1589.000000,81.000000,1638.000000,71.000000,1572.000000,1880.000000,109.000000,1673.000000,3019.000000,180.000000,4189.000000,243.000000,4389.000000,258.000000,4769.000000,330.000000,5597.000000,403.000000,9884.000000,628.000000,10841.000000,802.000000,670.000000,16407.000000,1015.000000,889.000000,1057.000000,22022.000000,1438.000000,1359.000000,1475.000000,27675.000000,23790.000000,31365.000000,30157.000000,31319.000000,32542.000000,36225.000000,35925.000000,39221.000000,41698.000000,43950.000000,584365.000000,205990.000000,26116.000000,23205.000000,8413.000000,9311.000000,9406.000000,9852.000000,9542.000000,11951.000000,77949.000000,115273.000000,13596.000000,10659.000000,22275.000000,10905.000000,11976.000000,118313.000000,13785.000000,13512.000000,20669.000000,16672.000000,291859.000000,45765.000000,17385.000000
22584.000000,12823.000000,15524.000000,13419.000000,13304.000000,12980.000000,10654.000000,16247.000000,14603.000000,10190.000000,10309.000000,12537.000000,12292.000000,15965.000000,17708.000000,19165.000000,27225.000000,15094.000000,22326.000000,13949.000000,23617.000000,17778.000000,18919.000000,32896.000000,25422.000000,37461.000000,25825.000000,28920.000000,33201.000000,47306.000000,17732.000000,45671.000000,45875.000000,28618.000000,24517.000000,21236.000000,26693.000000,35362.000000,24215.000000,22526.000000,28222.000000,19911.000000,25385.000000,23413.000000,22220.000000,32985.000000,29159.000000,28436.000000,25360.000000,24473.000000,30180.000000,33746.000000,34755.000000,95347.000000,347252.000000,38784.000000,38777.000000,37141.000000,36903.000000,75944.000000,39924.000000,283342.000000,59751.000000,45669.000000,51596.000000,52163.000000,49853.000000,51130.000000,51663.000000,226560.000000,60238.000000,265489.000000,343413.000000,485834.000000,371146.000000
1318013.000000,1198979.000000,1209823.000000,1252518.000000,1219757.000000,1267551.000000,1199893.000000,1160766.000000,1174014.000000,1228780.000000,1278647.000000,1198318.000000,1204090.000000,1253323.000000,1168450.000000,1166181.000000,1175079.000000,1171842.000000,1196164.000000,1257736.000000,1302157.000000,1249716.000000,1265468.000000,1490515.000000,1686387.000000,1193453.000000,1312184.000000,1369968.000000,1379718.000000,1502041.000000,1361425.000000,1431833.000000,1372996.000000,1409343.000000,1265801.000000,1171643.000000,1249346.000000,1353230.000000,1294896.000000,1360252.000000,1290349.000000,1309224.000000,1486610.000000,1467533.000000,1607948.000000,1620668.000000,1641740.000000,1679365.000000,1711070.000000,1673853.000000,1744537.000000,1759198.000000,1759735.000000,1783281.000000,1809339.000000,1779064.000000,1733785.000000,1718446.000000,1724195.000000,1736199.000000,1852601.000000,2457837.000000,2026323.000000,2102368.000000,2057847.000000,2197744.000000,2398426.000000,2139270.000000,2337297.000000,2459261.000000,2488647.000000,2548396.000000,2606893.000000,2891001.000000,2775280.000000
102366.000000,1228943.000000,1409300.000000,1165110.000000,1187659.000000,1164748.000000,1183107.000000,1168542.000000,1067452.000000,1073753.000000,1013105.000000,1038403.000000,1024175.000000,1464964.000000,1183777.000000,1423943.000000,1358700.000000,1136891.000000,1067390.000000,1054317.000000,1046196.000000,1076632.000000,1208279.000000,1182637.000000,1190720.000000,1221195.000000,1218784.000000,1344802.000000,1232364.000000,1230238.000000,1172900.000000,1186366.000000,1180660.000000,1120644.000000,1169934.000000,1137516.000000,1164697.000000,1217034.000000,1282082.000000,1233890.000000,1309164.000000,1246382.000000,1397101.000000,1353434.000000,1373704.000000,1487834.000000,1431966.000000,1411238.000000,1391038.000000,1610676.000000,1667095.000000,1562821.000000,1573982.000000,1642279.000000,1916668.000000,1614782.000000,1730322.000000,1769849.000000,1703994.000000,1856468.000000,1904516.000000,1774188.000000,1834590.000000,1889207.000000,2676962.000000,1869977.000000,2151155.000000,2020719.000000,2062314.000000,2094271.000000,2112395.000000,2353625.000000,2161973.000000,2305584.000000,2270960.000000
109.000000,0.000000,0.000000,0.000000,0.000000,0.000000,0.000000,0.000000,0.000000,7820.000000,11.000000,36.000000
7455.000000,1871.000000,5946.000000,4750.000000,2342.000000,7765.000000,41405.000000,7400.000000,4285.000000
0.000000,0.000000,21.000000,41.000000,37.000000,0.000000,21.000000,0.000000,48.000000,173.000000,0.000000
1378.000000,386.000000,0.000000,68.000000,2222.000000,0.000000,2336.000000,2786.000000,2686.000000,32.000000,2455.000000,31.000000,3707.000000,2723.000000,40.000000,2943.000000,5654.000000,181.000000,6306.000000,171.000000,6807.000000,231.000000,9131.000000,371.000000,8289.000000,426.000000,17891.000000,986.000000,18370.000000,823.000000,775.000000,27433.000000,1588.000000,933.000000,1095.000000,38807.000000,1881.000000,1720.000000,1428.000000,47393.000000,40269.000000,38313.000000,38038.000000,40885.000000,48128.000000,48282.000000,60103.000000,58321.000000,61008.000000,48483.000000,424356.000000,290984.000000,97002.000000,124378.000000,80231.000000,85637.000000,127325.000000,77461.000000,36815.000000,18076.000000,245445.000000,99898.000000,20333.000000,17120.000000,30237.000000,17449.000000,131703.000000,17026.000000,14732.000000,23746.000000,158004.000000,296510.000000,29491.000000,22384.000000,67292.000000
68903.000000,17064.000000,17455.000000,13970.000000,15580.000000,14269.000000,18519.000000,23696.000000,44465.000000,14225.000000,14008.000000,17200.000000,24575.000000,17293.000000,21657.000000,32384.000000,28721.000000,24625.000000,29599.000000,38889.000000,24629.000000,18903.000000,15231.000000,28546.000000,23407.000000,32760.000000,30995.000000,33900.000000,26899.000000,22813.000000,33468.000000,37588.000000,32714.000000,25246.000000,30857.000000,46389.000000,31506.000000,29950.000000,28195.000000,41878.000000,56992.000000,38104.000000,30599.000000,47350.000000,47790.000000,74451.000000,39547.000000,144162.000000,48779.000000,44880.000000,46463.000000,59191.000000,62211.000000,62221.000000,71632.000000,64455.000000,457217.000000,84299.000000,81477.000000,134962.000000,96222.000000,107874.000000,298972.000000,157944.000000,158722.000000,146849.000000,391200.000000,192888.000000,169277.000000,184511.000000,355006.000000,196091.000000,186391.000000,200989.000000,290297.000000
1142244.000000,1133901.000000,1140836.000000,1197734.000000,1145191.000000,1154573.000000,1384534.000000,1286370.000000,1209840.000000,1475708.000000,1338782.000000,1259832.000000,1275060.000000,1231651.000000,1236129.000000,1292886.000000,1268825.000000,1262161.000000,1325973.000000,1206225.000000,1215324.000000,1208725.000000,1208767.000000,1294026.000000,1357347.000000,1398501.000000,1427597.000000,1278953.000000,1319334.000000,1322774.000000,1310384.000000,1392572.000000,1315458.000000,1395511.000000,1450435.000000,1488454.000000,1479864.000000,1496866.000000,1502815.000000,1522950.000000,1552471.000000,1600643.000000,1702005.000000,1682423.000000,1683444.000000,1636103.000000,1685371.000000,1576459.000000,1576372.000000,1660865.000000,1683985.000000,1665935.000000,1674012.000000,2475048.000000,1647816.000000,1729895.000000,2093688.000000,2146755.000000,2144351.000000,2284317.000000,2138799.000000,2244254.000000,2318124.000000,2395716.000000,2364385.000000,2397909.000000,2552218.000000,2632971.000000,2153964.000000,2177308.000000,1893238.000000,1961113.000000,1688164.000000,2323602.000000,1772876.000000
67418.000000,870284.000000,913597.000000,882658.000000,892353.000000,910299.000000,927292.000000,843410.000000,841789.000000,883023.000000,897416.000000,893875.000000,894896.000000,871764.000000,866488.000000,953893.000000,932666.000000,1009503.000000,913994.000000,839329.000000,853497.000000,893184.000000,807142.000000,1003704.000000,1062589.000000,1183707.000000,1057360.000000,1067213.000000,1041458.000000,1114474.000000,1183004.000000,1195953.000000,1176501.000000,1246696.000000,1187374.000000,1063830.000000,1244555.000000,1334689.000000,1152042.000000,1172291.000000,1256387.000000,1371516.000000,1376434.000000,1493435.000000,1418934.000000,1304599.000000,1313395.000000,1358369.000000,1410967.000000,1648866.000000,1468195.000000,1383894.000000,1397991.000000,1494399.000000,1505742.000000,1535121.000000,1540594.000000,1609261.000000,1639794.000000,1782542.000000,1767030.000000,1871026.000000,1853614.000000,1896606.000000,1876449.000000,2003043.000000,6423753.000000,2832098.000000,2129967.000000,2047212.000000,2064669.000000,2109695.000000,2126688.000000,2221957.000000,2445137.000000
424.000000,0.000000,0.000000,0.000000,0.000000,0.000000,0.000000,0.000000,0.000000,3171.000000,0.000000,33.000000
4375.000000,854.000000,2880.000000,1759.000000,1292.000000,1493.000000,4937.000000,2000.000000,2050.000000
7.000000,0.000000,65.000000,37.000000,26.000000,19.000000,47.000000,0.000000,19.000000,0.000000,0.000000
142.000000,0.000000,0.000000,0.000000,1334.000000,0.000000,0.000000,2583.000000,2656.000000,0.000000,2427.000000,0.000000,1219.000000,1266.000000,0.000000,1092.000000,2696.000000,0.000000,3054.000000,0.000000,6478.000000,0.000000,4072.000000,0.000000,6179.000000,0.000000,10328.000000,277.000000,11635.000000,449.000000,319.000000,15121.000000,717.000000,617.000000,646.000000,31624.000000,1244.000000,1101.000000,1170.000000,30720.000000,39555.000000,33225.000000,30005.000000,30114.000000,32084.000000,35532.000000,36396.000000,38891.000000,69448.000000,44661.000000,599377.000000,35927.000000,34765.000000,24648.000000,9239.000000,6434.000000,8369.000000,8740.000000,7832.000000,10316.000000,80573.000000,220038.000000,11710.000000,10695.000000,23889.000000,11668.000000,12381.000000,168895.000000,12213.000000,12680.000000,12938.000000,13541.000000,161335.000000,15827.000000,15338.000000
15763.000000,10060.000000,9998.000000,12595.000000,15596.000000,12668.000000,13036.000000,10345.000000,11142.000000,15396.000000,13198.000000,14070.000000,17069.000000,17479.000000,17033.000000,14090.000000,18839.000000,11907.000000,15899.000000,20309.000000,25298.000000,16794.000000,17376.000000,21989.000000,23751.000000,24390.000000,18620.000000,25991.000000,27482.000000,20129.000000,17779.000000,34601.000000,34882.000000,30548.000000,34921.000000,31071.000000,27592.000000,27657.000000,30637.000000,29127.000000,48659.000000,44848.000000,36341.000000,45141.000000,39461.000000,149910.000000,188310.000000,221234.000000,69216.000000,62407.000000,78397.000000,78565.000000,89868.000000,83529.000000,94314.000000,94293.000000,326025.000000,139353.000000,172734.000000,149625.000000,164294.000000,179680.000000,243813.000000,213632.000000,216248.000000,225794.000000,202918.000000,832553.000000,273921.000000,268266.000000,250223.000000,268296.000000,271648.000000,317871.000000,1505219.000000
1346566.000000,1192144.000000,1215128.000000,1233802.000000,1247135.000000,1158896.000000,1174361.000000,1106496.000000,1311236.000000,1245923.000000,1238819.000000,1252370.000000,1326782.000000,1174562.000000,1203305.000000,1233338.000000,1229437.000000,1227987.000000,1233422.000000,1303224.000000,1229716.000000,1164048.000000,1216365.000000,1221798.000000,1176861.000000,1200531.000000,1245988.000000,1185658.000000,1187269.000000,1226543.000000,1257040.000000,1208669.000000,1248567.000000,1261067.000000,1244612.000000,1332771.000000,1305448.000000,1327126.000000,1415963.000000,1456214.000000,1467432.000000,1329955.000000,1371864.000000,1587870.000000,1459753.000000,1571743.000000,1597870.000000,1617070.000000,1592010.000000,1651704.000000,1592534.000000,1224001.000000,1469275.000000,1475663.000000,1464168.000000,1376967.000000,1351591.000000,1130826.000000,1255785.000000,1312908.000000,1322550.000000,1266732.000000,1373188.000000,1269893.000000,1231528.000000,1286099.000000,1402641.000000,1237038.000000,1251295.000000,1209290.000000,1223801.000000,1233175.000000,1215674.000000,1230450.000000,1248913.000000
52972.000000,710880.000000,717073.000000,773830.000000,709969.000000,742105.000000,739498.000000,757485.000000,718399.000000,723129.000000,808812.000000,757449.000000,829462.000000,765950.000000,796803.000000,874030.000000,852531.000000,761711.000000,923391.000000,944009.000000,908143.000000,927152.000000,836315.000000,869069.000000,885575.000000,1001262.000000,817009.000000,908750.000000,847567.000000,841396.000000,901395.000000,809994.000000,810113.000000,928980.000000,900793.000000,804165.000000,822001.000000,766212.000000,907146.000000,865931.000000,859599.000000,1029755.000000,1218308.000000,938495.000000,893511.000000,923091.000000,832487.000000,1076448.000000,910260.000000,963934.000000,956937.000000,945563.000000,1024534.000000,1087554.000000,971025.000000,1129201.000000,1143384.000000,1496308.000000,1065531.000000,1107350.000000,1232509.000000,1111940.000000,1030513.000000,1023052.000000,1007664.000000,1072108.000000,1142603.000000,1116812.000000,1078732.000000,1123225.000000,1492542.000000,1201890.000000,1177811.000000,1156155.000000,1218574.000000
97.000000,0.000000,0.000000,0.000000,0.000000,0.000000,0.000000,0.000000,0.000000,3566.000000,0.000000,34.000000
4822.000000,1107.000000,3443.000000,1738.000000,1341.000000,1733.000000,5484.000000,2490.000000,2530.000000
6.000000,0.000000,52.000000,44.000000,38.000000,0.000000,56.000000,0.000000,0.000000,37.000000,0.000000
430.000000,140.000000,11.000000,101.000000,1598.000000,23.000000,99.000000,3113.000000,2940.000000,38.000000,2837.000000,31.000000,1573.000000,1637.000000,42.000000,1370.000000,2951.000000,195.000000,2916.000000,180.000000,5873.000000,204.000000,4315.000000,312.000000,6889.000000,348.000000,10856.000000,571.000000,12045.000000,765.000000,625.000000,15400.000000,1031.000000,900.000000,983.000000,20375.000000,1373.000000,1247.000000,1380.000000,25874.000000,24230.000000,34137.000000,31104.000000,30356.000000,32537.000000,35705.000000,35863.000000,39643.000000,70573.000000,45448.000000,314552.000000,195268.000000,25284.000000,29295.000000,9696.000000,8698.000000,9180.000000,9089.000000,8573.000000,10408.000000,222313.000000,90452.000000,13730.000000,10735.000000,22828.000000,10788.000000,157076.000000,15109.000000,21160.000000,14340.000000,22884.000000,195208.000000,19515.000000,16818.000000,46599.000000
21556.000000,12792.000000,12850.000000,9849.000000,15616.000000,12822.000000,12942.000000,9971.000000,13329.000000,17055.000000,14018.000000,19096.000000,12896.000000,18071.000000,25130.000000,21013.000000,26223.000000,17431.000000,18030.000000,21452.000000,27585.000000,28367.000000,29758.000000,37508.000000,15288.000000,23999.000000,15890.000000,37360.000000,57739.000000,48240.000000,48958.000000,60821.000000,43352.000000,24321.000000,23784.000000,24459.000000,32211.000000,42554.000000,38077.000000,38250.000000,32748.000000,47512.000000,42777.000000,50516.000000,54023.000000,55728.000000,101912.000000,242790.000000,78592.000000,102155.000000,100926.000000,82891.000000,87478.000000,94925.000000,91434.000000,132025.000000,331668.000000,107387.000000,120016.000000,114332.000000,125093.000000,156542.000000,377613.000000,129119.000000,147675.000000,137712.000000,232864.000000,155620.000000,161338.000000,158759.000000,1096639.000000,157170.000000,179055.000000,181374.000000,1467576.000000
1000220.000000,992984.000000,1086282.000000,1055918.000000,1055890.000000,1040759.000000,1087301.000000,1105717.000000,1095303.000000,1081669.000000,1055145.000000,1045128.000000,1156465.000000,1118404.000000,1164133.000000,1150946.000000,1143670.000000,1126221.000000,1126189.000000,1124697.000000,1222907.000000,1241060.000000,1174697.000000,1139332.000000,1190268.000000,1219555.000000,1263480.000000,1375094.000000,1370262.000000,1382154.000000,1257697.000000,1316727.000000,1322252.000000,1373141.000000,1248632.000000,1264711.000000,1609788.000000,1471219.000000,1533073.000000,1413526.000000,1287338.000000,1208886.000000,1175407.000000,1145364.000000,1213302.000000,1107475.000000,1091299.000000,1083316.000000,1078313.000000,1066540.000000,1051827.000000,1235605.000000,1188503.000000,1216056.000000,1211422.000000,1136425.000000,1147202.000000,1410820.000000,1344503.000000,1378825.000000,1527787.000000,1511947.000000,1261185.000000,1354388.000000,1279683.000000,1240076.000000,1516789.000000,1393731.000000,1582656.000000,1733146.000000,2130045.000000,1675591.000000,1447634.000000,1648580.000000,1574377.000000
62871.000000,825516.000000,809425.000000,834120.000000,762454.000000,798251.000000,773979.000000,769254.000000,831820.000000,872849.000000,875490.000000,807910.000000,805733.000000,822545.000000,802959.000000,846586.000000,883834.000000,890784.000000,759530.000000,1028919.000000,1132624.000000,887844.000000,861160.000000,821764.000000,943832.000000,1009286.000000,1184486.000000,1111336.000000,1201303.000000,1297962.000000,1188645.000000,1201527.000000,1142178.000000,1092752.000000,1044885.000000,1070484.000000,1097179.000000,1147979.000000,1184516.000000,1168701.000000,1299261.000000,1547765.000000,1435187.000000,1340762.000000,1352993.000000,1389531.000000,1378165.000000,1574802.000000,1495520.000000,1593908.000000,1333146.000000,1259022.000000,1220706.000000,1223477.000000,1337759.000000,1107991.000000,1285586.000000,1064856.000000,1073163.000000,1146324.000000,1008972.000000,1112031.000000,1108977.000000,988944.000000,1424261.000000,1153876.000000,1076147.000000,1053788.000000,1145420.000000,1165077.000000,1004975.000000,1173955.000000,1345655.000000,1358759.000000,1177224.000000
114.000000,0.000000,0.000000,0.000000,0.000000,0.000000,0.000000,0.000000,0.000000,3692.000000,4.000000,34.000000
5026.000000,4791.000000,3620.000000,2192.000000,5253.000000,17331.000000,3809.000000,2454.000000,2416.000000
13.000000,0.000000,39.000000,34.000000,25.000000,46.000000,17.000000,0.000000,0.000000,0.000000,0.000000
498.000000,121.000000,0.000000,79.000000,1729.000000,0.000000,91.000000,1587.000000,1531.000000,9.000000,1795.000000,4.000000,1550.000000,3783.000000,25.000000,1380.000000,2940.000000,154.000000,4297.000000,146.000000,4813.000000,186.000000,7273.000000,284.000000,5675.000000,375.000000,8615.000000,534.000000,10553.000000,737.000000,598.000000,18068.000000,910.000000,884.000000,929.000000,21079.000000,1317.000000,1217.000000,1337.000000,28942.000000,25206.000000,34536.000000,29666.000000,32867.000000,37266.000000,35310.000000,40802.000000,41960.000000,41375.000000,45520.000000,337168.000000,216339.000000,38393.000000,45706.000000,15269.000000,14637.000000,14599.000000,15229.000000,13395.000000,12531.000000,144798.000000,16209.000000,12807.000000,45507.000000,30162.000000,98874.000000,17019.000000,28148.000000,14189.000000,17368.000000,261330.000000,22110.000000,19470.000000,21213.000000,37642.000000
34568.000000,14377.000000,12878.000000,10081.000000,13197.000000,16087.000000,15164.000000,27942.000000,32633.000000,68261.000000,74105.000000,60207.000000,60308.000000,99690.000000,66608.000000,80745.000000,153928.000000,75645.000000,71719.000000,129822.000000,119795.000000,124901.000000,112576.000000,134647.000000,66198.000000,119215.000000,63477.000000,92203.000000,117558.000000,166644.000000,86602.000000,151750.000000,115935.000000,137980.000000,114833.000000,94097.000000,154436.000000,122694.000000,111174.000000,129432.000000,148656.000000,124703.000000,123799.000000,126935.000000,316468.000000,484115.000000,305216.000000,135912.000000,188471.000000,151403.000000,166076.000000,191145.000000,209157.000000,217149.000000,302324.000000,190890.000000,213486.000000,212886.000000,221024.000000,263743.000000,501410.000000,1474799.000000,229418.000000,248683.000000,281277.000000,612469.000000,268943.000000,273059.000000,282163.000000,580255.000000,412243.000000,309981.000000,426007.000000,1017909.000000,494132.000000
1344409.000000,1194288.000000,1200159.000000,1152449.000000,1194683.000000,1121233.000000,1063906.000000,1165935.000000,1168030.000000,1121044.000000,1019836.000000,1111030.000000,1115226.000000,1132107.000000,1070301.000000,998753.000000,1074414.000000,1149878.000000,1157812.000000,1059330.000000,1065274.000000,1077353.000000,1029294.000000,1040347.000000,1137942.000000,1194273.000000,1214078.000000,1154453.000000,1466175.000000,1362799.000000,1403717.000000,1302901.000000,1355133.000000,1400549.000000,1356287.000000,1435363.000000,1396565.000000,1362001.000000,1550084.000000,1519482.000000,1477636.000000,1405584.000000,1543792.000000,1528037.000000,1524731.000000,1925500.000000,1522011.000000,1555893.000000,1477081.000000,1622972.000000,1830874.000000,1601286.000000,1719123.000000,1696707.000000,1758732.000000,1773438.000000,1878089.000000,1962485.000000,1967223.000000,2005253.000000,2095224.000000,2085519.000000,2447784.000000,2109147.000000,2532872.000000,2448922.000000,3019763.000000,2678740.000000,2542728.000000,2493598.000000,2659255.000000,2791025.000000,2659025.000000,3084099.000000,3210696.000000
101156.000000,954892.000000,975707.000000,979674.000000,854004.000000,881493.000000,797809.000000,810300.000000,802950.000000,866882.000000,799371.000000,848312.000000,731960.000000,885807.000000,767584.000000,754738.000000,770125.000000,716737.000000,746276.000000,707322.000000,714850.000000,688113.000000,772027.000000,733972.000000,714849.000000,730836.000000,778828.000000,717619.000000,724352.000000,913852.000000,771735.000000,799810.000000,912818.000000,1061263.000000,996083.000000,812932.000000,870480.000000,859990.000000,836931.000000,951046.000000,818700.000000,802086.000000,846228.000000,1215907.000000,980399.000000,1057828.000000,986466.000000,902098.000000,852433.000000,918071.000000,882493.000000,880358.000000,1085115.000000,1018684.000000,928387.000000,994639.000000,1001798.000000,967570.000000,897161.000000,931059.000000,963223.000000,1195858.000000,1167093.000000,1052341.000000,1125470.000000,1119699.000000,1065603.000000,1069719.000000,1143984.000000,1284783.000000,1536010.000000,1264318.000000,1661950.000000,1221382.000000,1319489.000000
353.000000,0.000000,0.000000,0.000000,0.000000,0.000000,0.000000,0.000000,0.000000,3277.000000,0.000000,35.000000
5321.000000,943.000000,2939.000000,1381.000000,1298.000000,1616.000000,4937.000000,1999.000000,2102.000000
7.000000,0.000000,21.000000,44.000000,44.000000,0.000000,65.000000,0.000000,0.000000,18.000000,27.000000
42.000000,0.000000,0.000000,0.000000,1350.000000,0.000000,0.000000,3016.000000,2911.000000,0.000000,2454.000000,0.000000,1324.000000,1299.000000,0.000000,1108.000000,2661.000000,0.000000,2651.000000,0.000000,5240.000000,0.000000,4256.000000,22.000000,6340.000000,92.000000,10503.000000,306.000000,12480.000000,546.000000,424.000000,14843.000000,766.000000,658.000000,769.000000,20340.000000,1123.000000,934.000000,1148.000000,25250.000000,23458.000000,33574.000000,30221.000000,30278.000000,32036.000000,35204.000000,35447.000000,55000.000000,70087.000000,44132.000000,653010.000000,46182.000000,24674.000000,29974.000000,11319.000000,9561.000000,10032.000000,10106.000000,9603.000000,11590.000000,107158.000000,13177.000000,12116.000000,42012.000000,24020.000000,104964.000000,11294.000000,19714.000000,12029.000000,12281.000000,225035.000000,171084.000000,16850.000000,15578.000000,56392.000000
20001.000000,10018.000000,12781.000000,14152.000000,12403.000000,12574.000000,11836.000000,9226.000000,12778.000000,13655.000000,11629.000000,16465.000000,16901.000000,16930.000000,16089.000000,15497.000000,25521.000000,19936.000000,17408.000000,18224.000000,21540.000000,23935.000000,25005.000000,27133.000000,17970.000000,25252.000000,22932.000000,30245.000000,34789.000000,21069.000000,28103.000000,26820.000000,36337.000000,31600.000000,43228.000000,37806.000000,28075.000000,29856.000000,45771.000000,50869.000000,42570.000000,45412.000000,38345.000000,316605.000000,106799.000000,55774.000000,58001.000000,61082.000000,65074.000000,69108.000000,85382.000000,88378.000000,99198.000000,124190.000000,116979.000000,113180.000000,127112.000000,130093.000000,119340.000000,125610.000000,435029.000000,178008.000000,152779.000000,146365.000000,152725.000000,952060.000000,139560.000000,149690.000000,146273.000000,518908.000000,228542.000000,188500.000000,359033.000000,215563.000000,206488.000000
995844.000000,1160424.000000,1118804.000000,1232852.000000,1261287.000000,1260938.000000,1181599.000000,1069327.000000,1127504.000000,1110496.000000,1085333.000000,1113234.000000,1058112.000000,991864.000000,1026793.000000,1094780.000000,1057410.000000,1029067.000000,1100566.000000,1038847.000000,944662.000000,915735.000000,878912.000000,893066.000000,948822.000000,1069953.000000,1278976.000000,1256297.000000,1182589.000000,1190060.000000,1211261.000000,1272652.000000,1369015.000000,1315953.000000,1312276.000000,1271316.000000,1290381.000000,1367236.000000,1296936.000000,1511834.000000,1344897.000000,1389387.000000,1714356.000000,1470320.000000,1507092.000000,1590323.000000,1697355.000000,1656330.000000,1513654.000000,1569344.000000,1649484.000000,1757845.000000,1725062.000000,1715156.000000,1730390.000000,1765759.000000,1992820.000000,1816374.000000,1872134.000000,2007973.000000,2006137.000000,2034783.000000,2002518.000000,2033663.000000,2134522.000000,2932453.000000,2666583.000000,2744023.000000,2519270.000000,2684038.000000,2656827.000000,2783021.000000,2664587.000000,3120355.000000,2412659.000000
105522.000000,965428.000000,833175.000000,818390.000000,833193.000000,847427.000000,872434.000000,864410.000000,783770.000000,768199.000000,845482.000000,855502.000000,720230.000000,837992.000000,736509.000000,766578.000000,733163.000000,714044.000000,768824.000000,696362.000000,739164.000000,728607.000000,771969.000000,705867.000000,786651.000000,711446.000000,737481.000000,728604.000000,742411.000000,780066.000000,937186.000000,923723.000000,805186.000000,962247.000000,1244674.000000,928048.000000,1065444.000000,839120.000000,793926.000000,789327.000000,797709.000000,878821.000000,893697.000000,1048662.000000,938723.000000,896739.000000,892395.000000,884760.000000,852557.000000,798319.000000,886923.000000,887807.000000,950958.000000,1074712.000000,916680.000000,948280.000000,915435.000000,912782.000000,934274.000000,915136.000000,1000729.000000,1083044.000000,1033351.000000,1035304.000000,1162744.000000,1046724.000000,1124203.000000,1145164.000000,1175616.000000,1206322.000000,1337760.000000,1292275.000000,1364011.000000,1293616.000000,1425050.000000
107.000000,0.000000,0.000000,0.000000,0.000000,0.000000,0.000000,0.000000,0.000000,3407.000000,0.000000,34.000000
4734.000000,1120.000000,3263.000000,1664.000000,1429.000000,1980.000000,5523.000000,2547.000000,4832.000000
0.000000,0.000000,33.000000,23.000000,32.000000,7.000000,136.000000,14.000000,34.000000,5.000000,54.000000
400.000000,1752.000000,37.000000,100.000000,3152.000000,33.000000,1507.000000,1589.000000,1576.000000,49.000000,1605.000000,9.000000,2474.000000,2935.000000,48.000000,1562.000000,3173.000000,129.000000,5642.000000,214.000000,4591.000000,187.000000,5189.000000,261.000000,5636.000000,385.000000,8342.000000,534.000000,10628.000000,756.000000,625.000000,18856.000000,857.000000,869.000000,906.000000,20603.000000,1429.000000,1308.000000,1321.000000,27345.000000,24364.000000,33773.000000,29774.000000,29539.000000,32285.000000,35660.000000,36459.000000,39162.000000,39526.000000,43936.000000,623472.000000,160368.000000,23497.000000,27553.000000,8616.000000,11259.000000,9412.000000,10301.000000,9010.000000,11480.000000,78292.000000,172783.000000,27387.000000,12990.000000,25576.000000,11547.000000,12593.000000,221461.000000,32604.000000,12944.000000,13432.000000,14351.000000,231820.000000,16018.000000,15763.000000
22924.000000,17218.000000,14156.000000,17298.000000,15170.000000,12667.000000,80040.000000,66435.000000,106780.000000,100604.000000,59700.000000,72907.000000,75169.000000,88429.000000,82666.000000,88064.000000,124280.000000,83688.000000,89008.000000,109192.000000,111604.000000,65796.000000,78697.000000,129406.000000,90824.000000,103282.000000,69028.000000,163587.000000,154538.000000,138453.000000,153765.000000,157428.000000,144025.000000,97450.000000,100334.000000,116245.000000,95044.000000,96909.000000,114934.000000,103548.000000,103688.000000,103787.000000,95263.000000,130408.000000,119178.000000,461325.000000,403910.000000,848404.000000,392148.000000,145812.000000,146615.000000,152259.000000,147475.000000,173034.000000,162798.000000,215742.000000,177101.000000,174558.000000,189705.000000,171023.000000,205849.000000,468137.000000,208404.000000,215558.000000,221614.000000,282606.000000,1453084.000000,252067.000000,293338.000000,263223.000000,717725.000000,263496.000000,278190.000000,285980.000000,293149.000000
1141171.000000,1253409.000000,1330539.000000,1150903.000000,1251275.000000,1134211.000000,1155847.000000,1172483.000000,1151886.000000,1055246.000000,1128775.000000,1102258.000000,1147024.000000,1109213.000000,1149614.000000,1224946.000000,1168672.000000,1172752.000000,1219966.000000,1160543.000000,1160742.000000,1274301.000000,1315073.000000,1238642.000000,1210904.000000,1189766.000000,1275292.000000,1309190.000000,1335457.000000,1287751.000000,1445959.000000,1366342.000000,1254411.000000,1235549.000000,1295068.000000,1372888.000000,1356379.000000,1240200.000000,1258969.000000,1293468.000000,1267404.000000,1230265.000000,1459610.000000,1236083.000000,1225260.000000,1210859.000000,1174007.000000,1137738.000000,1197472.000000,1211631.000000,1188316.000000,1254727.000000,1450316.000000,1319485.000000,1285953.000000,1411334.000000,1317129.000000,1329867.000000,1338951.000000,1355178.000000,2050382.000000,1311800.000000,1359262.000000,1448600.000000,1635556.000000,1603737.000000,1486279.000000,1517748.000000,1650256.000000,1620158.000000,1812198.000000,1838200.000000,1851905.000000,1936897.000000,1782556.000000
67561.000000,985180.000000,942808.000000,1099079.000000,1094337.000000,1065184.000000,1074503.000000,1171111.000000,1076997.000000,1114102.000000,1160530.000000,1148234.000000,1126745.000000,1176735.000000,951809.000000,964046.000000,944457.000000,1210952.000000,1211140.000000,1199963.000000,1026395.000000,953661.000000,951214.000000,1127548.000000,911180.000000,1299739.000000,1023606.000000,973476.000000,878178.000000,847815.000000,781572.000000,782211.000000,787884.000000,782007.000000,770635.000000,778829.000000,768765.000000,764461.000000,807770.000000,787692.000000,854842.000000,803842.000000,797650.000000,784284.000000,918746.000000,993483.000000,978088.000000,921650.000000,890979.000000,848172.000000,873017.000000,1209241.000000,1126630.000000,1069744.000000,936309.000000,941599.000000,950859.000000,1096145.000000,1242852.000000,1106949.000000,1156127.000000,1290098.000000,1183903.000000,1206084.000000,1242145.000000,1516413.000000,1008528.000000,1448297.000000,1160664.000000,1317093.000000,1403569.000000,1231072.000000,1074965.000000,1298083.000000,1226327.000000
117.000000,0.000000,0.000000,0.000000,0.000000,0.000000,0.000000,0.000000,0.000000,3515.000000,0.000000,32.000000
5738.000000,1293.000000,3420.000000,1820.000000,1522.000000,1975.000000,5949.000000,2540.000000,2334.000000
14.000000,0.000000,67.000000,44.000000,35.000000,11.000000,36.000000,0.000000,12.000000,0.000000,0.000000
379.000000,30.000000,0.000000,81.000000,1623.000000,0.000000,115.000000,3996.000000,2848.000000,20.000000,1610.000000,11.000000,1504.000000,1606.000000,42.000000,1402.000000,2930.000000,178.000000,2891.000000,148.000000,5621.000000,229.000000,4306.000000,273.000000,6394.000000,301.000000,11710.000000,593.000000,11854.000000,736.000000,614.000000,15329.000000,992.000000,866.000000,954.000000,21111.000000,1352.000000,1264.000000,1407.000000,27947.000000,23027.000000,34727.000000,30572.000000,29246.000000,33268.000000,35563.000000,35462.000000,37336.000000,69506.000000,43631.000000,254551.000000,181056.000000,25691.000000,31701.000000,11133.000000,9834.000000,9678.000000,10653.000000,10381.000000,12348.000000,184069.000000,14987.000000,13103.000000,12386.000000,22999.000000,97292.000000,40278.000000,15538.000000,23760.000000,13083.000000,223887.000000,18548.000000,16886.000000,16938.000000,37462.000000
18260.000000,37443.000000,15662.000000,12822.000000,17387.000000,12275.000000,11326.000000,13673.000000,42436.000000,17548.000000,16301.000000,17708.000000,22865.000000,21568.000000,23661.000000,29051.000000,30358.000000,27729.000000,25536.000000,36719.000000,29304.000000,31149.000000,25190.000000,32277.000000,24924.000000,38383.000000,49850.000000,27026.000000,39280.000000,39820.000000,30999.000000,41353.000000,38434.000000,43082.000000,46721.000000,60473.000000,40248.000000,43829.000000,57459.000000,65318.000000,53915.000000,59356.000000,56542.000000,71679.000000,138202.000000,174059.000000,103247.000000,126144.000000,125450.000000,140575.000000,133753.000000,149635.000000,141528.000000,160117.000000,234609.000000,195795.000000,151997.000000,167874.000000,159743.000000,178130.000000,161964.000000,813926.000000,222425.000000,213292.000000,221085.000000,209603.000000,370461.000000,290517.000000,219267.000000,265582.000000,269271.000000,252655.000000,316507.000000,253750.000000,342577.000000
1243770.000000,1162879.000000,1201904.000000,1177051.000000,1220871.000000,1171451.000000,1173711.000000,1241788.000000,1150374.000000,1163319.000000,1182502.000000,1177698.000000,1217452.000000,1194723.000000,1160826.000000,1160568.000000,1159280.000000,1235007.000000,1177979.000000,1192797.000000,1198378.000000,1189939.000000,1204992.000000,1220241.000000,1692625.000000,1313555.000000,1447617.000000,1254687.000000,1284890.000000,1311140.000000,1275504.000000,1317956.000000,1308232.000000,1326302.000000,1302061.000000,1517484.000000,1443027.000000,1472394.000000,1457653.000000,1374179.000000,1416439.000000,1483232.000000,1521393.000000,1542204.000000,1601460.000000,1603119.000000,1644951.000000,1743436.000000,1701393.000000,1738618.000000,1759657.000000,1744708.000000,1796312.000000,1889784.000000,1800765.000000,1838833.000000,1906202.000000,1969529.000000,2026739.000000,2099003.000000,2098038.000000,1981282.000000,1476970.000000,1520129.000000,1557416.000000,1745287.000000,1805315.000000,1896211.000000,2003288.000000,1909689.000000,2253135.000000,1842588.000000,1666199.000000,1663372.000000,1597710.000000
68061.000000,868107.000000,841718.000000,749425.000000,699562.000000,783243.000000,799025.000000,800285.000000,781645.000000,782198.000000,774623.000000,788891.000000,711764.000000,704639.000000,769548.000000,765242.000000,720412.000000,711837.000000,952602.000000,900696.000000,859672.000000,1069420.000000,959402.000000,1020818.000000,1031538.000000,799570.000000,1042625.000000,1133456.000000,1117834.000000,1114201.000000,802908.000000,770168.000000,726509.000000,739703.000000,824552.000000,943712.000000,763419.000000,790589.000000,711061.000000,756551.000000,733510.000000,890122.000000,737762.000000,887281.000000,779393.000000,832214.000000,836993.000000,820418.000000,893051.000000,890742.000000,885145.000000,901345.000000,883751.000000,927893.000000,945652.000000,980198.000000,887618.000000,940474.000000,895028.000000,896284.000000,917253.000000,989919.000000,982401.000000,913818.000000,941537.000000,980475.000000,982134.000000,1151572.000000,1148220.000000,1167891.000000,1191448.000000,1214089.000000,1191195.000000,1229298.000000,1345781.000000
101.000000,0.000000,0.000000,0.000000,0.000000,0.000000,0.000000,0.000000,0.000000,3589.000000,0.000000,35.000000
4806.000000,1121.000000,3257.000000,1726.000000,1529.000000,1814.000000,7478.000000,28299.000000,3491.000000
0.000000,0.000000,13.000000,23.000000,19.000000,0.000000,47.000000,16.000000,1.000000,0.000000,0.000000
535.000000,141.000000,0.000000,78.000000,2742.000000,13.000000,1515.000000,2002.000000,1566.000000,37.000000,1688.000000,18.000000,1540.000000,1624.000000,39.000000,1604.000000,2959.000000,106.000000,4172.000000,194.000000,5256.000000,203.000000,4616.000000,313.000000,5554.000000,371.000000,9877.000000,549.000000,9753.000000,750.000000,610.000000,16411.000000,898.000000,878.000000,861.000000,21745.000000,1356.000000,1184.000000,1300.000000,26719.000000,28622.000000,31403.000000,29996.000000,30342.000000,32832.000000,36504.000000,49966.000000,37976.000000,40711.000000,42978.000000,586800.000000,175083.000000,25594.000000,22936.000000,8568.000000,9457.000000,9790.000000,10228.000000,9521.000000,11920.000000,79681.000000,125503.000000,13762.000000,11555.000000,25070.000000,12539.000000,13010.000000,174256.000000,18316.000000,13146.000000,13399.000000,14027.000000,137695.000000,23890.000000,22712.000000
22913.000000,17574.000000,12966.000000,13199.000000,13159.000000,13412.000000,15961.000000,12029.000000,14728.000000,14242.000000,18105.000000,14670.000000,17051.000000,15819.000000,17522.000000,20074.000000,26862.000000,21480.000000,25130.000000,15613.000000,30165.000000,15194.000000,18312.000000,31229.000000,19198.000000,35770.000000,18448.000000,29661.000000,55947.000000,47589.000000,44547.000000,46545.000000,30276.000000,21913.000000,26966.000000,32989.000000,46482.000000,26381.000000,36008.000000,46245.000000,35320.000000,31083.000000,38166.000000,40367.000000,37496.000000,126639.000000,62272.000000,65490.000000,53769.000000,52986.000000,61353.000000,65917.000000,83997.000000,414923.000000,95629.000000,126334.000000,101198.000000,127053.000000,311993.000000,144452.000000,166763.000000,174220.000000,196285.000000,960887.000000,351463.000000,212606.000000,291472.000000,232252.000000,1530228.000000,323417.000000,253738.000000,547881.000000,338678.000000,294078.000000,1673084.000000
1247309.000000,1109316.000000,1264256.000000,1226854.000000,1150393.000000,1156045.000000,1082117.000000,1102628.000000,1180435.000000,1083097.000000,1198555.000000,1104204.000000,1098244.000000,1004967.000000,1097558.000000,1174049.000000,1207259.000000,1363585.000000,1186258.000000,1190758.000000,1219797.000000,1214821.000000,1217152.000000,1291502.000000,1302068.000000,1229246.000000,1371217.000000,1269381.000000,1237559.000000,1284821.000000,1247795.000000,1259924.000000,1210821.000000,1360313.000000,1277749.000000,1331380.000000,1318694.000000,1328421.000000,1339894.000000,1366143.000000,1470688.000000,1408645.000000,1439597.000000,1568016.000000,1575208.000000,1593919.000000,1634608.000000,1594762.000000,1406595.000000,1457594.000000,1467228.000000,1524593.000000,1667018.000000,1776046.000000,1614226.000000,2197218.000000,1713364.000000,1804415.000000,1822830.000000,1957765.000000,2046426.000000,2100965.000000,1837195.000000,7991263.000000,2160022.000000,2808316.000000,2285572.000000,2496605.000000,2345059.000000,2628557.000000,3218413.000000,2570465.000000,2564999.000000,2579761.000000,2707360.000000
107176.000000,1286310.000000,1184438.000000,1155892.000000,1056327.000000,1082159.000000,1014768.000000,1007411.000000,940282.000000,987774.000000,970015.000000,862071.000000,845336.000000,811324.000000,734156.000000,731591.000000,727096.000000,713163.000000,754851.000000,737504.000000,799100.000000,850614.000000,795301.000000,810459.000000,885606.000000,792270.000000,794404.000000,821398.000000,676959.000000,721189.000000,694855.000000,700284.000000,804985.000000,757642.000000,840290.000000,721236.000000,710626.000000,717906.000000,752554.000000,777214.000000,765826.000000,763403.000000,906588.000000,757956.000000,751487.000000,955529.000000,974293.000000,828586.000000,853270.000000,854473.000000,867044.000000,854535.000000,887797.000000,898452.000000,846176.000000,921558.000000,993154.000000,903038.000000,961519.000000,932951.000000,943670.000000,988825.000000,967646.000000,989459.000000,944686.000000,952975.000000,1126900.000000,1024037.000000,1023331.000000,1037056.000000,1015514.000000,1003736.000000,1037738.000000,1064114.000000,1091379.000000
103.000000,0.000000,0.000000,0.000000,0.000000,0.000000,0.000000,0.000000,0.000000,5751.000000,0.000000,34.000000
4761.000000,1255.000000,3544.000000,1597.000000,1659.000000,3163.000000,2183.000000,14071.000000,7356.000000
0.000000,0.000000,16.000000,23.000000,50.000000,47.000000,42.000000,39.000000,14.000000,0.000000,13.000000
492.000000,1911.000000,38.000000,108.000000,3827.000000,25.000000,1506.000000,1787.000000,1576.000000,30.000000,1741.000000,25.000000,1738.000000,1657.000000,34.000000,1578.000000,2882.000000,125.000000,3042.000000,173.000000,5218.000000,226.000000,4271.000000,303.000000,5569.000000,422.000000,10418.000000,582.000000,11125.000000,766.000000,647.000000,16424.000000,924.000000,969.000000,986.000000,21458.000000,1357.000000,1251.000000,1262.000000,26768.000000,24079.000000,31173.000000,28063.000000,30990.000000,33068.000000,35302.000000,35222.000000,67538.000000,40321.000000,44703.000000,304080.000000,34925.000000,33004.000000,21947.000000,8461.000000,6684.000000,8553.000000,8944.000000,8040.000000,12297.000000,79177.000000,102522.000000,12684.000000,12044.000000,25067.000000,11719.000000,23052.000000,57599.000000,13484.000000,12862.000000,13152.000000,17016.000000,249334.000000,19459.000000,15957.000000
18711.000000,13011.000000,36824.000000,24031.000000,17401.000000,18248.000000,15183.000000,15685.000000,15071.000000,23558.000000,17375.000000,13432.000000,16994.000000,43238.000000,31049.000000,25149.000000,36047.000000,23774.000000,22920.000000,23998.000000,29890.000000,22518.000000,22157.000000,28415.000000,20891.000000,29298.000000,26734.000000,41770.000000,40862.000000,37986.000000,39706.000000,49878.000000,45983.000000,49803.000000,127336.000000,44134.000000,42281.000000,62956.000000,77073.000000,61459.000000,58533.000000,68532.000000,95678.000000,88837.000000,95452.000000,84610.000000,118133.000000,129257.000000,137086.000000,145170.000000,148701.000000,163381.000000,156039.000000,172821.000000,162321.000000,178205.000000,176519.000000,775633.000000,199386.000000,161132.000000,189202.000000,180509.000000,224636.000000,756671.000000,255083.000000,228630.000000,245816.000000,846648.000000,253381.000000,239660.000000,259180.000000,732602.000000,264635.000000,288357.000000,1737305.000000
1161537.000000,1153088.000000,1167270.000000,1155737.000000,1221074.000000,1106088.000000,1161053.000000,1046363.000000,990819.000000,1116143.000000,1196274.000000,1107005.000000,1138451.000000,1238668.000000,1178306.000000,1146573.000000,1254864.000000,1180106.000000,1205491.000000,1326690.000000,1259888.000000,1331965.000000,1281153.000000,1327915.000000,1323295.000000,1331302.000000,1303445.000000,1311027.000000,1347231.000000,1208728.000000,1210220.000000,1250585.000000,1222254.000000,1203055.000000,1368030.000000,1369037.000000,1395872.000000,1382304.000000,1422826.000000,1387510.000000,1361022.000000,1427788.000000,1474659.000000,1623004.000000,1614532.000000,1658058.000000,1529323.000000,1526533.000000,1394841.000000,1498357.000000,1522524.000000,1596062.000000,1771198.000000,1582283.000000,1556742.000000,2410658.000000,1712491.000000,1833444.000000,1702150.000000,1873332.000000,1904269.000000,1919689.000000,1889403.000000,2002497.000000,2080872.000000,2085077.000000,2121627.000000,2126086.000000,2262939.000000,2412902.000000,3102177.000000,2636294.000000,2858997.000000,2482058.000000,3233334.000000
101045.000000,1068846.000000,1034825.000000,1020667.000000,853989.000000,949727.000000,831095.000000,820893.000000,790787.000000,738434.000000,780727.000000,778832.000000,770464.000000,778613.000000,755578.000000,737689.000000,743532.000000,724100.000000,753274.000000,742839.000000,703685.000000,723272.000000,801690.000000,774953.000000,788607.000000,756293.000000,729539.000000,763999.000000,757353.000000,795156.000000,791934.000000,827129.000000,771313.000000,755720.000000,774560.000000,717577.000000,1553535.000000,788291.000000,792257.000000,893115.000000,927130.000000,827709.000000,841758.000000,878664.000000,885782.000000,838316.000000,907787.000000,852719.000000,849995.000000,916684.000000,881820.000000,1000228.000000,943710.000000,872065.000000,943827.000000,1005935.000000,1349436.000000,1262771.000000,1043940.000000,1045390.000000,1225618.000000,1322336.000000,919690.000000,987955.000000,1486476.000000,1367134.000000,1121658.000000,1391639.000000,1455297.000000,1116941.000000,1171552.000000,1296933.000000,1633655.000000,1231695.000000,1457656.000000
96.000000,0.000000,0.000000,0.000000,0.000000,0.000000,0.000000,0.000000,0.000000,3905.000000,0.000000,32.000000
4868.000000,1234.000000,3187.000000,1662.000000,1519.000000,1880.000000,5363.000000,4340.000000,57150.000000
6.000000,0.000000,3.000000,46.000000,35.000000,3.000000,52.000000,135.000000,4.000000,53.000000,1.000000
499.000000,54.000000,0.000000,86.000000,1623.000000,34.000000,102.000000,3034.000000,2930.000000,45.000000,2727.000000,29.000000,1644.000000,2669.000000,49.000000,1386.000000,3044.000000,160.000000,3253.000000,233.000000,5656.000000,237.000000,4303.000000,346.000000,6621.000000,327.000000,10586.000000,597.000000,12091.000000,738.000000,638.000000,15595.000000,1040.000000,951.000000,1005.000000,20871.000000,1359.000000,1248.000000,1313.000000,26073.000000,22957.000000,35199.000000,30729.000000,29451.000000,33174.000000,35700.000000,64156.000000,37951.000000,70265.000000,45095.000000,520840.000000,51238.000000,56555.000000,39634.000000,28644.000000,28725.000000,9458.000000,10555.000000,8998.000000,22659.000000,19141.000000,14619.000000,12043.000000,13595.000000,31757.000000,14739.000000,109755.000000,34098.000000,21926.000000,13556.000000,13995.000000,266232.000000,128572.000000,16666.000000,16416.000000
16632.000000,17016.000000,17150.000000,15451.000000,15521.000000,18968.000000,15555.000000,15593.000000,13964.000000,12428.000000,20902.000000,20928.000000,17650.000000,17659.000000,23182.000000,19224.000000,25927.000000,15969.000000,22985.000000,21610.000000,60791.000000,30706.000000,30540.000000,43216.000000,35468.000000,50567.000000,21623.000000,32311.000000,20811.000000,13456.000000,12371.000000,18162.000000,44519.000000,16253.000000,16237.000000,20419.000000,17302.000000,24873.000000,22448.000000,22383.000000,19691.000000,24306.000000,28451.000000,36948.000000,85599.000000,39627.000000,27711.000000,26506.000000,32834.000000,23913.000000,33548.000000,29552.000000,70588.000000,146398.000000,34100.000000,32372.000000,33289.000000,34066.000000,41282.000000,43802.000000,234103.000000,48092.000000,74964.000000,59166.000000,72872.000000,203490.000000,83337.000000,68748.000000,64796.000000,480189.000000,80209.000000,79426.000000,282112.000000,90948.000000,94389.000000
835104.000000,799867.000000,841643.000000,799735.000000,885306.000000,1001554.000000,889374.000000,989911.000000,871438.000000,897901.000000,1082029.000000,1017814.000000,1082266.000000,1272855.000000,1198879.000000,1182513.000000,1114171.000000,1142897.000000,1151616.000000,1053439.000000,1052382.000000,1023812.000000,1102952.000000,1174122.000000,1243598.000000,1170566.000000,1174013.000000,1237082.000000,1222682.000000,1278219.000000,1188637.000000,1257693.000000,1276876.000000,1356515.000000,1334082.000000,1225662.000000,1607791.000000,1314360.000000,1362007.000000,1433197.000000,1463268.000000,1620876.000000,1523244.000000,1590219.000000,1612164.000000,1574758.000000,1763155.000000,1668946.000000,1475482.000000,1441950.000000,1436784.000000,1493558.000000,1488763.000000,1514317.000000,1520299.000000,1537773.000000,1575808.000000,1633201.000000,1695628.000000,1914576.000000,1762415.000000,1765076.000000,2178821.000000,2104417.000000,1887750.000000,1920908.000000,1981892.000000,2027324.000000,2269144.000000,2431398.000000,2398122.000000,2510276.000000,2506052.000000,2530709.000000,2691440.000000
97320.000000,1043553.000000,1081774.000000,1173130.000000,1178919.000000,1087748.000000,1233839.000000,1279715.000000,1190904.000000,1126596.000000,1140327.000000,1114419.000000,1140265.000000,1063053.000000,1103276.000000,1067938.000000,1029448.000000,1116205.000000,1050913.000000,1153403.000000,1032858.000000,1217680.000000,1168676.000000,1223037.000000,1252621.000000,1199029.000000,1232085.000000,1247605.000000,1221692.000000,1289662.000000,1320732.000000,1332675.000000,1253235.000000,1288116.000000,1290656.000000,1206402.000000,1333568.000000,1306330.000000,1230871.000000,1372747.000000,1342567.000000,1383551.000000,1395621.000000,1500815.000000,1461744.000000,1223466.000000,1236298.000000,1243842.000000,1351712.000000,1555914.000000,1592612.000000,1378298.000000,1425029.000000,1404540.000000,1626216.000000,1802324.000000,1621433.000000,1575113.000000,1653844.000000,1704480.000000,1607681.000000,1853194.000000,1762977.000000,1731981.000000,1786596.000000,1980946.000000,1857485.000000,2105271.000000,1980653.000000,2020200.000000,2233831.000000,2242787.000000,2114895.000000,2331745.000000,2353527.000000
109.000000,0.000000,0.000000,0.000000,0.000000,0.000000,0.000000,0.000000,0.000000,3893.000000,9.000000,34.000000
5212.000000,1166.000000,3198.000000,1966.000000,1560.000000,2003.000000,5457.000000,2705.000000,2640.000000
6.000000,0.000000,41.000000,37.000000,1.000000,26.000000,72.000000,0.000000,25.000000,10.000000,0.000000
405.000000,222.000000,0.000000,89.000000,1675.000000,14.000000,100.000000,3222.000000,3312.000000,28.000000,2870.000000,16.000000,1975.000000,1686.000000,36.000000,1441.000000,3072.000000,166.000000,3025.000000,177.000000,6230.000000,223.000000,4472.000000,291.000000,6661.000000,300.000000,11134.000000,562.000000,12363.000000,734.000000,673.000000,15347.000000,968.000000,934.000000,958.000000,22397.000000,1444.000000,1411.000000,1472.000000,26330.000000,23971.000000,34619.000000,33387.000000,29095.000000,33162.000000,38650.000000,39034.000000,39986.000000,43170.000000,45626.000000,84887.000000,230304.000000,39398.000000,44717.000000,17571.000000,17307.000000,16681.000000,18141.000000,14032.000000,18533.000000,15237.000000,109703.000000,16030.000000,12374.000000,32250.000000,14611.000000,15733.000000,204190.000000,20329.000000,28584.000000,16277.000000,127925.000000,21545.000000,18842.000000,31227.000000
34271.000000,31119.000000,24198.000000,18601.000000,19017.000000,16383.000000,14498.000000,13435.000000,15265.000000,17255.000000,14245.000000,11346.000000,10980.000000,10899.000000,17780.000000,24193.000000,26102.000000,16116.000000,15701.000000,20262.000000,24811.000000,18985.000000,16303.000000,31987.000000,27072.000000,35160.000000,20918.000000,25751.000000,34237.000000,35909.000000,29433.000000,47031.000000,34347.000000,38191.000000,36468.000000,40696.000000,40970.000000,35789.000000,39433.000000,54083.000000,45974.000000,66901.000000,367207.000000,162508.000000,135491.000000,130911.000000,148068.000000,145084.000000,167394.000000,146120.000000,189552.000000,389340.000000,164061.000000,220736.000000,166175.000000,181809.000000,169953.000000,266473.000000,269148.000000,203158.000000,200299.000000,207799.000000,397866.000000,217318.000000,229907.000000,257787.000000,417936.000000,254265.000000,247247.000000,1286631.000000,338970.000000,290072.000000,295257.000000,297370.000000,2245000.000000
1169038.000000,1175751.000000,1206797.000000,1199421.000000,1321580.000000,1301784.000000,1209018.000000,1237505.000000,1264044.000000,1163084.000000,1290609.000000,1282245.000000,1193153.000000,1196675.000000,1125732.000000,1042037.000000,1012843.000000,1081148.000000,1032710.000000,1089704.000000,1102073.000000,1236949.000000,1304206.000000,1151285.000000,1265991.000000,1238665.000000,1302533.000000,1280316.000000,1236520.000000,1174996.000000,1216173.000000,1212960.000000,1223871.000000,1240519.000000,1154044.000000,1238625.000000,1200885.000000,1205544.000000,1241852.000000,1333911.000000,1261662.000000,1300338.000000,1291231.000000,1391172.000000,1380629.000000,1289548.000000,1468823.000000,1370627.000000,1473523.000000,1485422.000000,1371888.000000,1520998.000000,1488013.000000,1564135.000000,1628689.000000,1579967.000000,1591883.000000,1605744.000000,1631652.000000,1496647.000000,1182141.000000,1143845.000000,1093114.000000,1111796.000000,1088926.000000,1101426.000000,1167566.000000,1191815.000000,1255146.000000,2584092.000000,2727876.000000,2770727.000000,2899753.000000,2709077.000000,3006046.000000
100881.000000,1127696.000000,1154331.000000,1132727.000000,1165305.000000,1039372.000000,1010048.000000,1121145.000000,1120995.000000,1113086.000000,1089920.000000,893692.000000,946583.000000,954013.000000,877074.000000,867811.000000,945270.000000,873307.000000,984312.000000,926497.000000,941022.000000,886608.000000,1010086.000000,990296.000000,1048165.000000,1093930.000000,1058071.000000,1135989.000000,1138473.000000,1260609.000000,1167299.000000,1148010.000000,1104584.000000,1018535.000000,909498.000000,911385.000000,1147281.000000,1173719.000000,1044817.000000,1093747.000000,1098645.000000,1089682.000000,1118187.000000,1183950.000000,1327989.000000,1348950.000000,1206892.000000,1352479.000000,1232938.000000,1124678.000000,1369155.000000,1238519.000000,1249307.000000,1253141.000000,1370279.000000,1514757.000000,1262351.000000,1248323.000000,1269592.000000,1387589.000000,1515910.000000,1359589.000000,1464601.000000,1488046.000000,1447422.000000,1517827.000000,1600902.000000,1563905.000000,1585979.000000,1635362.000000,1674365.000000,1793004.000000,1811536.000000,1787796.000000,1864267.000000
58.000000,0.000000,0.000000,0.000000,0.000000,0.000000,0.000000,0.000000,0.000000,3672.000000,21.000000,33.000000
4395.000000,1129.000000,3351.000000,2264.000000,1691.000000,1979.000000,5691.000000,4184.000000,28745.000000
0.000000,0.000000,6.000000,16.000000,11.000000,0.000000,41.000000,49.000000,22.000000,45.000000,0.000000
408.000000,210.000000,47.000000,110.000000,1699.000000,42.000000,1587.000000,1604.000000,1626.000000,66.000000,1617.000000,58.000000,1531.000000,2613.000000,105.000000,1649.000000,3110.000000,166.000000,4409.000000,216.000000,4368.000000,241.000000,4569.000000,324.000000,5736.000000,391.000000,11091.000000,618.000000,10824.000000,795.000000,652.000000,16902.000000,965.000000,949.000000,963.000000,21926.000000,1440.000000,1347.000000,1390.000000,28010.000000,23036.000000,32061.000000,29890.000000,30176.000000,34352.000000,35491.000000,36770.000000,38791.000000,41475.000000,44035.000000,581769.000000,174849.000000,27560.000000,23606.000000,8968.000000,9854.000000,9824.000000,10255.000000,11131.000000,13466.000000,80609.000000,93186.000000,19744.000000,15177.000000,30015.000000,11521.000000,14172.000000,81998.000000,13399.000000,13685.000000,14247.000000,14563.000000,123873.000000,18542.000000,17001.000000
19074.000000,59676.000000,97925.000000,63475.000000,73112.000000,60696.000000,60037.000000,143468.000000,78012.000000,59904.000000,53147.000000,99541.000000,74762.000000,75862.000000,95188.000000,81817.000000,124598.000000,96747.000000,89423.000000,96674.000000,127956.000000,65857.000000,66580.000000,99450.000000,68642.000000,99084.000000,83234.000000,147974.000000,88770.000000,78448.000000,71435.000000,108224.000000,136333.000000,150227.000000,146775.000000,94594.000000,168898.000000,100668.000000,104440.000000,121722.000000,121934.000000,140184.000000,149358.000000,123743.000000,134118.000000,427673.000000,429134.000000,123009.000000,225940.000000,162571.000000,148921.000000,148125.000000,160461.000000,210873.000000,153141.000000,139114.000000,173805.000000,148934.000000,183951.000000,197664.000000,170341.000000,238286.000000,204112.000000,1134991.000000,274435.000000,512989.000000,213621.000000,409293.000000,1154728.000000,256422.000000,277616.000000,775709.000000,287704.000000,294267.000000,1628174.000000
1166691.000000,1137321.000000,1194792.000000,1172685.000000,1172495.000000,1198765.000000,1127375.000000,1205840.000000,1232162.000000,1267066.000000,1264305.000000,1243832.000000,1316829.000000,1175912.000000,1105645.000000,1223654.000000,1113575.000000,1109610.000000,1200321.000000,1211365.000000,1103974.000000,1076884.000000,1119068.000000,1061329.000000,1057199.000000,1071559.000000,1017977.000000,1072733.000000,1060486.000000,1286881.000000,1207874.000000,1221521.000000,1292978.000000,1259645.000000,1493567.000000,1290370.000000,1232038.000000,1168545.000000,1103590.000000,1076487.000000,1087134.000000,1042386.000000,1077354.000000,1093259.000000,1094881.000000,1071070.000000,1030646.000000,972656.000000,912672.000000,1021838.000000,925871.000000,934263.000000,1142414.000000,1062078.000000,1121530.000000,1118853.000000,1033586.000000,1100320.000000,1019296.000000,1005726.000000,1037446.000000,1077217.000000,993951.000000,1108241.000000,1103352.000000,1055130.000000,1122423.000000,1174166.000000,1114402.000000,1125868.000000,1298025.000000,1253678.000000,1176023.000000,1197328.000000,1204976.000000
60420.000000,912801.000000,843840.000000,814427.000000,896938.000000,893190.000000,1025252.000000,868689.000000,739713.000000,732145.000000,760453.000000,847347.000000,996622.000000,781266.000000,966215.000000,1065339.000000,927202.000000,907332.000000,886351.000000,853065.000000,844780.000000,948240.000000,855033.000000,834508.000000,805784.000000,822132.000000,740200.000000,806334.000000,895458.000000,714280.000000,966837.000000,999196.000000,1090097.000000,773690.000000,775511.000000,852130.000000,826108.000000,932438.000000,987322.000000,813968.000000,819762.000000,962888.000000,1129707.000000,828563.000000,842973.000000,915139.000000,941915.000000,917896.000000,1133903.000000,935698.000000,861159.000000,953339.000000,973300.000000,1049893.000000,971873.000000,997155.000000,1106779.000000,1031709.000000,1160854.000000,1088622.000000,1213648.000000,958652.000000,1178004.000000,1022130.000000,1066423.000000,1409708.000000,1294076.000000,1102546.000000,1109999.000000,1168345.000000,1282432.000000,1550656.000000,1376562.000000,1155915.000000,1094957.000000
102.000000,0.000000,0.000000,0.000000,0.000000,0.000000,0.000000,0.000000,0.000000,3736.000000,0.000000,35.000000
4402.000000,1186.000000,3386.000000,1855.000000,1462.000000,1827.000000,5438.000000,4263.000000,28813.000000
0.000000,0.000000,7.000000,11.000000,47.000000,42.000000,72.000000,36.000000,19.000000,0.000000,0.000000
610.000000,61.000000,0.000000,86.000000,1640.000000,7.000000,2523.000000,1607.000000,1570.000000,28.000000,1639.000000,19.000000,1566.000000,1614.000000,51.000000,1641.000000,3060.000000,135.000000,4298.000000,174.000000,6687.000000,203.000000,4575.000000,312.000000,5702.000000,377.000000,9942.000000,563.000000,9810.000000,748.000000,636.000000,16778.000000,955.000000,860.000000,953.000000,22148.000000,1430.000000,1271.000000,1330.000000,27626.000000,25033.000000,31767.000000,30151.000000,31457.000000,33249.000000,36586.000000,37911.000000,40304.000000,43035.000000,44780.000000,588691.000000,163823.000000,27302.000000,23342.000000,8611.000000,10079.000000,9670.000000,10419.000000,9189.000000,11944.000000,78906.000000,77928.000000,29792.000000,13456.000000,24787.000000,12685.000000,13465.000000,156223.000000,35391.000000,24339.000000,14079.000000,14542.000000,146675.000000,16720.000000,23757.000000
21088.000000,59001.000000,59873.000000,72954.000000,72266.000000,60375.000000,60497.000000,72587.000000,82768.000000,59956.000000,60302.000000,84710.000000,57762.000000,58685.000000,93691.000000,81568.000000,116617.000000,67221.000000,81438.000000,77622.000000,94694.000000,76823.000000,65475.000000,86551.000000,91096.000000,91123.000000,67561.000000,115447.000000,95610.000000,80031.000000,86852.000000,144656.000000,164600.000000,148867.000000,96371.000000,94898.000000,104190.000000,261254.000000,370841.000000,372235.000000,321070.000000,325755.000000,375637.000000,367389.000000,404558.000000,431462.000000,419132.000000,508370.000000,147359.000000,127174.000000,165355.000000,167205.000000,171350.000000,154435.000000,171423.000000,171663.000000,904826.000000,187229.000000,491526.000000,178643.000000,195004.000000,215749.000000,263580.000000,262619.000000,458087.000000,333808.000000,307629.000000,1324199.000000,323558.000000,273240.000000,272753.000000,276513.000000,290234.000000,883148.000000,1378339.000000
1145448.000000,1163664.000000,1198540.000000,1195741.000000,1169285.000000,1182411.000000,1192052.000000,1209209.000000,1165193.000000,1296369.000000,1138665.000000,1151163.000000,1122074.000000,1198179.000000,1145096.000000,1143392.000000,1192227.000000,1263027.000000,1232838.000000,1185409.000000,1239819.000000,1221721.000000,1093761.000000,1242352.000000,1224624.000000,1176418.000000,1217211.000000,1187888.000000,1192833.000000,1228917.000000,1222502.000000,1200306.000000,1380036.000000,1319712.000000,1430844.000000,1440295.000000,1498244.000000,1497945.000000,1485389.000000,1372015.000000,1346988.000000,1609680.000000,1443419.000000,1562047.000000,2139201.000000,1513414.000000,1456305.000000,1453997.000000,1425732.000000,1684844.000000,1572555.000000,1557449.000000,1639461.000000,1787269.000000,2182288.000000,1913681.000000,2173508.000000,1859859.000000,1854153.000000,1897617.000000,2229105.000000,4703582.000000,2044494.000000,1903621.000000,2469043.000000,1874253.000000,1614291.000000,2612631.000000,1508146.000000,1449720.000000,1462621.000000,1831315.000000,1688802.000000,2302071.000000,1458935.000000
77432.000000,770157.000000,891147.000000,714142.000000,662436.000000,652575.000000,791612.000000,690745.000000,801360.000000,946381.000000,884298.000000,798480.000000,752543.000000,693656.000000,694894.000000,789812.000000,908670.000000,826735.000000,945987.000000,742891.000000,854870.000000,784033.000000,719846.000000,670180.000000,705702.000000,700943.000000,859240.000000,738197.000000,747088.000000,688413.000000,755141.000000,974581.000000,883336.000000,754781.000000,1162686.000000,819721.000000,1186885.000000,800071.000000,1141755.000000,919404.000000,834940.000000,867774.000000,816221.000000,844326.000000,854633.000000,889479.000000,1003756.000000,926137.000000,1008127.000000,945507.000000,1479971.000000,1041312.000000,1013384.000000,1314836.000000,1247305.000000,1224006.000000,1213946.000000,902786.000000,969612.000000,1076881.000000,1472797.000000,1223997.000000,1294106.000000,1197254.000000,1019315.000000,1182470.000000,1293261.000000,1096065.000000,7235061.000000,1144120.000000,1716791.000000,1349363.000000,1268865.000000,1334893.000000,1642282.000000
110.000000,0.000000,0.000000,0.000000,0.000000,0.000000,0.000000,0.000000,0.000000,3730.000000,4.000000,34.000000
5636.000000,1233.000000,3398.000000,2010.000000,1679.000000,2040.000000,5491.000000,2583.000000,2661.000000
14.000000,0.000000,37.000000,27.000000,27.000000,27.000000,33.000000,0.000000,0.000000,4.000000,0.000000
645.000000,147.000000,0.000000,74.000000,1667.000000,14.000000,62.000000,3084.000000,3047.000000,54.000000,2955.000000,24.000000,1616.000000,1619.000000,42.000000,1394.000000,3042.000000,169.000000,3134.000000,199.000000,5843.000000,237.000000,4644.000000,290.000000,6958.000000,349.000000,11256.000000,602.000000,12626.000000,816.000000,709.000000,15854.000000,1065.000000,924.000000,990.000000,21870.000000,1429.000000,1238.000000,1428.000000,27222.000000,24508.000000,35539.000000,32235.000000,30639.000000,34092.000000,37159.000000,37434.000000,40199.000000,73388.000000,56752.000000,572454.000000,185493.000000,25601.000000,31299.000000,11819.000000,10938.000000,10791.000000,11570.000000,10680.000000,12678.000000,109378.000000,14911.000000,13366.000000,41711.000000,27559.000000,97802.000000,12613.000000,13808.000000,13270.000000,13775.000000,78388.000000,15894.000000,16887.000000,17007.000000,90055.000000
36461.000000,33113.000000,19041.000000,14976.000000,16104.000000,15847.000000,16442.000000,14823.000000,17409.000000,16101.000000,20202.000000,14331.000000,16933.000000,14534.000000,17750.000000,19234.000000,32286.000000,21488.000000,16418.000000,20905.000000,30949.000000,17931.000000,21415.000000,24312.000000,20613.000000,29256.000000,21927.000000,29432.000000,20411.000000,17081.000000,16610.000000,36027.000000,29424.000000,28275.000000,28104.000000,23898.000000,36960.000000,32101.000000,31013.000000,34838.000000,30950.000000,53742.000000,32307.000000,109031.000000,39807.000000,48013.000000,42342.000000,43841.000000,74217.000000,69062.000000,68371.000000,58273.000000,72187.000000,383759.000000,122341.000000,124204.000000,95920.000000,98733.000000,101733.000000,92220.000000,352381.000000,100613.000000,137121.000000,113771.000000,128883.000000,712677.000000,187187.000000,155597.000000,172635.000000,1092418.000000,138327.000000,161505.000000,881541.000000,177963.000000,312176.000000
930580.000000,867211.000000,830626.000000,858779.000000,888548.000000,895454.000000,860867.000000,977944.000000,859139.000000,998124.000000,933320.000000,966531.000000,1076570.000000,1152309.000000,1191875.000000,1145732.000000,1087699.000000,1229466.000000,1322230.000000,1195130.000000,1184528.000000,1422701.000000,1235000.000000,1125680.000000,1291336.000000,1306572.000000,1245782.000000,1197979.000000,1108631.000000,1104566.000000,1080329.000000,1164382.000000,1015669.000000,1057930.000000,1014536.000000,1061418.000000,1053036.000000,1047657.000000,895922.000000,938150.000000,956132.000000,1098843.000000,1018853.000000,1034455.000000,1006045.000000,1109875.000000,1192699.000000,1163531.000000,937713.000000,1026405.000000,1099962.000000,1215348.000000,1094497.000000,1086388.000000,1092920.000000,1276030.000000,1465373.000000,1311589.000000,1309296.000000,1329441.000000,1763133.000000,1467961.000000,1633114.000000,1348827.000000,1358575.000000,1378516.000000,1485352.000000,1542668.000000,1463279.000000,1469212.000000,1508620.000000,1510102.000000,1682966.000000,1552061.000000,1736257.000000
70643.000000,833938.000000,901392.000000,845355.000000,817751.000000,809220.000000,757485.000000,881701.000000,796331.000000,790475.000000,818678.000000,881433.000000,854046.000000,721362.000000,774745.000000,781313.000000,796220.000000,928873.000000,810212.000000,785820.000000,749510.000000,678198.000000,717445.000000,698435.000000,705494.000000,703804.000000,701937.000000,695713.000000,713731.000000,811963.000000,701468.000000,817755.000000,783496.000000,778937.000000,769103.000000,754953.000000,769387.000000,772039.000000,864948.000000,795878.000000,847595.000000,845008.000000,757844.000000,781784.000000,1160224.000000,1110995.000000,1065032.000000,1119308.000000,991561.000000,960382.000000,903510.000000,984380.000000,908913.000000,1000107.000000,1260347.000000,1153039.000000,1241092.000000,1248348.000000,1035836.000000,943043.000000,1682563.000000,1008955.000000,1174200.000000,1262850.000000,1072290.000000,1115761.000000,1238282.000000,1102560.000000,1128743.000000,1235823.000000,1127238.000000,1071139.000000,1077737.000000,1178415.000000,1172269.000000
53.000000,0.000000,0.000000,0.000000,0.000000,0.000000,0.000000,0.000000,0.000000,3626.000000,17.000000,31.000000
4498.000000,1140.000000,3376.000000,1960.000000,1703.000000,1900.000000,5955.000000,5338.000000,29420.000000
0.000000,0.000000,19.000000,45.000000,45.000000,23.000000,16.000000,24.000000,2.000000,0.000000,0.000000
838.000000,165.000000,43.000000,122.000000,1688.000000,65.000000,1611.000000,1655.000000,1621.000000,70.000000,2650.000000,78.000000,1691.000000,1650.000000,103.000000,1642.000000,3027.000000,179.000000,5357.000000,257.000000,4406.000000,264.000000,4788.000000,339.000000,5913.000000,433.000000,11121.000000,666.000000,10944.000000,902.000000,783.000000,16166.000000,1067.000000,974.000000,1030.000000,22464.000000,1485.000000,1384.000000,1470.000000,27827.000000,24785.000000,33129.000000,32220.000000,31153.000000,33077.000000,36422.000000,38980.000000,39432.000000,43463.000000,46551.000000,644112.000000,161752.000000,29620.000000,23861.000000,8343.000000,9154.000000,9892.000000,9724.000000,8821.000000,11821.000000,107256.000000,51630.000000,15265.000000,15416.000000,25648.000000,12573.000000,206629.000000,87346.000000,21908.000000,13592.000000,15788.000000,41422.000000,16805.000000,15402.000000,16260.000000
23195.000000,13636.000000,18942.000000,13617.000000,17611.000000,14602.000000,14495.000000,14105.000000,17558.000000,13806.000000,17469.000000,24428.000000,27718.000000,24560.000000,26390.000000,25546.000000,47428.000000,27286.000000,29308.000000,35406.000000,31481.000000,16969.000000,21846.000000,38499.000000,25604.000000,36720.000000,26522.000000,41905.000000,38346.000000,48211.000000,26366.000000,71611.000000,107936.000000,94509.000000,72978.000000,38267.000000,66404.000000,83267.000000,69258.000000,50982.000000,70193.000000,65287.000000,67729.000000,60834.000000,67886.000000,62334.000000,64268.000000,87076.000000,85919.000000,297678.000000,77342.000000,81921.000000,74674.000000,91430.000000,106066.000000,105924.000000,105045.000000,488609.000000,130110.000000,129055.000000,107287.000000,92558.000000,98080.000000,117042.000000,120174.000000,123304.000000,122227.000000,443271.000000,129180.000000,160675.000000,368023.000000,157093.000000,166223.000000,392853.000000,208357.000000
866782.000000,870743.000000,919233.000000,972006.000000,981044.000000,907257.000000,872239.000000,931452.000000,937071.000000,911730.000000,927830.000000,1016353.000000,911294.000000,921973.000000,933629.000000,932454.000000,971135.000000,1056254.000000,948630.000000,941644.000000,961631.000000,1066941.000000,1097414.000000,1087288.000000,1054012.000000,962263.000000,879633.000000,854909.000000,1048531.000000,1139119.000000,1182591.000000,1108203.000000,1057500.000000,1046118.000000,1077769.000000,1078549.000000,1103612.000000,1120442.000000,1115367.000000,1102747.000000,1024437.000000,1071039.000000,1185997.000000,1250910.000000,1201539.000000,1313210.000000,1120255.000000,1139209.000000,1069583.000000,1128165.000000,1073787.000000,1114219.000000,1239742.000000,1389226.000000,1236867.000000,1189332.000000,1227622.000000,1249273.000000,1291677.000000,1332105.000000,1358881.000000,1864225.000000,1760425.000000,2013043.000000,2139703.000000,2444578.000000,2760063.000000,2570432.000000,2255079.000000,2244418.000000,2352386.000000,2402514.000000,2345833.000000,2380646.000000,2485253.000000
93542.000000,1156954.000000,1163537.000000,1021267.000000,1124575.000000,1086671.000000,1126483.000000,1163704.000000,1101912.000000,1083098.000000,1129204.000000,1022235.000000,1030897.000000,1024850.000000,977939.000000,1003674.000000,1017998.000000,1054768.000000,948261.000000,1076259.000000,1086544.000000,1190518.000000,1090737.000000,1119696.000000,1054926.000000,1053926.000000,1052076.000000,1062735.000000,1292316.000000,1234509.000000,1328000.000000,1120811.000000,1087374.000000,1019973.000000,1006319.000000,1224120.000000,1241088.000000,1232673.000000,1110333.000000,1172801.000000,1196546.000000,1237635.000000,1366983.000000,1183676.000000,1385117.000000,1324254.000000,1228148.000000,1410781.000000,1398859.000000,1372453.000000,1454648.000000,1529713.000000,1583271.000000,1527595.000000,1688545.000000,1403939.000000,1427717.000000,1164173.000000,1259339.000000,1300207.000000,1172340.000000,1277124.000000,1057115.000000,1120692.000000,1102816.000000,1090338.000000,1111601.000000,1045385.000000,1047442.000000,1037125.000000,1100025.000000,1775302.000000,1385082.000000,1513435.000000,1467665.000000
100.000000,0.000000,0.000000,0.000000,0.000000,0.000000,0.000000,0.000000,0.000000,3644.000000,0.000000,32.000000
4830.000000,1203.000000,3208.000000,1794.000000,1724.000000,1924.000000,5348.000000,4734.000000,28167.000000
1.000000,0.000000,27.000000,36.000000,23.000000,14.000000,40.000000,0.000000,0.000000,0.000000,0.000000
396.000000,156.000000,0.000000,109.000000,1644.000000,13.000000,1920.000000,1566.000000,1547.000000,15.000000,1638.000000,19.000000,1524.000000,1559.000000,52.000000,1574.000000,2872.000000,124.000000,4136.000000,200.000000,4268.000000,199.000000,4697.000000,304.000000,5786.000000,352.000000,10067.000000,519.000000,9691.000000,742.000000,631.000000,17548.000000,928.000000,834.000000,942.000000,21701.000000,1388.000000,1281.000000,1343.000000,28692.000000,22761.000000,32327.000000,29849.000000,30457.000000,33750.000000,36485.000000,36255.000000,37809.000000,40802.000000,43141.000000,566355.000000,162897.000000,26586.000000,23259.000000,8479.000000,9342.000000,9620.000000,10001.000000,9538.000000,12102.000000,79539.000000,105600.000000,13407.000000,11078.000000,24538.000000,13912.000000,13203.000000,96620.000000,19070.000000,17935.000000,14581.000000,15401.000000,70136.000000,292030.000000,17419.000000
22743.000000,18615.000000,18573.000000,29996.000000,17188.000000,21048.000000,17465.000000,17268.000000,17771.000000,17302.000000,27596.000000,23150.000000,23300.000000,24027.000000,26640.000000,29833.000000,31135.000000,21770.000000,22499.000000,29482.000000,40525.000000,20844.000000,21489.000000,29703.000000,25183.000000,39545.000000,21696.000000,46418.000000,45322.000000,51532.000000,50021.000000,64206.000000,76239.000000,28586.000000,28952.000000,42731.000000,56855.000000,45195.000000,26928.000000,27290.000000,75204.000000,102130.000000,107895.000000,109692.000000,121305.000000,237138.000000,39245.000000,34331.000000,52432.000000,43053.000000,47246.000000,44439.000000,118992.000000,297079.000000,47542.000000,52380.000000,50549.000000,51389.000000,68979.000000,58896.000000,56253.000000,57177.000000,69066.000000,259938.000000,78802.000000,68983.000000,67438.000000,83014.000000,441997.000000,109054.000000,85132.000000,187979.000000,89098.000000,86936.000000,578991.000000
793089.000000,766663.000000,778198.000000,822388.000000,910704.000000,764122.000000,713368.000000,700967.000000,730950.000000,762317.000000,761703.000000,772417.000000,855777.000000,981980.000000,982178.000000,972806.000000,951143.000000,912527.000000,877909.000000,804215.000000,827986.000000,810095.000000,952584.000000,741697.000000,727664.000000,808008.000000,782727.000000,747219.000000,785227.000000,806176.000000,799720.000000,768251.000000,759843.000000,751549.000000,750156.000000,771229.000000,764920.000000,933594.000000,897428.000000,886726.000000,1020540.000000,965324.000000,915687.000000,931101.000000,895633.000000,955662.000000,908991.000000,1060642.000000,903940.000000,1004858.000000,1088016.000000,1083196.000000,1002069.000000,1028419.000000,1415441.000000,1294943.000000,1188018.000000,1035882.000000,1043986.000000,1035853.000000,1124751.000000,1251895.000000,1132908.000000,1140637.000000,1168311.000000,1206113.000000,1195993.000000,1288169.000000,1169812.000000,1370684.000000,1353785.000000,1352673.000000,1497903.000000,1364777.000000,1334057.000000
57659.000000,804541.000000,752822.000000,760787.000000,747887.000000,812459.000000,755796.000000,767946.000000,817638.000000,833144.000000,825581.000000,782287.000000,742669.000000,853108.000000,843397.000000,993112.000000,1077049.000000,966108.000000,949771.000000,983304.000000,834421.000000,777176.000000,801212.000000,840411.000000,833700.000000,831241.000000,815535.000000,853254.000000,818004.000000,878429.000000,805229.000000,831588.000000,872845.000000,976494.000000,874181.000000,856276.000000,855807.000000,940262.000000,824414.000000,819669.000000,814418.000000,872422.000000,903954.000000,826062.000000,846995.000000,858348.000000,874235.000000,842482.000000,921362.000000,910085.000000,948404.000000,931570.000000,921567.000000,882130.000000,911025.000000,973933.000000,973559.000000,945596.000000,987521.000000,973144.000000,957004.000000,1037696.000000,968728.000000,987397.000000,997754.000000,988105.000000,1110921.000000,1085586.000000,1343307.000000,1344461.000000,1054003.000000,1364019.000000,1355648.000000,1127413.000000,1201501.000000
104.000000,0.000000,0.000000,0.000000,0.000000,0.000000,0.000000,0.000000,0.000000,3563.000000,0.000000,35.000000
5103.000000,1248.000000,3249.000000,1746.000000,1619.000000,1960.000000,5639.000000,5647.000000,29180.000000
0.000000,0.000000,40.000000,37.000000,34.000000,47.000000,50.000000,0.000000,21.000000,13.000000,0.000000
348.000000,109.000000,1.000000,88.000000,2580.000000,15.000000,1569.000000,1697.000000,1648.000000,34.000000,1708.000000,57.000000,1579.000000,1633.000000,52.000000,1658.000000,2993.000000,147.000000,4417.000000,220.000000,4542.000000,201.000000,4781.000000,313.000000,6781.000000,421.000000,10897.000000,646.000000,10991.000000,803.000000,716.000000,16243.000000,1073.000000,950.000000,1020.000000,22345.000000,1457.000000,1310.000000,1335.000000,27971.000000,23877.000000,32875.000000,31719.000000,31483.000000,32961.000000,36439.000000,39139.000000,40326.000000,42777.000000,45363.000000,473940.000000,46531.000000,25978.000000,23258.000000,8293.000000,8448.000000,8647.000000,9463.000000,8205.000000,11955.000000,79837.000000,126407.000000,25856.000000,13718.000000,25247.000000,12084.000000,119333.000000,14470.000000,17851.000000,15402.000000,27038.000000,146062.000000,27768.000000,16092.000000,17772.000000
22053.000000,17479.000000,14329.000000,19098.000000,16286.000000,15899.000000,18835.000000,14899.000000,20538.000000,15820.000000,17240.000000,17337.000000,24375.000000,21598.000000,52817.000000,21085.000000,39487.000000,27758.000000,20312.000000,20284.000000,32015.000000,20641.000000,28521.000000,35073.000000,24285.000000,27940.000000,28892.000000,53381.000000,30986.000000,27139.000000,24867.000000,45403.000000,48854.000000,37171.000000,39489.000000,54873.000000,36091.000000,35385.000000,45301.000000,49623.000000,43843.000000,45290.000000,269366.000000,52394.000000,65465.000000,49854.000000,52016.000000,56673.000000,49690.000000,46557.000000,55713.000000,153956.000000,250645.000000,67487.000000,63110.000000,64536.000000,69738.000000,83737.000000,68008.000000,340274.000000,76560.000000,85208.000000,74421.000000,46100.000000,74007.000000,52494.000000,52571.000000,58012.000000,54327.000000,54697.000000,57592.000000,56011.000000,202347.000000,74416.000000,55629.000000
712665.000000,914379.000000,1002586.000000,797185.000000,773436.000000,821272.000000,751356.000000,745453.000000,734629.000000,686661.000000,672283.000000,671802.000000,750372.000000,770617.000000,717708.000000,675160.000000,666877.000000,788228.000000,862519.000000,863390.000000,789297.000000,746044.000000,778626.000000,785365.000000,806199.000000,764991.000000,802505.000000,802932.000000,984585.000000,960376.000000,871969.000000,888312.000000,846493.000000,822547.000000,876470.000000,891183.000000,911098.000000,920744.000000,942942.000000,920648.000000,1045447.000000,1108468.000000,1110339.000000,995999.000000,1064888.000000,1084223.000000,1061708.000000,1129523.000000,1209182.000000,1263473.000000,1306240.000000,1288039.000000,1293544.000000,1382688.000000,1534272.000000,1564638.000000,1968393.000000,1967903.000000,1720906.000000,1690498.000000,1801414.000000,1975987.000000,2314641.000000,2175225.000000,2091142.000000,2151841.000000,2404368.000000,2333358.000000,2196724.000000,2116917.000000,2410273.000000,2367775.000000,2531300.000000,2802884.000000,3153370.000000
98955.000000,1342653.000000,1164473.000000,1240626.000000,1135161.000000,1199381.000000,1030787.000000,997036.000000,957368.000000,972473.000000,1067184.000000,979250.000000,965452.000000,984738.000000,1018340.000000,1018523.000000,996932.000000,999955.000000,995685.000000,1046706.000000,1178220.000000,1096440.000000,1012841.000000,1029141.000000,1016050.000000,1034251.000000,1014003.000000,1057478.000000,1055903.000000,1031814.000000,1095578.000000,1339584.000000,1256837.000000,1137638.000000,1195400.000000,1157259.000000,1162421.000000,1120025.000000,1196111.000000,1132141.000000,1212906.000000,1204493.000000,1257207.000000,1209959.000000,1334703.000000,1387583.000000,1405653.000000,1451962.000000,1540360.000000,1477052.000000,1471757.000000,1737713.000000,1521885.000000,1563739.000000,1672426.000000,1669115.000000,1661343.000000,1639197.000000,1610534.000000,1673199.000000,1726972.000000,1975356.000000,1925198.000000,1925449.000000,1819167.000000,2013975.000000,2148938.000000,2117229.000000,2255203.000000,2326305.000000,2358579.000000,2360585.000000,2241802.000000,2220664.000000,2327226.000000
95.000000,0.000000,0.000000,0.000000,0.000000,0.000000,0.000000,0.000000,0.000000,3809.000000,0.000000,35.000000
5833.000000,1264.000000,3306.000000,1960.000000,1638.000000,1924.000000,5430.000000,2242.000000,2323.000000
5.000000,0.000000,45.000000,49.000000,4.000000,24.000000,50.000000,0.000000,0.000000,0.000000,0.000000
415.000000,27.000000,0.000000,101.000000,1604.000000,33.000000,108.000000,3108.000000,3053.000000,34.000000,2775.000000,24.000000,1637.000000,1590.000000,46.000000,1399.000000,3024.000000,214.000000,2921.000000,195.000000,5545.000000,235.000000,4566.000000,299.000000,6784.000000,332.000000,10754.000000,586.000000,11836.000000,732.000000,628.000000,15506.000000,1000.000000,891.000000,933.000000,20596.000000,1376.000000,1244.000000,1315.000000,25998.000000,22909.000000,33544.000000,30583.000000,29418.000000,32739.000000,36559.000000,36392.000000,38686.000000,69180.000000,44009.000000,531619.000000,78973.000000,32039.000000,40393.000000,9508.000000,8437.000000,8842.000000,8820.000000,8245.000000,10213.000000,18624.000000,158766.000000,14209.000000,13428.000000,23499.000000,11623.000000,15033.000000,141622.000000,14856.000000,14923.000000,22437.000000,15008.000000,285039.000000,83383.000000,16135.000000
17102.000000,13751.000000,13620.000000,13062.000000,13059.000000,10126.000000,15924.000000,13208.000000,14207.000000,10335.000000,9937.000000,20561.000000,13461.000000,13412.000000,10655.000000,13649.000000,22872.000000,15058.000000,15679.000000,11859.000000,15860.000000,20469.000000,17262.000000,35806.000000,21679.000000,26612.000000,16830.000000,21356.000000,22558.000000,18166.000000,17287.000000,189117.000000,66886.000000,78751.000000,76556.000000,58765.000000,35746.000000,30746.000000,40567.000000,47863.000000,58700.000000,44146.000000,45577.000000,46698.000000,47024.000000,53188.000000,57161.000000,72130.000000,76340.000000,68909.000000,61484.000000,84105.000000,83898.000000,409966.000000,401633.000000,101156.000000,107946.000000,93049.000000,119363.000000,261490.000000,126505.000000,121983.000000,124883.000000,375089.000000,1134688.000000,243028.000000,151042.000000,360166.000000,269237.000000,155686.000000,366398.000000,213262.000000,659066.000000,258838.000000,192517.000000
908993.000000,889775.000000,981322.000000,1011432.000000,975636.000000,1043195.000000,1104593.000000,970586.000000,964155.000000,1095995.000000,1047307.000000,1120721.000000,1182030.000000,905451.000000,937613.000000,997725.000000,894314.000000,1051855.000000,971911.000000,1061083.000000,956288.000000,960466.000000,935243.000000,968762.000000,1014179.000000,1020616.000000,1078282.000000,1069286.000000,1109294.000000,1027175.000000,1101068.000000,1122924.000000,1037804.000000,1020002.000000,933348.000000,903057.000000,930161.000000,940187.000000,1003373.000000,863042.000000,850881.000000,901295.000000,1001404.000000,1063851.000000,1086645.000000,1042750.000000,957746.000000,968461.000000,959351.000000,961438.000000,977143.000000,981489.000000,1023073.000000,1047632.000000,1096799.000000,1097009.000000,1130122.000000,1141417.000000,1128548.000000,1119923.000000,1183112.000000,1170686.000000,1252839.000000,1213974.000000,1254484.000000,1257018.000000,1285306.000000,1345540.000000,1352965.000000,1458080.000000,1489968.000000,1499582.000000,1537029.000000,1539122.000000,1548352.000000
58313.000000,811505.000000,722243.000000,777775.000000,766587.000000,739752.000000,749141.000000,765671.000000,752593.000000,712844.000000,682307.000000,701089.000000,692599.000000,677413.000000,853738.000000,848145.000000,782010.000000,854300.000000,744301.000000,785452.000000,778366.000000,725747.000000,740898.000000,721201.000000,706084.000000,759742.000000,800885.000000,804561.000000,886622.000000,720438.000000,735851.000000,752731.000000,737852.000000,774901.000000,723695.000000,735030.000000,763344.000000,827043.000000,827788.000000,774651.000000,923277.000000,758568.000000,787501.000000,830672.000000,794107.000000,799578.000000,852821.000000,944329.000000,881942.000000,800239.000000,852080.000000,876849.000000,852155.000000,1033886.000000,1043106.000000,969796.000000,923047.000000,932304.000000,914274.000000,915769.000000,932900.000000,1183429.000000,1211583.000000,1353341.000000,7599140.000000,1010596.000000,1034930.000000,1029616.000000,1172014.000000,967240.000000,1118104.000000,1145702.000000,1145947.000000,1475023.000000,1311080.000000
102.000000,0.000000,0.000000,0.000000,0.000000,0.000000,0.000000,0.000000,0.000000,4206.000000,0.000000,33.000000
4566.000000,1036.000000,3058.000000,1696.000000,1481.000000,1959.000000,5597.000000,2285.000000,2429.000000
6.000000,0.000000,18.000000,20.000000,0.000000,27.000000,22.000000,0.000000,20.000000,37.000000,10.000000
396.000000,52.000000,1.000000,75.000000,1706.000000,13.000000,85.000000,2923.000000,3006.000000,33.000000,2751.000000,21.000000,1503.000000,1565.000000,49.000000,1338.000000,3088.000000,193.000000,2856.000000,176.000000,5596.000000,230.000000,4417.000000,290.000000,6487.000000,314.000000,10768.000000,558.000000,11938.000000,742.000000,625.000000,15236.000000,973.000000,934.000000,942.000000,20457.000000,1392.000000,1210.000000,1357.000000,25594.000000,23162.000000,33766.000000,30199.000000,28132.000000,32450.000000,77629.000000,35438.000000,37863.000000,40648.000000,43289.000000,72956.000000,328150.000000,23988.000000,28180.000000,9542.000000,8812.000000,51404.000000,9097.000000,7749.000000,10215.000000,8980.000000,112286.000000,42099.000000,13481.000000,27561.000000,11133.000000,11156.000000,102627.000000,14902.000000,14448.000000,14048.000000,16822.000000,214487.000000,19328.000000,17722.000000
25548.000000,13177.000000,17048.000000,17059.000000,14387.000000,14588.000000,14655.000000,18511.000000,17113.000000,15692.000000,13075.000000,20824.000000,19253.000000,22311.000000,14346.000000,14108.000000,24971.000000,21901.000000,17999.000000,20325.000000,22775.000000,16581.000000,25027.000000,31130.000000,21242.000000,34369.000000,29385.000000,36060.000000,29451.000000,23009.000000,24224.000000,44610.000000,33406.000000,72556.000000,187379.000000,89145.000000,89651.000000,93535.000000,32656.000000,38917.000000,35670.000000,31904.000000,31395.000000,36380.000000,32882.000000,41372.000000,42463.000000,46859.000000,45387.000000,40771.000000,51025.000000,41931.000000,49454.000000,50774.000000,56080.000000,51900.000000,75578.000000,147633.000000,58308.000000,60235.000000,66035.000000,59396.000000,63148.000000,234939.000000,76661.000000,73430.000000,80375.000000,505505.000000,80408.000000,85035.000000,86987.000000,436052.000000,93266.000000,91734.000000,138830.000000
823510.000000,871350.000000,829445.000000,748735.000000,777978.000000,775493.000000,796003.000000,772844.000000,752952.000000,752845.000000,749787.000000,774428.000000,873547.000000,812275.000000,945984.000000,774323.000000,775261.000000,854349.000000,798277.000000,807952.000000,811870.000000,801837.000000,822928.000000,758739.000000,813620.000000,778054.000000,807965.000000,845460.000000,865027.000000,881001.000000,849739.000000,884868.000000,847117.000000,822080.000000,816957.000000,921144.000000,1061389.000000,918254.000000,841699.000000,861445.000000,942324.000000,958152.000000,915460.000000,997351.000000,840217.000000,829162.000000,982244.000000,1009639.000000,980271.000000,1012881.000000,966503.000000,977919.000000,966360.000000,989834.000000,1049984.000000,1187415.000000,1026000.000000,1024082.000000,1033355.000000,1041167.000000,1064526.000000,1180919.000000,1270060.000000,1167610.000000,1170334.000000,1170055.000000,1175394.000000,1178956.000000,1294736.000000,1330947.000000,1395942.000000,1357487.000000,1316638.000000,1336971.000000,1365810.000000
53770.000000,737952.000000,812510.000000,889665.000000,809086.000000,828406.000000,843805.000000,732441.000000,743837.000000,762831.000000,836179.000000,828582.000000,916234.000000,965472.000000,745412.000000,743887.000000,785474.000000,988709.000000,776020.000000,772370.000000,747695.000000,742925.000000,740744.000000,725246.000000,745086.000000,766600.000000,793685.000000,806811.000000,788793.000000,812530.000000,1019833.000000,1078545.000000,951787.000000,816674.000000,848783.000000,1026102.000000,953968.000000,908301.000000,941342.000000,1090001.000000,1012876.000000,1127162.000000,1123134.000000,1218331.000000,1181478.000000,1325007.000000,1377387.000000,1327415.000000,1428267.000000,1357531.000000,1379340.000000,1413093.000000,1487264.000000,1470355.000000,1484861.000000,1516411.000000,1589726.000000,1592628.000000,1679617.000000,1667987.000000,1659959.000000,1755575.000000,1761591.000000,1758043.000000,1780996.000000,1830303.000000,2125454.000000,2513771.000000,1992580.000000,2499244.000000,2262853.000000,2173835.000000,2177260.000000,2433292.000000,3196325.000000
76.000000,0.000000,0.000000,0.000000,0.000000,0.000000,0.000000,0.000000,0.000000,4558.000000,0.000000,43.000000
12048.000000,36868.000000,2622.000000,2335.000000,2900.000000,3777.000000,28567.000000,11231.000000,5731.000000
0.000000,0.000000,62.000000,34.000000,133.000000,53.000000,113.000000,252.000000,64.000000,185.000000,15.000000
1033.000000,385.000000,214.000000,356.000000,2238.000000,155.000000,2185.000000,2316.000000,2163.000000,174.000000,2396.000000,169.000000,2645.000000,3849.000000,222.000000,2228.000000,3971.000000,256.000000,7776.000000,831.000000,10783.000000,397.000000,7213.000000,525.000000,7394.000000,672.000000,12641.000000,850.000000,15981.000000,1204.000000,935.000000,27638.000000,1621.000000,1268.000000,2133.000000,31286.000000,2893.000000,2113.000000,3042.000000,34562.000000,30157.000000,52235.000000,43401.000000,39284.000000,45366.000000,48300.000000,46634.000000,52977.000000,90511.000000,57222.000000,274648.000000,221202.000000,40400.000000,36733.000000,11346.000000,12743.000000,11563.000000,10220.000000,12313.000000,11818.000000,198553.000000,78377.000000,17625.000000,16703.000000,31739.000000,15212.000000,229398.000000,50306.000000,30356.000000,19252.000000,18294.000000,224473.000000,24747.000000,25236.000000,23731.000000
29110.000000,24703.000000,25478.000000,20687.000000,20675.000000,18593.000000,28411.000000,24116.000000,30709.000000,24264.000000,31304.000000,51170.000000,26250.000000,34580.000000,44268.000000,37412.000000,62473.000000,36213.000000,37741.000000,48259.000000,66603.000000,54908.000000,53707.000000,59455.000000,46543.000000,57464.000000,70598.000000,102068.000000,149718.000000,175124.000000,168193.000000,157781.000000,168818.000000,113916.000000,102335.000000,93884.000000,112520.000000,97875.000000,115808.000000,132862.000000,149581.000000,129588.000000,142588.000000,96743.000000,134383.000000,135626.000000,142832.000000,131969.000000,152029.000000,120178.000000,124447.000000,131344.000000,128129.000000,164077.000000,158311.000000,394465.000000,1013016.000000,175372.000000,179973.000000,172049.000000,194496.000000,191909.000000,286918.000000,210196.000000,215582.000000,237010.000000,246793.000000,1298056.000000,248699.000000,252989.000000,264573.000000,306534.000000,259605.000000,302681.000000,1433483.000000
1058137.000000,1059127.000000,1294731.000000,1000676.000000,1007089.000000,1044395.000000,1046906.000000,1172560.000000,1126061.000000,1107099.000000,1024900.000000,1073204.000000,1280807.000000,1191420.000000,1300154.000000,1175515.000000,1239016.000000,1176529.000000,1234986.000000,1125742.000000,1312357.000000,1161042.000000,1127582.000000,1304734.000000,1329847.000000,1376445.000000,1308489.000000,1369064.000000,1257130.000000,1258719.000000,1155562.000000,1437017.000000,1154460.000000,1144518.000000,1114408.000000,1175734.000000,1304364.000000,1357881.000000,1238682.000000,1345177.000000,1286269.000000,1255332.000000,1677247.000000,1311879.000000,1450106.000000,1625375.000000,1877091.000000,2281788.000000,1620349.000000,1621413.000000,2028740.000000,1527108.000000,1512434.000000,1636735.000000,2440914.000000,1735863.000000,1691853.000000,1708762.000000,1752139.000000,1707978.000000,1771455.000000,1826242.000000,1841482.000000,1822543.000000,1905531.000000,2063317.000000,2690373.000000,2500618.000000,2575229.000000,2571946.000000,2684331.000000,2410988.000000,2755868.000000,2962591.000000,2731144.000000
104294.000000,1028213.000000,1031183.000000,1151413.000000,1177861.000000,1111804.000000,1144821.000000,1011282.000000,1043014.000000,892511.000000,833325.000000,1123484.000000,848683.000000,873243.000000,768273.000000,861969.000000,842164.000000,790888.000000,815750.000000,760703.000000,761984.000000,810980.000000,764988.000000,707444.000000,690774.000000,669154.000000,691677.000000,725174.000000,752630.000000,768133.000000,818133.000000,741942.000000,737518.000000,746949.000000,1201777.000000,997294.000000,1035701.000000,886013.000000,1147653.000000,1246645.000000,1214171.000000,898275.000000,2329623.000000,1242818.000000,1465915.000000,892216.000000,834465.000000,871842.000000,1015525.000000,1113146.000000,1202164.000000,980526.000000,969895.000000,1275254.000000,1064799.000000,1038921.000000,939253.000000,935899.000000,1193821.000000,1249882.000000,1028295.000000,1032944.000000,1251266.000000,1117533.000000,1280104.000000,1099666.000000,1401294.000000,1459299.000000,1158892.000000,1229654.000000,1224747.000000,1179013.000000,1077762.000000,2101406.000000,1237343.000000
64.000000,0.000000,0.000000,0.000000,0.000000,0.000000,0.000000,0.000000,0.000000,3618.000000,0.000000,32.000000
4244.000000,1227.000000,3190.000000,1866.000000,1527.000000,1897.000000,5386.000000,5589.000000,28208.000000
5.000000,0.000000,0.000000,25.000000,3.000000,14.000000,0.000000,5.000000,2.000000,3.000000,0.000000
441.000000,175.000000,40.000000,114.000000,1720.000000,48.000000,1585.000000,1602.000000,1603.000000,65.000000,1663.000000,57.000000,1572.000000,2490.000000,72.000000,1638.000000,2972.000000,138.000000,4415.000000,221.000000,4363.000000,263.000000,4757.000000,318.000000,5729.000000,380.000000,9861.000000,598.000000,10723.000000,777.000000,673.000000,16798.000000,959.000000,873.000000,947.000000,22776.000000,1370.000000,1235.000000,1402.000000,27988.000000,23284.000000,31395.000000,30862.000000,29696.000000,33110.000000,36232.000000,38013.000000,38273.000000,41086.000000,43949.000000,714633.000000,174350.000000,27061.000000,23932.000000,9436.000000,9876.000000,10270.000000,10263.000000,9784.000000,12619.000000,80026.000000,100528.000000,27871.000000,13365.000000,24526.000000,12528.000000,12735.000000,142913.000000,71536.000000,14665.000000,14812.000000,15797.000000,129892.000000,16294.000000,27069.000000
43078.000000,12170.000000,73970.000000,369051.000000,47959.000000,58851.000000,71861.000000,59164.000000,177959.000000,58932.000000,59499.000000,57877.000000,90910.000000,122807.000000,82763.000000,77314.000000,95264.000000,66394.000000,99983.000000,187736.000000,78117.000000,75328.000000,84218.000000,72121.000000,421938.000000,90867.000000,69709.000000,84211.000000,98374.000000,101649.000000,134611.000000,164077.000000,146311.000000,130401.000000,89504.000000,129841.000000,169588.000000,247958.000000,287977.000000,299785.000000,345814.000000,333688.000000,427422.000000,396538.000000,401925.000000,386286.000000,444717.000000,746486.000000,153690.000000,117056.000000,157306.000000,126456.000000,126811.000000,150039.000000,166669.000000,145962.000000,1145249.000000,171953.000000,197400.000000,168961.000000,199292.000000,213828.000000,347521.000000,222645.000000,226602.000000,230338.000000,263394.000000,1890949.000000,184962.000000,765065.000000,487101.000000,105086.000000,123292.000000,108690.000000,104636.000000
809708.000000,828746.000000,827356.000000,807900.000000,799652.000000,817869.000000,794938.000000,822702.000000,808563.000000,773367.000000,836329.000000,769887.000000,751960.000000,735870.000000,752530.000000,865673.000000,856241.000000,819793.000000,754510.000000,818868.000000,763917.000000,790750.000000,803913.000000,778517.000000,776351.000000,772156.000000,834653.000000,755427.000000,760709.000000,783990.000000,815029.000000,777152.000000,796737.000000,801967.000000,820133.000000,839082.000000,852914.000000,814482.000000,817699.000000,786151.000000,827769.000000,816522.000000,808757.000000,814157.000000,899063.000000,840607.000000,854379.000000,844553.000000,891311.000000,896050.000000,865713.000000,910079.000000,919147.000000,1049705.000000,914632.000000,856019.000000,940582.000000,949807.000000,971871.000000,956513.000000,986787.000000,1043315.000000,1046242.000000,1016993.000000,1163210.000000,1781881.000000,1738929.000000,1233792.000000,1187591.000000,1119988.000000,1315486.000000,1475344.000000,1320448.000000,1451082.000000,1512295.000000
52038.000000,708485.000000,740800.000000,846297.000000,793803.000000,743766.000000,690517.000000,700193.000000,729750.000000,689575.000000,771321.000000,793910.000000,737398.000000,735894.000000,757900.000000,728965.000000,744606.000000,736380.000000,762331.000000,720487.000000,745610.000000,721077.000000,721857.000000,781615.000000,731009.000000,811999.000000,847930.000000,825487.000000,1136545.000000,1117589.000000,984758.000000,774459.000000,779902.000000,881466.000000,1131518.000000,802812.000000,796674.000000,785942.000000,798729.000000,791008.000000,771690.000000,750009.000000,824765.000000,824878.000000,901414.000000,832971.000000,860051.000000,921869.000000,908674.000000,856020.000000,849925.000000,848221.000000,862859.000000,1014259.000000,928888.000000,915385.000000,1311894.000000,891379.000000,939317.000000,938288.000000,941586.000000,935205.000000,952212.000000,1004520.000000,1071928.000000,1011613.000000,994356.000000,1049944.000000,1036926.000000,1011051.000000,1253760.000000,1339086.000000,1190314.000000,1175550.000000,1494718.000000
58.000000,0.000000,0.000000,0.000000,0.000000,0.000000,0.000000,0.000000,0.000000,3523.000000,21.000000,33.000000
6320.000000,1234.000000,3198.000000,1780.000000,1694.000000,1703.000000,5807.000000,2531.000000,2564.000000
4.000000,0.000000,53.000000,38.000000,13.000000,0.000000,59.000000,0.000000,10.000000,20.000000,0.000000
630.000000,179.000000,34.000000,144.000000,1692.000000,40.000000,143.000000,3045.000000,3118.000000,75.000000,2761.000000,64.000000,1647.000000,1642.000000,84.000000,1421.000000,3045.000000,241.000000,2990.000000,234.000000,5793.000000,297.000000,4610.000000,352.000000,6534.000000,374.000000,10701.000000,580.000000,11945.000000,780.000000,678.000000,15294.000000,994.000000,889.000000,913.000000,20252.000000,1357.000000,1273.000000,1331.000000,26376.000000,23037.000000,33466.000000,30453.000000,29445.000000,32156.000000,35962.000000,35682.000000,38458.000000,105815.000000,78444.000000,512546.000000,212452.000000,23654.000000,31741.000000,10732.000000,9332.000000,9674.000000,10593.000000,9837.000000,11640.000000,81878.000000,125949.000000,14397.000000,12393.000000,25655.000000,11738.000000,23312.000000,60980.000000,15099.000000,16351.000000,25710.000000,127242.000000,228359.000000,17662.000000,17455.000000
95632.000000,77502.000000,80927.000000,87310.000000,73665.000000,62414.000000,60883.000000,74508.000000,78525.000000,61248.000000,73206.000000,74901.000000,74718.000000,61863.000000,75717.000000,65194.000000,120199.000000,114466.000000,89312.000000,128638.000000,154779.000000,70164.000000,95494.000000,142394.000000,89349.000000,113969.000000,89624.000000,96954.000000,108250.000000,99554.000000,76580.000000,123156.000000,102314.000000,546406.000000,163011.000000,142998.000000,301200.000000,82264.000000,106191.000000,131730.000000,318196.000000,343696.000000,114621.000000,123986.000000,133620.000000,124516.000000,171052.000000,142257.000000,150227.000000,288842.000000,174834.000000,150360.000000,201332.000000,156488.000000,162299.000000,173533.000000,163214.000000,243745.000000,175198.000000,180727.000000,267020.000000,214895.000000,277192.000000,786414.000000,215810.000000,212839.000000,239525.000000,1237699.000000,261401.000000,248579.000000,371369.000000,2125589.000000,311941.000000,268448.000000,635154.000000
1080865.000000,1174184.000000,1063828.000000,1045939.000000,1056811.000000,1037425.000000,1111166.000000,1089024.000000,1137198.000000,1090312.000000,1156128.000000,1116361.000000,1085075.000000,1060894.000000,1017125.000000,1091934.000000,969406.000000,1025457.000000,1081082.000000,1208966.000000,1228383.000000,972801.000000,1024273.000000,999152.000000,1140395.000000,1144505.000000,1124251.000000,1074060.000000,1025101.000000,1023255.000000,1159980.000000,1182286.000000,1160367.000000,1189622.000000,1383463.000000,1290049.000000,1441643.000000,1354385.000000,1237444.000000,1223398.000000,1233453.000000,1247414.000000,1356142.000000,1375802.000000,1447259.000000,1381465.000000,1461406.000000,1456595.000000,1526118.000000,1611060.000000,1757790.000000,1776378.000000,1875386.000000,1823818.000000,2089766.000000,1607790.000000,1720868.000000,1773061.000000,2038256.000000,1816297.000000,1767329.000000,1787932.000000,1783224.000000,1844348.000000,2218680.000000,1977647.000000,2038244.000000,2183913.000000,2659710.000000,2254720.000000,2147330.000000,1681479.000000,1673846.000000,1708458.000000,1706999.000000
66193.000000,762789.000000,792350.000000,819982.000000,737358.000000,715689.000000,705753.000000,714084.000000,745791.000000,705418.000000,872958.000000,777536.000000,694595.000000,719504.000000,702863.000000,749956.000000,795755.000000,767972.000000,700793.000000,739567.000000,708687.000000,807775.000000,737140.000000,767619.000000,983667.000000,1028927.000000,999792.000000,952597.000000,1251709.000000,1071285.000000,955559.000000,851969.000000,781671.000000,772757.000000,809581.000000,949957.000000,982746.000000,1078211.000000,953271.000000,993656.000000,958462.000000,937368.000000,1064226.000000,893061.000000,886674.000000,1132523.000000,1363518.000000,904875.000000,942899.000000,1050822.000000,1196232.000000,882915.000000,944792.000000,930996.000000,1177460.000000,1219511.000000,992693.000000,1022080.000000,1164158.000000,1103297.000000,1111848.000000,1050843.000000,1278424.000000,1582513.000000,1150451.000000,1192913.000000,1326650.000000,1393367.000000,1048700.000000,1130921.000000,1303200.000000,1482779.000000,1452520.000000,1431786.000000,1501386.000000
70.000000,0.000000,0.000000,0.000000,0.000000,0.000000,0.000000,0.000000,0.000000,3508.000000,11.000000,35.000000
4337.000000,1119.000000,3260.000000,1774.000000,1600.000000,1879.000000,5230.000000,2374.000000,3900.000000
0.000000,0.000000,18.000000,16.000000,4.000000,19.000000,21.000000,33.000000,42.000000,1.000000,58.000000
528.000000,1763.000000,68.000000,129.000000,3202.000000,51.000000,1582.000000,1681.000000,1618.000000,87.000000,2124.000000,58.000000,2567.000000,2965.000000,94.000000,1605.000000,3256.000000,150.000000,5167.000000,254.000000,4289.000000,239.000000,5280.000000,292.000000,5813.000000,427.000000,9315.000000,619.000000,10814.000000,783.000000,640.000000,18669.000000,927.000000,916.000000,1017.000000,20621.000000,1403.000000,1379.000000,1362.000000,27113.000000,23864.000000,34314.000000,29408.000000,29860.000000,32857.000000,34591.000000,35525.000000,39258.000000,39543.000000,44270.000000,600940.000000,207220.000000,24241.000000,27604.000000,8218.000000,9512.000000,8843.000000,8901.000000,8319.000000,10945.000000,80846.000000,99450.000000,13518.000000,10277.000000,22449.000000,11055.000000,13707.000000,193552.000000,24619.000000,14270.000000,13533.000000,14388.000000,129252.000000,17236.000000,16388.000000
21171.000000,12984.000000,9965.000000,13084.000000,9510.000000,9333.000000,9193.000000,9507.000000,14212.000000,13401.000000,13173.000000,17273.000000,13627.000000,14289.000000,13112.000000,12637.000000,20936.000000,16552.000000,22184.000000,22222.000000,25599.000000,18368.000000,11637.000000,26933.000000,66828.000000,123972.000000,101055.000000,135121.000000,115965.000000,83500.000000,73844.000000,118025.000000,171462.000000,254397.000000,211107.000000,231449.000000,103749.000000,94842.000000,173117.000000,202847.000000,133097.000000,117979.000000,110032.000000,138535.000000,118144.000000,109341.000000,127808.000000,113379.000000,150277.000000,177952.000000,140135.000000,150229.000000,162086.000000,130356.000000,173258.000000,164007.000000,194505.000000,936165.000000,171169.000000,177605.000000,176796.000000,201608.000000,195588.000000,710563.000000,313875.000000,287433.000000,254336.000000,1491611.000000,287113.000000,263875.000000,322314.000000,1511029.000000,297416.000000,299401.000000,517299.000000
1143923.000000,1165384.000000,1166391.000000,1225231.000000,6129863.000000,1219045.000000,1228775.000000,1345211.000000,1341768.000000,1261028.000000,1361406.000000,2119608.000000,1222554.000000,1247597.000000,1146432.000000,1150330.000000,1115544.000000,1142584.000000,1144375.000000,1218704.000000,1300390.000000,1171444.000000,1325515.000000,1245823.000000,1254959.000000,1144516.000000,1195029.000000,1138641.000000,1078946.000000,1116618.000000,1321965.000000,1216886.000000,1225764.000000,1232447.000000,1254438.000000,1260853.000000,1201543.000000,1239925.000000,1278313.000000,1261823.000000,1326753.000000,1351821.000000,1433384.000000,1457237.000000,1428613.000000,1395518.000000,1434706.000000,1368225.000000,1400464.000000,1543600.000000,1572667.000000,1600195.000000,1546572.000000,1574917.000000,1663927.000000,2313775.000000,1718489.000000,1664611.000000,1750163.000000,1801139.000000,1844467.000000,1991919.000000,2002084.000000,2127303.000000,2058620.000000,2120918.000000,2115639.000000,2253030.000000,2533132.000000,3014581.000000,2267199.000000,2854425.000000,2730208.000000,2954395.000000,3075481.000000
121860.000000,1000068.000000,991370.000000,951054.000000,936754.000000,926823.000000,905781.000000,847212.000000,831099.000000,804560.000000,818121.000000,766530.000000,783966.000000,761926.000000,773746.000000,732547.000000,715815.000000,697355.000000,689926.000000,739543.000000,737791.000000,748202.000000,767828.000000,740437.000000,919249.000000,789454.000000,763160.000000,871926.000000,1008589.000000,1265845.000000,1116211.000000,1166218.000000,895076.000000,1076635.000000,781979.000000,1094865.000000,975987.000000,1063069.000000,1070064.000000,1067873.000000,873414.000000,846734.000000,826732.000000,811097.000000,1220417.000000,1034592.000000,1178378.000000,901672.000000,877429.000000,890885.000000,885753.000000,881878.000000,974800.000000,1211192.000000,1034198.000000,1293526.000000,1294855.000000,954911.000000,933531.000000,1014465.000000,958075.000000,1044320.000000,1076610.000000,1098835.000000,1063979.000000,1085620.000000,1188287.000000,1130425.000000,1101563.000000,1165952.000000,1299416.000000,1276157.000000,1198426.000000,1175511.000000,1955353.000000
117.000000,0.000000,0.000000,0.000000,0.000000,0.000000,0.000000,0.000000,0.000000,4895.000000,0.000000,34.000000
4272.000000,1299.000000,30648.000000,1821.000000,1668.000000,3279.000000,2075.000000,26806.000000,13412.000000
14.000000,0.000000,41.000000,57.000000,30.000000,0.000000,29.000000,14.000000,71.000000,0.000000,0.000000
380.000000,137.000000,0.000000,73.000000,1581.000000,0.000000,1507.000000,1544.000000,1585.000000,15.000000,2857.000000,6.000000,1489.000000,1542.000000,29.000000,2315.000000,2931.000000,73.000000,2939.000000,140.000000,5427.000000,273.000000,4136.000000,271.000000,6912.000000,380.000000,9713.000000,536.000000,12319.000000,580.000000,626.000000,17690.000000,917.000000,868.000000,985.000000,21285.000000,1368.000000,1253.000000,1398.000000,27567.000000,23350.000000,31597.000000,29224.000000,29152.000000,32105.000000,36073.000000,33848.000000,38595.000000,42897.000000,42470.000000,447460.000000,90189.000000,35844.000000,36420.000000,33204.000000,9318.000000,8296.000000,9907.000000,11700.000000,9908.000000,114311.000000,90749.000000,12591.000000,13929.000000,25517.000000,11631.000000,233038.000000,16089.000000,24787.000000,14963.000000,18029.000000,207531.000000,222486.000000,17523.000000,16898.000000
3323085.000000,71612.000000,77612.000000,68137.000000,104489.000000,46752.000000,44240.000000,44439.000000,77182.000000,65667.000000,65633.000000,77746.000000,65895.000000,65541.000000,80153.000000,68945.000000,131707.000000,105452.000000,90786.000000,78646.000000,118606.000000,102847.000000,56346.000000,87179.000000,54342.000000,87264.000000,68644.000000,76310.000000,91693.000000,89890.000000,84359.000000,87138.000000,100412.000000,96510.000000,75298.000000,78540.000000,90508.000000,83670.000000,84850.000000,116985.000000,104688.000000,109641.000000,127370.000000,380533.000000,126588.000000,116476.000000,131875.000000,124068.000000,147850.000000,219341.000000,133905.000000,131576.000000,583511.000000,146094.000000,167911.000000,149487.000000,157259.000000,141613.000000,453032.000000,179430.000000,195328.000000,187367.000000,527176.000000,214210.000000,267005.000000,234330.000000,915256.000000,226428.000000,320434.000000,1507046.000000,267051.000000,269216.000000,472520.000000,364484.000000,288402.000000
1181470.000000,1223536.000000,1112276.000000,1141019.000000,1173931.000000,1081429.000000,1096264.000000,1159385.000000,1156432.000000,1204647.000000,1031631.000000,1077096.000000,1075294.000000,1062787.000000,1114586.000000,1054981.000000,1143774.000000,1245279.000000,1173861.000000,1146582.000000,1111412.000000,1159292.000000,1162947.000000,1244499.000000,1250720.000000,1289776.000000,1319984.000000,1288938.000000,1378272.000000,1286444.000000,1406985.000000,1434643.000000,1389824.000000,1403572.000000,1266283.000000,1275059.000000,1391405.000000,1381451.000000,1351816.000000,1351052.000000,1407891.000000,1504812.000000,1526640.000000,1540725.000000,1518131.000000,1488231.000000,1491476.000000,1549050.000000,1502849.000000,1474096.000000,1447624.000000,1487635.000000,1501103.000000,6348403.000000,2210786.000000,1869427.000000,2703432.000000,2063487.000000,1907739.000000,2023972.000000,2108011.000000,2252937.000000,2367586.000000,2456742.000000,2019073.000000,2541472.000000,2568324.000000,2730692.000000,2832732.000000,3169438.000000,2716588.000000,2414846.000000,2364641.000000,1814016.000000,1804418.000000
82467.000000,749783.000000,725230.000000,802039.000000,747860.000000,776749.000000,726626.000000,785776.000000,747105.000000,817295.000000,799115.000000,783947.000000,776111.000000,798175.000000,761702.000000,832386.000000,839170.000000,750170.000000,755297.000000,756113.000000,713058.000000,812900.000000,773501.000000,876628.000000,792958.000000,826017.000000,1033550.000000,961810.000000,1114288.000000,1210910.000000,1262568.000000,910393.000000,777725.000000,946204.000000,1085518.000000,1327862.000000,1044707.000000,781717.000000,875150.000000,995749.000000,928012.000000,932413.000000,796398.000000,932206.000000,1647987.000000,957528.000000,932912.000000,1140391.000000,1064549.000000,913521.000000,816566.000000,859375.000000,1134936.000000,1302995.000000,1037102.000000,1065935.000000,1112694.000000,1351779.000000,971941.000000,944535.000000,1048422.000000,1352179.000000,1276514.000000,1015965.000000,1269614.000000,1211972.000000,976556.000000,1018760.000000,1408058.000000,1722391.000000,1289689.000000,1235158.000000,1246010.000000,1126859.000000,1156792.000000
108.000000,0.000000,0.000000,0.000000,0.000000,0.000000,0.000000,0.000000,0.000000,3750.000000,0.000000,35.000000
5152.000000,1140.000000,3477.000000,1630.000000,1862.000000,1997.000000,5361.000000,2549.000000,2436.000000
4.000000,0.000000,11.000000,60.000000,41.000000,3.000000,21.000000,0.000000,0.000000,0.000000,0.000000
391.000000,40.000000,0.000000,74.000000,1520.000000,0.000000,77.000000,3012.000000,3970.000000,19.000000,1596.000000,8.000000,1492.000000,1594.000000,32.000000,1536.000000,2929.000000,176.000000,2821.000000,168.000000,6380.000000,199.000000,4127.000000,265.000000,5775.000000,312.000000,9614.000000,530.000000,11061.000000,707.000000,649.000000,16376.000000,987.000000,915.000000,964.000000,20237.000000,1482.000000,1307.000000,1369.000000,25454.000000,22863.000000,33493.000000,29805.000000,29039.000000,33634.000000,35180.000000,35576.000000,37836.000000,42647.000000,45392.000000,455032.000000,182468.000000,37188.000000,28523.000000,8870.000000,7767.000000,10340.000000,11144.000000,8919.000000,11536.000000,81426.000000,94321.000000,11959.000000,12791.000000,33440.000000,11135.000000,100922.000000,91432.000000,20459.000000,13903.000000,34064.000000,35643.000000,16131.000000,17849.000000,130066.000000
25405.000000,30005.000000,19105.000000,13329.000000,30723.000000,20526.000000,14021.000000,17103.000000,22870.000000,13680.000000,22159.000000,19865.000000,19765.000000,19945.000000,16157.000000,23418.000000,34620.000000,18321.000000,23507.000000,27671.000000,30477.000000,19837.000000,20604.000000,40441.000000,35477.000000,37075.000000,29149.000000,42988.000000,50092.000000,33249.000000,30331.000000,35472.000000,46960.000000,57954.000000,44423.000000,39084.000000,52225.000000,47419.000000,57958.000000,76795.000000,102840.000000,238399.000000,270391.000000,82217.000000,83983.000000,109103.000000,112589.000000,129217.000000,184506.000000,160772.000000,758751.000000,178057.000000,343763.000000,631706.000000,659690.000000,674306.000000,719749.000000,1252621.000000,177367.000000,209705.000000,200813.000000,206056.000000,369668.000000,848876.000000,210467.000000,228503.000000,222932.000000,1210917.000000,167783.000000,176401.000000,223596.000000,362277.000000,207710.000000,216260.000000,216464.000000
1028101.000000,1011562.000000,1064401.000000,1058464.000000,1043618.000000,1083412.000000,1076478.000000,1016384.000000,1280978.000000,1073312.000000,1043778.000000,1088555.000000,1214694.000000,1158877.000000,1036339.000000,1184823.000000,983869.000000,1068178.000000,1125715.000000,1078911.000000,1062047.000000,1117402.000000,1093920.000000,1047179.000000,1176150.000000,1177249.000000,1301474.000000,1314658.000000,1451435.000000,1369441.000000,1339800.000000,1290641.000000,1323496.000000,1326460.000000,1222274.000000,1200076.000000,1241001.000000,1213946.000000,1208234.000000,1261962.000000,1137621.000000,1131110.000000,1118765.000000,1167544.000000,1312349.000000,1201272.000000,1182263.000000,1240046.000000,1122739.000000,1249348.000000,1242278.000000,1278359.000000,1358956.000000,1472848.000000,1324641.000000,1654927.000000,1485759.000000,1445454.000000,1602121.000000,1593835.000000,1566946.000000,1589046.000000,1692739.000000,1400926.000000,1416739.000000,1431919.000000,1336531.000000,1321238.000000,1331842.000000,1402452.000000,1397013.000000,1419499.000000,1357116.000000,1347797.000000,1376506.000000
55765.000000,773530.000000,743521.000000,810455.000000,712401.000000,704388.000000,700418.000000,821674.000000,1132689.000000,1054056.000000,1157078.000000,906204.000000,818535.000000,1015304.000000,895268.000000,850351.000000,764895.000000,737681.000000,676324.000000,668413.000000,661061.000000,716384.000000,762135.000000,708425.000000,748481.000000,1263450.000000,776253.000000,973053.000000,1002729.000000,796896.000000,882959.000000,941929.000000,1030402.000000,799613.000000,786549.000000,853086.000000,1024859.000000,893546.000000,868308.000000,934090.000000,1213120.000000,1132028.000000,952372.000000,806603.000000,936504.000000,1065868.000000,1005240.000000,1098692.000000,945351.000000,1163386.000000,1009418.000000,935534.000000,876583.000000,899507.000000,867806.000000,947511.000000,1051250.000000,1223200.000000,1007951.000000,963367.000000,931450.000000,1027086.000000,1446311.000000,1124209.000000,1452062.000000,1460363.000000,1803304.000000,1308412.000000,1574372.000000,1314462.000000,1297781.000000,1426455.000000,1152038.000000,1260727.000000,1312280.000000
111.000000,0.000000,0.000000,0.000000,0.000000,0.000000,0.000000,0.000000,0.000000,3894.000000,0.000000,32.000000
4773.000000,1157.000000,3369.000000,1832.000000,1662.000000,1751.000000,5362.000000,2248.000000,2458.000000
0.000000,0.000000,37.000000,20.000000,0.000000,10.000000,52.000000,0.000000,0.000000,35.000000,0.000000
394.000000,111.000000,0.000000,64.000000,1624.000000,18.000000,86.000000,2974.000000,2929.000000,28.000000,2641.000000,16.000000,1503.000000,1570.000000,31.000000,1400.000000,3016.000000,185.000000,2853.000000,203.000000,5706.000000,189.000000,4307.000000,282.000000,6459.000000,316.000000,10507.000000,536.000000,11851.000000,729.000000,630.000000,15186.000000,990.000000,870.000000,894.000000,20403.000000,1375.000000,1240.000000,1372.000000,25541.000000,22869.000000,33273.000000,30509.000000,28055.000000,31930.000000,35672.000000,35359.000000,38013.000000,41113.000000,43833.000000,73064.000000,62520.000000,215848.000000,35981.000000,37657.000000,11845.000000,10932.000000,11749.000000,10490.000000,9624.000000,24037.000000,57435.000000,13982.000000,15265.000000,29062.000000,12229.000000,62073.000000,139985.000000,23102.000000,14148.000000,13705.000000,25298.000000,17660.000000,17631.000000,21997.000000
18727.000000,15749.000000,12865.000000,77073.000000,58897.000000,60223.000000,72981.000000,59948.000000,62708.000000,68980.000000,54639.000000,61116.000000,67306.000000,72642.000000,74533.000000,63984.000000,130339.000000,90785.000000,87195.000000,70755.000000,95409.000000,86148.000000,73062.000000,109118.000000,82245.000000,127038.000000,69545.000000,105017.000000,107284.000000,86058.000000,70464.000000,144799.000000,252783.000000,90521.000000,91866.000000,108709.000000,96965.000000,98139.000000,140120.000000,108367.000000,114948.000000,103184.000000,97337.000000,192803.000000,126550.000000,138472.000000,111542.000000,115496.000000,166436.000000,137498.000000,193800.000000,150015.000000,163525.000000,136522.000000,147214.000000,166985.000000,371538.000000,189424.000000,192930.000000,214597.000000,177786.000000,196684.000000,1071804.000000,213190.000000,245627.000000,206151.000000,210337.000000,1125715.000000,246716.000000,228738.000000,247096.000000,254560.000000,287308.000000,233731.000000,1200395.000000
1304882.000000,1187368.000000,1217620.000000,1257265.000000,1226141.000000,1225564.000000,1274296.000000,1175433.000000,1284673.000000,1303303.000000,1219348.000000,1252821.000000,1213303.000000,1236789.000000,1194336.000000,1150142.000000,1138375.000000,1168254.000000,1149323.000000,1269509.000000,1305578.000000,1289141.000000,1284283.000000,1320034.000000,1299283.000000,1302523.000000,1315022.000000,1277748.000000,1264606.000000,1306942.000000,1271021.000000,1283372.000000,1286741.000000,1302217.000000,1338953.000000,1369232.000000,1376198.000000,1399294.000000,1367815.000000,1456617.000000,1402388.000000,1396846.000000,1440758.000000,1451357.000000,1393140.000000,1331285.000000,1256397.000000,1123839.000000,1145738.000000,1201421.000000,1233702.000000,1123905.000000,1241527.000000,1152565.000000,1303061.000000,1195489.000000,1125440.000000,1244510.000000,1209378.000000,1115893.000000,1170015.000000,1198090.000000,1203551.000000,1215772.000000,1155332.000000,1162368.000000,1153433.000000,1136652.000000,1279521.000000,1318535.000000,1355513.000000,1118947.000000,1133725.000000,1226236.000000,1252593.000000
56192.000000,702894.000000,743332.000000,706368.000000,742930.000000,777368.000000,790481.000000,789360.000000,757327.000000,871679.000000,898060.000000,1025138.000000,708488.000000,1034603.000000,1068858.000000,688037.000000,681403.000000,694682.000000,678295.000000,670620.000000,3030019.000000,804934.000000,762569.000000,775770.000000,821401.000000,777672.000000,1032569.000000,750311.000000,788249.000000,724000.000000,799474.000000,776934.000000,723674.000000,712193.000000,787791.000000,756328.000000,724645.000000,730023.000000,778547.000000,861880.000000,835470.000000,750380.000000,743952.000000,822897.000000,965559.000000,854201.000000,823498.000000,874518.000000,862660.000000,792462.000000,933546.000000,907697.000000,943256.000000,959381.000000,1369368.000000,1311815.000000,1185587.000000,1057683.000000,943832.000000,976172.000000,958659.000000,1064835.000000,1487578.000000,1396235.000000,1388212.000000,1132512.000000,1069122.000000,1213114.000000,1585068.000000,2238993.000000,2114695.000000,2145366.000000,2302940.000000,2255698.000000,2273314.000000
115.000000,0.000000,0.000000,0.000000,0.000000,0.000000,0.000000,0.000000,0.000000,3532.000000,0.000000,34.000000
5373.000000,1112.000000,3270.000000,1831.000000,1638.000000,1848.000000,5409.000000,4125.000000,28621.000000
0.000000,0.000000,5.000000,15.000000,25.000000,29.000000,44.000000,12.000000,196.000000,0.000000,0.000000
420.000000,77.000000,0.000000,54.000000,1598.000000,0.000000,1515.000000,2475.000000,1556.000000,1.000000,1693.000000,4.000000,1543.000000,1621.000000,37.000000,1552.000000,3845.000000,112.000000,4609.000000,164.000000,4334.000000,211.000000,4690.000000,264.000000,6576.000000,339.000000,10743.000000,553.000000,9806.000000,731.000000,623.000000,16749.000000,955.000000,850.000000,928.000000,21757.000000,1490.000000,1355.000000,1390.000000,27567.000000,22950.000000,31195.000000,30592.000000,30757.000000,33090.000000,35704.000000,36776.000000,38956.000000,41302.000000,43550.000000,596543.000000,190633.000000,25744.000000,23248.000000,8017.000000,8568.000000,9069.000000,9031.000000,8223.000000,11169.000000,139936.000000,13766.000000,27410.000000,25202.000000,23548.000000,120245.000000,12333.000000,11731.000000,12133.000000,17709.000000,168829.000000,16052.000000,15320.000000,53426.000000,29056.000000
95385.000000,72996.000000,74695.000000,59826.000000,73757.000000,62018.000000,61358.000000,61780.000000,93377.000000,61798.000000,62819.000000,87690.000000,75426.000000,76736.000000,98482.000000,91643.000000,113424.000000,84491.000000,102968.000000,96408.000000,125452.000000,78482.000000,69143.000000,107774.000000,81695.000000,105669.000000,69796.000000,127978.000000,97053.000000,88312.000000,85132.000000,110986.000000,108665.000000,145786.000000,87983.000000,169481.000000,93455.000000,95995.000000,110168.000000,99295.000000,102126.000000,119085.000000,107495.000000,123235.000000,290407.000000,130974.000000,248188.000000,108072.000000,147083.000000,128872.000000,141746.000000,134668.000000,164809.000000,155256.000000,349315.000000,154819.000000,148776.000000,144879.000000,182351.000000,195140.000000,214599.000000,900111.000000,180851.000000,204127.000000,227727.000000,218323.000000,237800.000000,215295.000000,232556.000000,394700.000000,248761.000000,248056.000000,365484.000000,298580.000000,375557.000000
1263688.000000,1152009.000000,1183328.000000,1185216.000000,1188296.000000,1110568.000000,1083290.000000,1158297.000000,1030312.000000,976875.000000,966173.000000,1026161.000000,1046325.000000,1138489.000000,1021189.000000,1030242.000000,1075355.000000,1153472.000000,1131458.000000,1153114.000000,1210598.000000,1206461.000000,1233398.000000,1227588.000000,1341654.000000,1117046.000000,1087591.000000,1089084.000000,1153159.000000,1245476.000000,1267901.000000,1241597.000000,1268022.000000,1306174.000000,1295174.000000,1307450.000000,1336044.000000,1320309.000000,1375781.000000,1400815.000000,1408705.000000,1422670.000000,1395452.000000,1399532.000000,1393573.000000,1522964.000000,2259879.000000,1508951.000000,1665668.000000,1500784.000000,1461338.000000,1529105.000000,1575396.000000,1771124.000000,1911606.000000,1870281.000000,1843719.000000,1683928.000000,1801634.000000,1774325.000000,1886645.000000,2471551.000000,1880269.000000,2217366.000000,1953804.000000,1820694.000000,1718882.000000,1595785.000000,1601608.000000,1529659.000000,1405924.000000,1502811.000000,1485002.000000,1524601.000000,1432213.000000
59718.000000,707874.000000,709129.000000,692885.000000,698207.000000,678807.000000,672345.000000,667104.000000,695672.000000,660030.000000,762410.000000,857087.000000,893963.000000,782419.000000,825206.000000,813847.000000,804340.000000,768104.000000,783962.000000,867845.000000,1158236.000000,969511.000000,768784.000000,806109.000000,756042.000000,800586.000000,768239.000000,774427.000000,1054609.000000,1371711.000000,937033.000000,882898.000000,772929.000000,955476.000000,806238.000000,1000536.000000,777171.000000,989929.000000,1283185.000000,953769.000000,844025.000000,1152795.000000,1029305.000000,896352.000000,799918.000000,850864.000000,988439.000000,1139182.000000,954397.000000,842705.000000,1305376.000000,1030150.000000,960539.000000,831570.000000,1043334.000000,1175070.000000,1048444.000000,952360.000000,1075639.000000,1078117.000000,1243618.000000,898578.000000,909708.000000,1099193.000000,1434438.000000,1184692.000000,1075143.000000,1644220.000000,1328830.000000,1120173.000000,1078485.000000,1109412.000000,1266501.000000,1408324.000000,2691095.000000
108.000000,0.000000,0.000000,0.000000,0.000000,0.000000,0.000000,0.000000,0.000000,3894.000000,0.000000,35.000000
5860.000000,1285.000000,3217.000000,1789.000000,1571.000000,1729.000000,6053.000000,2693.000000,2346.000000
7.000000,0.000000,30.000000,25.000000,35.000000,34.000000,63.000000,0.000000,0.000000,0.000000,2.000000
387.000000,83.000000,0.000000,72.000000,1643.000000,7.000000,88.000000,2917.000000,2984.000000,51.000000,2671.000000,16.000000,1558.000000,1689.000000,34.000000,1439.000000,3030.000000,204.000000,2885.000000,170.000000,5493.000000,243.000000,4412.000000,287.000000,6432.000000,322.000000,10617.000000,545.000000,11761.000000,753.000000,656.000000,15986.000000,1001.000000,850.000000,954.000000,20753.000000,1364.000000,1295.000000,1413.000000,26680.000000,22723.000000,34029.000000,30091.000000,29162.000000,33182.000000,37323.000000,35580.000000,37999.000000,68194.000000,43220.000000,492063.000000,188392.000000,32714.000000,40751.000000,11076.000000,9196.000000,9698.000000,9858.000000,9036.000000,11204.000000,20801.000000,108061.000000,13773.000000,12044.000000,23421.000000,11116.000000,111662.000000,147150.000000,22116.000000,13523.000000,13934.000000,24977.000000,51567.000000,15894.000000,16084.000000
120217.000000,71726.000000,58446.000000,70322.000000,47718.000000,45177.000000,70461.000000,59091.000000,83984.000000,71260.000000,61366.000000,79995.000000,87961.000000,104662.000000,86323.000000,133394.000000,156134.000000,87077.000000,148535.000000,108375.000000,123714.000000,71673.000000,72370.000000,201016.000000,73396.000000,98500.000000,80358.000000,141650.000000,146293.000000,142486.000000,135388.000000,178241.000000,170875.000000,113229.000000,101183.000000,102966.000000,118666.000000,109193.000000,114129.000000,129575.000000,105358.000000,159855.000000,137178.000000,127951.000000,130681.000000,324633.000000,677586.000000,367178.000000,184865.000000,122208.000000,133559.000000,137807.000000,166160.000000,396757.000000,181874.000000,183291.000000,165520.000000,157749.000000,372286.000000,177215.000000,163032.000000,203506.000000,191624.000000,967537.000000,301198.000000,216015.000000,235758.000000,252298.000000,1093572.000000,300108.000000,240281.000000,575914.000000,355479.000000,271319.000000,1469122.000000
1141214.000000,1034296.000000,1149034.000000,1127955.000000,1124022.000000,1070017.000000,1090160.000000,1108629.000000,1110986.000000,1052477.000000,1081370.000000,1116021.000000,1198918.000000,1201000.000000,1179300.000000,1178703.000000,1102631.000000,1176939.000000,1113032.000000,1022712.000000,1053239.000000,1036169.000000,1047489.000000,1086774.000000,1090109.000000,1186403.000000,1233490.000000,1225547.000000,1193629.000000,1110186.000000,1182612.000000,1193547.000000,1132541.000000,1194656.000000,1261690.000000,1236785.000000,1304371.000000,1320696.000000,1302483.000000,1298697.000000,1321782.000000,1411365.000000,1604792.000000,1611570.000000,1590847.000000,1494153.000000,1483694.000000,1607892.000000,1650188.000000,1705745.000000,1541735.000000,1702788.000000,1654103.000000,1618225.000000,1856438.000000,1867978.000000,1493735.000000,1568309.000000,1494343.000000,1277482.000000,1423236.000000,1457168.000000,1242608.000000,1992094.000000,1409165.000000,1153213.000000,1385980.000000,1309878.000000,7270318.000000,1207431.000000,1908826.000000,1141860.000000,1173022.000000,1194422.000000,1204762.000000
63074.000000,764412.000000,924171.000000,1000160.000000,1068854.000000,788591.000000,809140.000000,831074.000000,739286.000000,652640.000000,683105.000000,775930.000000,811416.000000,673471.000000,668988.000000,747835.000000,733222.000000,759754.000000,717693.000000,731341.000000,717106.000000,902918.000000,983577.000000,807852.000000,892637.000000,787716.000000,760995.000000,761242.000000,719233.000000,722635.000000,755282.000000,725226.000000,1146166.000000,1106681.000000,964288.000000,1085595.000000,987000.000000,1035386.000000,857205.000000,950652.000000,838243.000000,816419.000000,811586.000000,853471.000000,1137880.000000,911579.000000,1046511.000000,869320.000000,885644.000000,881990.000000,985578.000000,1008701.000000,1085552.000000,1156890.000000,1116855.000000,1180218.000000,1382679.000000,1317407.000000,1406875.000000,1346221.000000,1264400.000000,1412576.000000,1387361.000000,1462316.000000,1280614.000000,1424415.000000,1407790.000000,1496752.000000,1643011.000000,1625669.000000,1489266.000000,1535873.000000,1726007.000000,1662605.000000,1682750.000000
65.000000,0.000000,0.000000,0.000000,0.000000,0.000000,0.000000,0.000000,0.000000,3592.000000,17.000000,33.000000
4755.000000,1141.000000,3296.000000,1988.000000,1519.000000,1908.000000,5411.000000,4578.000000,27388.000000
0.000000,0.000000,15.000000,20.000000,19.000000,0.000000,12.000000,12.000000,33.000000,23.000000,0.000000
285.000000,157.000000,45.000000,135.000000,1616.000000,60.000000,1608.000000,1709.000000,1674.000000,83.000000,1648.000000,65.000000,2618.000000,1648.000000,71.000000,1787.000000,2950.000000,156.000000,4578.000000,223.000000,4231.000000,233.000000,5629.000000,320.000000,5652.000000,431.000000,9912.000000,609.000000,10553.000000,798.000000,654.000000,16892.000000,1013.000000,925.000000,992.000000,22011.000000,1379.000000,1293.000000,1381.000000,27765.000000,23138.000000,31903.000000,29363.000000,30253.000000,70778.000000,35039.000000,36436.000000,38924.000000,41981.000000,44423.000000,559732.000000,222215.000000,25789.000000,21461.000000,8910.000000,9521.000000,10073.000000,10573.000000,9503.000000,12403.000000,79302.000000,126094.000000,13695.000000,11678.000000,23913.000000,12011.000000,12868.000000,218643.000000,23201.000000,13257.000000,13324.000000,15746.000000,123015.000000,25481.000000,15794.000000
115438.000000,60151.000000,71074.000000,73525.000000,72353.000000,70177.000000,62831.000000,65754.000000,78312.000000,71541.000000,60064.000000,78384.000000,84302.000000,73566.000000,81217.000000,103366.000000,107815.000000,81218.000000,99259.000000,62781.000000,122188.000000,76995.000000,84324.000000,94237.000000,77756.000000,170149.000000,66703.000000,165218.000000,125333.000000,86475.000000,84606.000000,103740.000000,147705.000000,103394.000000,146389.000000,138124.000000,90969.000000,94450.000000,126981.000000,99527.000000,99741.000000,117478.000000,108703.000000,132186.000000,128629.000000,437536.000000,425955.000000,115980.000000,142803.000000,126765.000000,144237.000000,135481.000000,136202.000000,171136.000000,153991.000000,158220.000000,151068.000000,168831.000000,182130.000000,168386.000000,336588.000000,182662.000000,301034.000000,990717.000000,351948.000000,229892.000000,304708.000000,277060.000000,2083558.000000,247788.000000,253575.000000,668473.000000,304635.000000,257244.000000,1561658.000000
1198785.000000,1181596.000000,1126782.000000,1179295.000000,1141202.000000,1063310.000000,1073877.000000,1123862.000000,1119341.000000,1155077.000000,1148526.000000,1121194.000000,1038186.000000,1045362.000000,1058340.000000,1096720.000000,1131604.000000,1145863.000000,1109631.000000,1099798.000000,1094286.000000,1132971.000000,1138868.000000,1185427.000000,1126456.000000,1158607.000000,1149240.000000,1060089.000000,1086502.000000,1070146.000000,1247005.000000,1260598.000000,1285809.000000,1499890.000000,1348587.000000,1268275.000000,1285067.000000,1276874.000000,1332205.000000,1496593.000000,1453923.000000,1503170.000000,1154581.000000,1202185.000000,1213189.000000,1222759.000000,1136210.000000,1182381.000000,1168260.000000,1209125.000000,1238305.000000,1143776.000000,1160517.000000,1150167.000000,1177482.000000,1181125.000000,1119819.000000,1131680.000000,1156191.000000,1138241.000000,1117754.000000,1155352.000000,1192284.000000,1075380.000000,1043760.000000,1103809.000000,1092498.000000,1159530.000000,1175077.000000,1252819.000000,1346466.000000,1399520.000000,1164960.000000,2060406.000000,1382319.000000
60695.000000,887400.000000,1088246.000000,945945.000000,858983.000000,701851.000000,727942.000000,697355.000000,695195.000000,877093.000000,836660.000000,842902.000000,848802.000000,840464.000000,855489.000000,903956.000000,865696.000000,767745.000000,794990.000000,849431.000000,840392.000000,1170180.000000,775594.000000,786653.000000,790645.000000,904051.000000,927776.000000,810442.000000,816278.000000,995198.000000,1049879.000000,751330.000000,820283.000000,802557.000000,813049.000000,988519.000000,885409.000000,1084937.000000,807203.000000,965394.000000,1698109.000000,928957.000000,832389.000000,860721.000000,993272.000000,970725.000000,1041438.000000,895432.000000,1012099.000000,955370.000000,916765.000000,960374.000000,900023.000000,1006440.000000,941752.000000,1035024.000000,855286.000000,950385.000000,6471264.000000,1044537.000000,1818315.000000,1353143.000000,1199357.000000,1032772.000000,1117268.000000,1142195.000000,1365719.000000,1241463.000000,1369390.000000,1339270.000000,1272721.000000,1459057.000000,1393606.000000,1531392.000000,1502256.000000
96.000000,0.000000,0.000000,0.000000,0.000000,0.000000,0.000000,0.000000,0.000000,3548.000000,0.000000,32.000000
5049.000000,1292.000000,3265.000000,1840.000000,1701.000000,1775.000000,5378.000000,2513.000000,2209.000000
0.000000,0.000000,35.000000,45.000000,35.000000,28.000000,27.000000,0.000000,0.000000,0.000000,0.000000
395.000000,102.000000,13.000000,91.000000,1616.000000,33.000000,98.000000,2969.000000,3061.000000,37.000000,2711.000000,32.000000,1559.000000,1627.000000,67.000000,1379.000000,2972.000000,199.000000,3094.000000,170.000000,5678.000000,193.000000,4314.000000,277.000000,6504.000000,326.000000,10532.000000,565.000000,12230.000000,683.000000,635.000000,15291.000000,980.000000,871.000000,919.000000,20567.000000,1373.000000,1323.000000,1423.000000,25601.000000,22844.000000,33333.000000,30688.000000,29123.000000,32117.000000,35741.000000,36351.000000,38943.000000,68084.000000,43515.000000,373819.000000,169913.000000,24740.000000,28899.000000,12196.000000,9195.000000,9613.000000,10833.000000,9166.000000,10993.000000,10134.000000,99094.000000,13078.000000,12780.000000,25120.000000,10840.000000,101230.000000,166055.000000,13098.000000,12871.000000,61401.000000,60624.000000,14880.000000,15617.000000,18179.000000
16775.000000,35459.000000,21670.000000,15691.000000,12511.000000,11528.000000,11416.000000,18675.000000,13963.000000,12402.000000,13027.000000,19943.000000,13277.000000,15622.000000,13429.000000,13089.000000,18956.000000,14386.000000,31282.000000,13328.000000,15489.000000,18068.000000,18610.000000,27287.000000,16158.000000,27649.000000,15293.000000,29975.000000,30845.000000,23507.000000,18187.000000,35506.000000,36696.000000,21102.000000,21267.000000,21812.000000,30381.000000,28133.000000,28315.000000,24802.000000,33447.000000,27282.000000,28000.000000,29488.000000,28890.000000,32493.000000,46526.000000,123093.000000,92939.000000,35272.000000,38899.000000,37863.000000,75267.000000,54590.000000,49945.000000,71655.000000,45777.000000,48073.000000,54241.000000,50164.000000,49352.000000,61477.000000,52937.000000,53412.000000,62907.000000,58764.000000,265641.000000,61229.000000,62743.000000,67265.000000,360857.000000,67487.000000,73304.000000,274220.000000,94795.000000
717496.000000,819506.000000,770431.000000,790249.000000,769597.000000,820320.000000,744508.000000,776340.000000,774918.000000,794175.000000,770234.000000,719976.000000,725163.000000,738703.000000,766065.000000,810775.000000,865285.000000,851061.000000,789329.000000,737726.000000,803475.000000,853987.000000,854754.000000,745771.000000,771636.000000,831016.000000,778502.000000,859605.000000,833978.000000,872574.000000,844980.000000,886031.000000,818678.000000,836500.000000,835169.000000,840306.000000,910913.000000,918072.000000,900835.000000,878526.000000,865988.000000,879533.000000,953734.000000,1061574.000000,1015343.000000,1011149.000000,1082125.000000,1255938.000000,1070248.000000,1278086.000000,1386572.000000,1399198.000000,1404520.000000,1518731.000000,1562344.000000,1467822.000000,1322213.000000,1380043.000000,1420840.000000,1531461.000000,1601067.000000,1612660.000000,1567466.000000,1519759.000000,1499561.000000,1850081.000000,1756273.000000,1698503.000000,2295391.000000,2629861.000000,2701580.000000,2841573.000000,2866581.000000,2980879.000000,3261312.000000
100116.000000,1090035.000000,1109756.000000,1084523.000000,1111276.000000,1202838.000000,1142267.000000,1116521.000000,1054151.000000,920668.000000,1073266.000000,1024361.000000,1102592.000000,1028095.000000,1016055.000000,1061606.000000,947852.000000,1039566.000000,1048545.000000,1028517.000000,901306.000000,928016.000000,903071.000000,838968.000000,906773.000000,788266.000000,816836.000000,831102.000000,951611.000000,804620.000000,817604.000000,797453.000000,793449.000000,797734.000000,776081.000000,798252.000000,897425.000000,804030.000000,835865.000000,772366.000000,795009.000000,793674.000000,938139.000000,1133146.000000,913542.000000,904414.000000,1132619.000000,1019804.000000,999030.000000,973261.000000,877749.000000,901589.000000,915029.000000,893777.000000,889881.000000,882331.000000,960229.000000,889836.000000,1077375.000000,1418798.000000,1030471.000000,1216989.000000,1059926.000000,1028260.000000,1163079.000000,1031203.000000,1126082.000000,1398073.000000,1144452.000000,1070929.000000,1019049.000000,1015041.000000,1031083.000000,1056373.000000,1051941.000000
61.000000,0.000000,0.000000,0.000000,0.000000,0.000000,0.000000,0.000000,0.000000,3583.000000,0.000000,34.000000
4557.000000,1225.000000,3248.000000,1596.000000,1733.000000,1957.000000,5237.000000,5645.000000,28468.000000
0.000000,0.000000,32.000000,23.000000,1.000000,10.000000,5.000000,47.000000,28.000000,39.000000,0.000000
517.000000,138.000000,51.000000,128.000000,1656.000000,60.000000,1611.000000,1563.000000,1566.000000,77.000000,1652.000000,75.000000,1615.000000,1608.000000,84.000000,1600.000000,2952.000000,184.000000,5287.000000,230.000000,4552.000000,236.000000,5510.000000,348.000000,5579.000000,412.000000,11723.000000,605.000000,10833.000000,824.000000,680.000000,16476.000000,959.000000,912.000000,995.000000,21968.000000,1443.000000,1303.000000,1386.000000,28291.000000,23292.000000,33172.000000,29575.000000,29380.000000,33287.000000,34462.000000,36784.000000,37166.000000,41222.000000,43061.000000,531167.000000,52915.000000,33133.000000,40347.000000,8377.000000,9418.000000,9968.000000,8801.000000,10378.000000,9953.000000,42751.000000,75418.000000,19226.000000,12991.000000,22849.000000,11262.000000,14948.000000,191945.000000,15795.000000,14426.000000,14091.000000,39607.000000,88626.000000,17290.000000,31586.000000
21377.000000,15980.000000,29377.000000,60203.000000,49503.000000,74483.000000,49644.000000,48033.000000,67457.000000,74707.000000,60978.000000,80378.000000,95142.000000,75084.000000,82648.000000,96481.000000,112401.000000,83794.000000,104175.000000,96144.000000,112998.000000,78424.000000,66686.000000,87520.000000,81101.000000,121786.000000,87358.000000,119854.000000,106059.000000,84208.000000,84907.000000,152796.000000,113249.000000,96935.000000,86300.000000,171657.000000,156171.000000,92319.000000,131944.000000,102355.000000,103796.000000,116997.000000,109277.000000,130963.000000,115420.000000,132189.000000,143434.000000,146152.000000,158156.000000,549366.000000,159579.000000,121814.000000,156018.000000,132342.000000,139902.000000,138364.000000,177009.000000,942616.000000,179458.000000,167311.000000,183768.000000,197298.000000,205965.000000,281778.000000,306087.000000,229792.000000,321270.000000,1083803.000000,280471.000000,296180.000000,588137.000000,279284.000000,278772.000000,329375.000000,310409.000000
1097552.000000,1354774.000000,1026627.000000,1234990.000000,1252364.000000,1259617.000000,1236457.000000,1226159.000000,1243649.000000,1201872.000000,1215062.000000,1219179.000000,1070134.000000,1022780.000000,1082904.000000,1190855.000000,1261868.000000,1108485.000000,1086291.000000,1222984.000000,1207304.000000,1186164.000000,1248976.000000,1205871.000000,1242152.000000,1222367.000000,1210394.000000,1281367.000000,1203249.000000,1254058.000000,1167036.000000,1207666.000000,1168877.000000,1260371.000000,1364705.000000,1340199.000000,1319483.000000,1387034.000000,1358923.000000,1364148.000000,1461538.000000,1392002.000000,1454701.000000,1453921.000000,1437131.000000,1499100.000000,1448376.000000,1500972.000000,1540949.000000,1473468.000000,1530547.000000,1716206.000000,2020949.000000,1791367.000000,1836294.000000,1847953.000000,1878932.000000,1995859.000000,2004638.000000,2015250.000000,2071991.000000,2142191.000000,2025805.000000,1956745.000000,2008645.000000,2044018.000000,2082912.000000,2228475.000000,2470084.000000,2281780.000000,2434215.000000,2638888.000000,2961799.000000,2851728.000000,2986713.000000
84769.000000,980335.000000,888796.000000,833567.000000,835156.000000,858640.000000,826715.000000,885649.000000,825708.000000,775450.000000,781269.000000,807152.000000,759463.000000,712721.000000,776466.000000,745975.000000,749233.000000,748056.000000,744118.000000,710078.000000,713924.000000,709053.000000,702863.000000,692667.000000,726851.000000,708482.000000,747845.000000,758043.000000,775977.000000,733751.000000,720109.000000,758250.000000,804087.000000,742860.000000,939270.000000,1276370.000000,1117115.000000,891497.000000,854663.000000,846016.000000,1084252.000000,898686.000000,941245.000000,994080.000000,975899.000000,1103664.000000,1694433.000000,1149548.000000,1135909.000000,947292.000000,819551.000000,1172675.000000,1324877.000000,944284.000000,908757.000000,1248475.000000,1061300.000000,882272.000000,971348.000000,1014409.000000,1530369.000000,1562612.000000,1154490.000000,2279462.000000,2125807.000000,2350709.000000,2085157.000000,2254135.000000,2255073.000000,2547210.000000,3092499.000000,2601559.000000,2236501.000000,2420987.000000,2460417.000000
102.000000,0.000000,0.000000,0.000000,0.000000,0.000000,0.000000,0.000000,0.000000,3543.000000,0.000000,38.000000
4555.000000,1249.000000,3157.000000,1780.000000,1687.000000,1879.000000,5738.000000,2270.000000,2345.000000
6.000000,0.000000,51.000000,43.000000,32.000000,0.000000,30.000000,0.000000,8.000000,0.000000,0.000000
317.000000,50.000000,0.000000,95.000000,1636.000000,27.000000,98.000000,2972.000000,2919.000000,27.000000,2612.000000,27.000000,1508.000000,1667.000000,39.000000,1376.000000,3080.000000,185.000000,2995.000000,169.000000,5929.000000,228.000000,4855.000000,286.000000,6477.000000,349.000000,10855.000000,531.000000,11956.000000,743.000000,658.000000,15173.000000,1042.000000,19727.000000,942.000000,20658.000000,1342.000000,1261.000000,1437.000000,25344.000000,23198.000000,33327.000000,30212.000000,29501.000000,32450.000000,35188.000000,35778.000000,37657.000000,80726.000000,43148.000000,577418.000000,249207.000000,24152.000000,29266.000000,10442.000000,10166.000000,9802.000000,10429.000000,9300.000000,11417.000000,203209.000000,15672.000000,14850.000000,13478.000000,59804.000000,148158.000000,13099.000000,13551.000000,13077.000000,13371.000000,125957.000000,16091.000000,17024.000000,16645.000000,88715.000000
19376.000000,12770.000000,13657.000000,10868.000000,63859.000000,52611.000000,11288.000000,15397.000000,14622.000000,27298.000000,12197.000000,14847.000000,12351.000000,12668.000000,17088.000000,12263.000000,25353.000000,14821.000000,14213.000000,17425.000000,18929.000000,15101.000000,16062.000000,23857.000000,20190.000000,25544.000000,17688.000000,25220.000000,26899.000000,24944.000000,20043.000000,31437.000000,26166.000000,28918.000000,33598.000000,29318.000000,29621.000000,47505.000000,35957.000000,32444.000000,40680.000000,43470.000000,47488.000000,152945.000000,131501.000000,67623.000000,62619.000000,142073.000000,85982.000000,73222.000000,75723.000000,91580.000000,123332.000000,573428.000000,141322.000000,169467.000000,142367.000000,135692.000000,155190.000000,182246.000000,860818.000000,192180.000000,182106.000000,192003.000000,203532.000000,1442774.000000,232923.000000,352236.000000,654678.000000,728087.000000,262875.000000,281595.000000,2468693.000000,336787.000000,437327.000000
1127146.000000,1114251.000000,1192697.000000,1162798.000000,1241429.000000,1172266.000000,1165803.000000,1129943.000000,1167427.000000,1192857.000000,1184740.000000,1232440.000000,1231182.000000,1166543.000000,1266760.000000,1248512.000000,1261351.000000,1278854.000000,1281046.000000,1285222.000000,1234528.000000,1248864.000000,1190491.000000,1318990.000000,1311674.000000,1296520.000000,1241198.000000,1241365.000000,1324310.000000,1126942.000000,1131078.000000,1131618.000000,1076439.000000,1099479.000000,1241599.000000,1341532.000000,1327865.000000,1201048.000000,1258390.000000,1244826.000000,1184547.000000,1212191.000000,1721916.000000,1221364.000000,1073286.000000,1167901.000000,1061643.000000,1064377.000000,1028417.000000,1020976.000000,1037186.000000,1048422.000000,1067228.000000,1011772.000000,999661.000000,1065285.000000,1019134.000000,1074081.000000,1061084.000000,1051291.000000,1050807.000000,1092743.000000,1075475.000000,1061155.000000,1042636.000000,1132722.000000,1115405.000000,1112824.000000,1141814.000000,1177219.000000,1196565.000000,1340792.000000,1757919.000000,1988834.000000,2628596.000000
131418.000000,905359.000000,745059.000000,728437.000000,720747.000000,767094.000000,692526.000000,669351.000000,666974.000000,666734.000000,795136.000000,687538.000000,686655.000000,781239.000000,927468.000000,742692.000000,1048933.000000,932847.000000,750827.000000,774349.000000,823242.000000,1079104.000000,777582.000000,998852.000000,709281.000000,756356.000000,839556.000000,837403.000000,871882.000000,954508.000000,938016.000000,804009.000000,874834.000000,874793.000000,1020845.000000,936561.000000,785927.000000,741988.000000,843417.000000,850794.000000,874456.000000,1064132.000000,1131877.000000,877176.000000,1007164.000000,1010358.000000,914043.000000,1085194.000000,1223014.000000,1156744.000000,1009737.000000,919899.000000,963820.000000,1200530.000000,1752136.000000,1043644.000000,964588.000000,1051659.000000,902741.000000,1280769.000000,1674105.000000,1220728.000000,1740159.000000,1123644.000000,1096729.000000,1079292.000000,1416619.000000,1032916.000000,1034843.000000,1045069.000000,1050526.000000,1119301.000000,1094376.000000,1240176.000000,1156173.000000
102.000000,0.000000,0.000000,0.000000,0.000000,0.000000,0.000000,0.000000,0.000000,3825.000000,0.000000,35.000000
4508.000000,1114.000000,3327.000000,1882.000000,1494.000000,1709.000000,5240.000000,2461.000000,2722.000000
12.000000,0.000000,21.000000,29.000000,6.000000,35.000000,12.000000,0.000000,10.000000,7.000000,0.000000
329.000000,78.000000,3.000000,73.000000,1605.000000,24.000000,90.000000,3228.000000,2980.000000,33.000000,2555.000000,23.000000,1551.000000,1586.000000,48.000000,1394.000000,2998.000000,173.000000,3134.000000,166.000000,5708.000000,206.000000,4353.000000,317.000000,6675.000000,302.000000,10673.000000,529.000000,11805.000000,718.000000,639.000000,15166.000000,1001.000000,888.000000,956.000000,20606.000000,1364.000000,1257.000000,1367.000000,25582.000000,23459.000000,33353.000000,30526.000000,30030.000000,32116.000000,35977.000000,36167.000000,38740.000000,69194.000000,44245.000000,613184.000000,219808.000000,24079.000000,28777.000000,9685.000000,9120.000000,11796.000000,8974.000000,8027.000000,9578.000000,156305.000000,49639.000000,13587.000000,12984.000000,24937.000000,11813.000000,134908.000000,13359.000000,12293.000000,21195.000000,13213.000000,273482.000000,101605.000000,16547.000000,15909.000000
80618.000000,99702.000000,77245.000000,82688.000000,112782.000000,77615.000000,62724.000000,83189.000000,85151.000000,59912.000000,66656.000000,80443.000000,66944.000000,68486.000000,80705.000000,92739.000000,120376.000000,89067.000000,73390.000000,91185.000000,119514.000000,74592.000000,84449.000000,128143.000000,77389.000000,300891.000000,140335.000000,175071.000000,119847.000000,91078.000000,95001.000000,109834.000000,141205.000000,98643.000000,99892.000000,126531.000000,120397.000000,97429.000000,122256.000000,115006.000000,116744.000000,121738.000000,114091.000000,335346.000000,405590.000000,303813.000000,119638.000000,136436.000000,138449.000000,127169.000000,134086.000000,143531.000000,145389.000000,631165.000000,160726.000000,164396.000000,157953.000000,159902.000000,188561.000000,193843.000000,221957.000000,195518.000000,168689.000000,966940.000000,1362275.000000,238678.000000,226463.000000,243139.000000,832004.000000,247930.000000,245855.000000,544923.000000,479105.000000,298345.000000,635415.000000
1060587.000000,1024512.000000,1087062.000000,1077554.000000,1164243.000000,1103530.000000,1128398.000000,1107129.000000,1113999.000000,1110998.000000,1074716.000000,1187788.000000,1262901.000000,1200442.000000,1211938.000000,1216850.000000,1103359.000000,1294407.000000,1096033.000000,1046537.000000,1114238.000000,1030607.000000,1103277.000000,1156131.000000,1163321.000000,1134085.000000,1108614.000000,1189429.000000,1164950.000000,1204503.000000,1216368.000000,1231196.000000,1179989.000000,1224339.000000,1343327.000000,1275145.000000,1335757.000000,1263299.000000,1204463.000000,1267890.000000,1404284.000000,1456645.000000,1520338.000000,1719501.000000,1716970.000000,1663027.000000,1616379.000000,1590387.000000,1709701.000000,1817399.000000,1806238.000000,1837186.000000,1929488.000000,1953280.000000,2311703.000000,1846695.000000,1926802.000000,1904140.000000,2117890.000000,2062576.000000,2143019.000000,1919406.000000,1933465.000000,2038642.000000,2090480.000000,2572454.000000,2378064.000000,2438087.000000,2049889.000000,2129810.000000,1576130.000000,1876819.000000,1697024.000000,1677917.000000,1529503.000000
61384.000000,765702.000000,755668.000000,754865.000000,723606.000000,756155.000000,811429.000000,760990.000000,721082.000000,755124.000000,757299.000000,760755.000000,752685.000000,755107.000000,712655.000000,897832.000000,898011.000000,767237.000000,728789.000000,792345.000000,752349.000000,785960.000000,728101.000000,723236.000000,671968.000000,702571.000000,786962.000000,844020.000000,783352.000000,797201.000000,770552.000000,752930.000000,730091.000000,722278.000000,770172.000000,843375.000000,745421.000000,1433914.000000,952969.000000,835332.000000,873026.000000,879397.000000,992629.000000,1055586.000000,1150478.000000,854705.000000,831694.000000,976351.000000,1090664.000000,934142.000000,892851.000000,1067256.000000,1313175.000000,1058450.000000,909840.000000,927168.000000,1159621.000000,1371896.000000,988585.000000,1076552.000000,1305558.000000,1185067.000000,978520.000000,953102.000000,978385.000000,1131527.000000,2099675.000000,1052351.000000,1034510.000000,1080140.000000,1344695.000000,1393071.000000,2111650.000000,1683274.000000,1143094.000000
96.000000,0.000000,0.000000,0.000000,0.000000,0.000000,0.000000,0.000000,0.000000,3600.000000,0.000000,34.000000
4461.000000,1157.000000,3956.000000,2194.000000,1553.000000,1765.000000,5310.000000,4177.000000,28262.000000
0.000000,0.000000,38.000000,32.000000,20.000000,23.000000,12.000000,15.000000,0.000000,4.000000,0.000000
526.000000,104.000000,8.000000,105.000000,2562.000000,15.000000,1502.000000,1807.000000,1567.000000,31.000000,1805.000000,17.000000,1541.000000,1626.000000,38.000000,1625.000000,2884.000000,132.000000,4167.000000,183.000000,5206.000000,193.000000,4697.000000,279.000000,5629.000000,384.000000,10354.000000,573.000000,10029.000000,762.000000,616.000000,16572.000000,979.000000,872.000000,899.000000,21710.000000,1392.000000,1259.000000,1332.000000,26776.000000,23100.000000,31323.000000,30080.000000,30043.000000,32953.000000,36073.000000,36194.000000,37770.000000,40799.000000,42987.000000,580776.000000,188178.000000,25929.000000,22252.000000,8034.000000,8605.000000,8377.000000,9138.000000,8141.000000,10799.000000,78582.000000,117574.000000,13645.000000,11303.000000,24305.000000,11816.000000,13444.000000,105886.000000,12684.000000,12778.000000,13205.000000,193685.000000,18476.000000,31756.000000,16762.000000
20950.000000,34997.000000,33448.000000,16024.000000,12794.000000,12832.000000,15331.000000,11016.000000,16742.000000,13022.000000,12949.000000,20335.000000,13182.000000,16061.000000,15083.000000,15849.000000,23119.000000,15879.000000,19070.000000,13748.000000,21019.000000,16704.000000,12349.000000,18636.000000,14681.000000,19854.000000,17596.000000,20643.000000,23928.000000,16006.000000,14316.000000,25006.000000,25967.000000,18568.000000,17141.000000,132686.000000,81741.000000,88325.000000,110912.000000,103306.000000,144323.000000,119572.000000,355205.000000,373326.000000,110636.000000,244921.000000,100447.000000,132742.000000,119462.000000,126154.000000,131410.000000,119032.000000,148335.000000,138557.000000,152924.000000,179552.000000,150653.000000,811485.000000,167806.000000,163304.000000,199169.000000,161875.000000,643626.000000,322538.000000,509583.000000,216673.000000,545474.000000,315696.000000,243453.000000,1627879.000000,407732.000000,274713.000000,1265700.000000,463570.000000,349690.000000
1150815.000000,1217672.000000,1102605.000000,1092834.000000,1118683.000000,1140606.000000,1151915.000000,1130154.000000,1115861.000000,1085865.000000,1061310.000000,1079249.000000,1077842.000000,1100892.000000,1218647.000000,1153278.000000,1125452.000000,1178535.000000,1330870.000000,1278342.000000,1219248.000000,1225396.000000,1168347.000000,1154475.000000,1190448.000000,1086470.000000,1161726.000000,1115207.000000,1106543.000000,1031328.000000,1186303.000000,1241264.000000,1211811.000000,1218961.000000,1225642.000000,1271412.000000,1243921.000000,1278250.000000,1288645.000000,1445196.000000,1416342.000000,1547004.000000,1496745.000000,1630437.000000,1464126.000000,1604637.000000,1556429.000000,1672063.000000,1466242.000000,1723738.000000,1786320.000000,1900627.000000,1839048.000000,1829337.000000,2110677.000000,1747734.000000,1908057.000000,1432345.000000,1425767.000000,1599074.000000,1364858.000000,2940431.000000,1446935.000000,1411443.000000,1391885.000000,1519435.000000,1332619.000000,1381310.000000,1850263.000000,1919489.000000,1495876.000000,1608460.000000,1455534.000000,1346580.000000,1374819.000000
55157.000000,713637.000000,687578.000000,742136.000000,696232.000000,665246.000000,652072.000000,648092.000000,749711.000000,991145.000000,1070420.000000,782956.000000,718405.000000,714142.000000,731456.000000,706245.000000,736280.000000,771864.000000,846912.000000,973896.000000,869937.000000,887988.000000,854439.000000,913347.000000,776830.000000,783228.000000,990249.000000,965833.000000,1118316.000000,852700.000000,850166.000000,783531.000000,848359.000000,912314.000000,937613.000000,1095107.000000,754954.000000,769990.000000,1077413.000000,1005274.000000,945288.000000,982062.000000,1097525.000000,859281.000000,856984.000000,850710.000000,1038624.000000,946638.000000,902786.000000,867071.000000,841840.000000,970444.000000,896172.000000,996161.000000,914831.000000,863315.000000,944176.000000,1093243.000000,1072256.000000,1039959.000000,1074699.000000,1005247.000000,967475.000000,1012738.000000,1083597.000000,1030516.000000,1045549.000000,1070598.000000,1150144.000000,1229960.000000,1190553.000000,1139713.000000,1200610.000000,1061864.000000,1269827.000000
443.000000,0.000000,0.000000,0.000000,0.000000,0.000000,0.000000,0.000000,0.000000,3698.000000,0.000000,36.000000
4888.000000,890.000000,3540.000000,1666.000000,1475.000000,1840.000000,5585.000000,2358.000000,2340.000000
15.000000,0.000000,66.000000,59.000000,32.000000,5.000000,51.000000,0.000000,22.000000,0.000000,2.000000
92.000000,0.000000,0.000000,0.000000,1512.000000,0.000000,0.000000,2935.000000,2920.000000,0.000000,2595.000000,0.000000,1479.000000,1499.000000,0.000000,1271.000000,3271.000000,0.000000,3138.000000,0.000000,5981.000000,0.000000,4574.000000,0.000000,7137.000000,24.000000,11501.000000,315.000000,13112.000000,482.000000,373.000000,17630.000000,767.000000,678.000000,770.000000,23008.000000,1201.000000,1140.000000,1206.000000,28827.000000,25746.000000,37333.000000,34386.000000,33039.000000,36296.000000,40243.000000,40660.000000,43473.000000,77197.000000,49237.000000,447601.000000,214198.000000,35369.000000,44483.000000,11880.000000,9287.000000,8956.000000,9878.000000,8786.000000,11498.000000,178753.000000,55691.000000,13418.000000,13773.000000,28357.000000,11966.000000,162190.000000,17321.000000,29525.000000,15029.000000,16669.000000,65175.000000,19914.000000,17153.000000,18210.000000
43678.000000,74160.000000,75879.000000,60893.000000,64906.000000,84096.000000,66936.000000,65690.000000,84450.000000,67637.000000,66890.000000,94088.000000,88556.000000,67680.000000,84966.000000,68651.000000,116275.000000,128992.000000,64275.000000,65099.000000,86823.000000,78945.000000,67191.000000,118841.000000,81999.000000,100363.000000,56120.000000,101479.000000,103236.000000,81176.000000,89906.000000,163195.000000,248768.000000,255386.000000,256997.000000,94758.000000,113853.000000,113648.000000,133780.000000,152104.000000,121076.000000,127140.000000,152920.000000,116656.000000,133682.000000,124771.000000,126574.000000,140126.000000,137671.000000,759719.000000,139236.000000,201035.000000,231697.000000,175336.000000,164038.000000,182133.000000,174989.000000,975361.000000,195171.000000,160853.000000,195649.000000,190454.000000,403121.000000,215498.000000,225289.000000,229835.000000,228251.000000,797996.000000,256877.000000,243910.000000,254463.000000,276888.000000,244916.000000,284050.000000,276223.000000
1053227.000000,1069477.000000,1064931.000000,1022434.000000,1013950.000000,1032086.000000,1105252.000000,1265468.000000,1229797.000000,1234957.000000,1183642.000000,1165741.000000,1200578.000000,1166042.000000,1177091.000000,1128891.000000,1088485.000000,1092864.000000,1116991.000000,1111988.000000,1106292.000000,1052029.000000,1106990.000000,1159898.000000,1306264.000000,1320615.000000,1270685.000000,1242800.000000,1283681.000000,1255775.000000,1267236.000000,1288572.000000,1253632.000000,1259449.000000,1302778.000000,1310562.000000,1325736.000000,1346713.000000,1363733.000000,1422201.000000,1459770.000000,1382452.000000,1436272.000000,1528049.000000,1597995.000000,2072704.000000,1592679.000000,1445892.000000,1758287.000000,1640807.000000,1623106.000000,1714550.000000,1779705.000000,1650417.000000,1850154.000000,1768039.000000,1797979.000000,1668917.000000,1737751.000000,1721231.000000,1761627.000000,2155234.000000,1898039.000000,2289055.000000,2377807.000000,1801225.000000,2258059.000000,1783437.000000,1646256.000000,1809869.000000,1590200.000000,1603683.000000,1598350.000000,1517967.000000,1551479.000000
61736.000000,785029.000000,759797.000000,775705.000000,775426.000000,708775.000000,760563.000000,792370.000000,768425.000000,776291.000000,779658.000000,774279.000000,793960.000000,829704.000000,785719.000000,819142.000000,1057390.000000,893339.000000,891846.000000,832265.000000,918084.000000,824475.000000,817421.000000,944268.000000,1004943.000000,708382.000000,813124.000000,844251.000000,959929.000000,993975.000000,1033395.000000,766272.000000,1011887.000000,998944.000000,944144.000000,905765.000000,862649.000000,825536.000000,1042107.000000,937619.000000,890985.000000,818100.000000,787141.000000,877070.000000,823989.000000,845687.000000,891717.000000,918137.000000,1026031.000000,1181766.000000,1042836.000000,892615.000000,861638.000000,1320844.000000,902453.000000,939122.000000,938862.000000,1002055.000000,1058158.000000,1024979.000000,1017413.000000,1082734.000000,1494260.000000,1047798.000000,1935935.000000,1181299.000000,1193688.000000,1121559.000000,1102242.000000,1150322.000000,1174615.000000,1158471.000000,1118708.000000,1130040.000000,1228026.000000
127.000000,0.000000,0.000000,0.000000,0.000000,0.000000,0.000000,0.000000,0.000000,4050.000000,0.000000,40.000000
5129.000000,1183.000000,3469.000000,2026.000000,1718.000000,2191.000000,5828.000000,2592.000000,2625.000000
18.000000,0.000000,65.000000,47.000000,27.000000,21.000000,36.000000,0.000000,0.000000,34.000000,16.000000
460.000000,65.000000,0.000000,84.000000,1824.000000,28.000000,88.000000,3621.000000,3286.000000,59.000000,2951.000000,18.000000,1749.000000,1776.000000,43.000000,1573.000000,3367.000000,193.000000,3302.000000,182.000000,6398.000000,253.000000,4945.000000,314.000000,7341.000000,338.000000,11949.000000,641.000000,13383.000000,806.000000,748.000000,17439.000000,1095.000000,940.000000,1069.000000,23011.000000,1548.000000,1426.000000,1506.000000,29293.000000,25558.000000,37804.000000,35684.000000,33729.000000,36261.000000,40247.000000,40769.000000,44326.000000,77387.000000,49305.000000,420861.000000,200913.000000,27790.000000,32762.000000,12269.000000,9796.000000,10196.000000,10805.000000,10727.000000,13790.000000,11253.000000,118749.000000,13703.000000,13195.000000,27782.000000,13877.000000,15494.000000,97703.000000,15375.000000,17036.000000,16475.000000,17456.000000,151622.000000,40264.000000,20443.000000
24520.000000,18205.000000,15062.000000,15299.000000,18086.000000,15294.000000,15113.000000,12895.000000,18162.000000,16033.000000,12089.000000,20759.000000,20004.000000,18170.000000,28376.000000,27523.000000,40830.000000,23981.000000,34053.000000,27993.000000,46910.000000,19486.000000,19587.000000,38707.000000,19173.000000,27942.000000,20623.000000,31841.000000,43396.000000,26144.000000,23307.000000,33668.000000,35355.000000,37418.000000,59814.000000,104637.000000,107620.000000,134234.000000,86256.000000,65579.000000,87874.000000,73116.000000,74451.000000,60671.000000,104846.000000,94609.000000,96971.000000,129269.000000,117298.000000,102898.000000,121807.000000,99057.000000,119410.000000,164253.000000,147462.000000,177211.000000,143103.000000,210051.000000,209121.000000,163712.000000,169424.000000,238142.000000,229203.000000,726424.000000,242048.000000,244647.000000,256283.000000,1500924.000000,258651.000000,229985.000000,341571.000000,961467.000000,306475.000000,310473.000000,1660608.000000
1131061.000000,1270818.000000,1117262.000000,1063680.000000,1084157.000000,1100919.000000,1149211.000000,1210951.000000,1264507.000000,1281055.000000,1163115.000000,1192227.000000,1188778.000000,1141978.000000,1099798.000000,1188598.000000,1120463.000000,1157473.000000,1189263.000000,1189658.000000,1152805.000000,1184894.000000,1441852.000000,1179228.000000,1231792.000000,1170994.000000,1181284.000000,1181307.000000,1181022.000000,1256017.000000,1244111.000000,1265150.000000,1263883.000000,1276226.000000,1305013.000000,1315088.000000,1319261.000000,1362577.000000,1345477.000000,1443779.000000,1375096.000000,1414031.000000,1369705.000000,1385044.000000,1452870.000000,1751049.000000,1411311.000000,1613604.000000,1519675.000000,1481924.000000,1669007.000000,1670836.000000,1811679.000000,1763211.000000,1855846.000000,2113522.000000,1841419.000000,1677619.000000,1872460.000000,1743719.000000,1746293.000000,1868141.000000,1967317.000000,1737371.000000,1610965.000000,1547155.000000,1549368.000000,1562448.000000,1490604.000000,1415358.000000,1589653.000000,1446977.000000,1373474.000000,1301191.000000,1363726.000000
55477.000000,769811.000000,721826.000000,755596.000000,723532.000000,725842.000000,714309.000000,720914.000000,723973.000000,716393.000000,762617.000000,742313.000000,775727.000000,783526.000000,797837.000000,779885.000000,991340.000000,1037449.000000,830005.000000,791442.000000,867531.000000,977350.000000,923519.000000,812557.000000,1010841.000000,1239494.000000,955686.000000,809634.000000,863534.000000,921248.000000,881362.000000,748271.000000,802298.000000,820193.000000,851738.000000,1060164.000000,929802.000000,801556.000000,988146.000000,1268056.000000,1127549.000000,959908.000000,836217.000000,1062662.000000,1227839.000000,879236.000000,823624.000000,1051731.000000,858647.000000,903569.000000,870340.000000,963572.000000,832956.000000,918026.000000,1125209.000000,962422.000000,928699.000000,953849.000000,1041626.000000,965841.000000,911107.000000,922773.000000,1041964.000000,1114502.000000,1054550.000000,1263255.000000,1107983.000000,1092305.000000,1055452.000000,1108598.000000,1105393.000000,1169650.000000,1342293.000000,1384154.000000,1344418.000000
62.000000,0.000000,0.000000,0.000000,0.000000,0.000000,0.000000,0.000000,0.000000,3595.000000,0.000000,32.000000
4491.000000,1285.000000,3250.000000,1645.000000,1690.000000,1994.000000,5351.000000,4060.000000,28920.000000
0.000000,0.000000,24.000000,36.000000,28.000000,2.000000,10.000000,37.000000,12.000000,0.000000,0.000000
448.000000,145.000000,33.000000,88.000000,1660.000000,46.000000,1605.000000,1667.000000,1637.000000,86.000000,1695.000000,73.000000,1656.000000,1634.000000,99.000000,1609.000000,3126.000000,153.000000,5238.000000,262.000000,5415.000000,277.000000,5519.000000,357.000000,5922.000000,426.000000,10879.000000,572.000000,10962.000000,790.000000,684.000000,16436.000000,996.000000,934.000000,993.000000,22221.000000,1441.000000,1293.000000,1405.000000,26494.000000,24103.000000,31995.000000,29372.000000,30282.000000,31814.000000,35173.000000,37752.000000,38258.000000,42561.000000,44636.000000,228601.000000,253441.000000,31477.000000,42076.000000,8623.000000,8704.000000,10193.000000,7752.000000,10068.000000,9078.000000,153452.000000,15893.000000,13825.000000,13385.000000,24709.000000,158476.000000,16793.000000,11928.000000,12056.000000,12966.000000,246199.000000,15991.000000,20159.000000,17076.000000,111912.000000
95459.000000,72722.000000,72697.000000,73165.000000,97674.000000,58001.000000,47872.000000,47658.000000,96708.000000,60839.000000,59535.000000,92249.000000,71765.000000,73010.000000,92335.000000,103836.000000,124465.000000,536173.000000,94704.000000,111552.000000,116106.000000,96097.000000,151482.000000,126304.000000,71600.000000,155378.000000,71254.000000,147020.000000,94872.000000,92543.000000,79549.000000,116613.000000,112950.000000,103785.000000,99124.000000,131000.000000,144491.000000,103339.000000,181910.000000,120275.000000,120414.000000,107593.000000,111134.000000,186483.000000,358190.000000,215889.000000,451780.000000,126346.000000,125669.000000,154349.000000,141614.000000,162854.000000,144785.000000,151004.000000,173905.000000,1076153.000000,158449.000000,178856.000000,166475.000000,184924.000000,202711.000000,785678.000000,226652.000000,223873.000000,208094.000000,333419.000000,230850.000000,236980.000000,240318.000000,546950.000000,252367.000000,260816.000000,274666.000000,1325342.000000,264632.000000
1244010.000000,1129683.000000,1154617.000000,1189376.000000,1147811.000000,1173492.000000,1114118.000000,1165763.000000,1153400.000000,1131763.000000,1231921.000000,1162925.000000,1156894.000000,1211299.000000,1177993.000000,1133328.000000,1126208.000000,1135898.000000,1101145.000000,1144414.000000,1265254.000000,1991974.000000,1180615.000000,1152607.000000,1136732.000000,1159175.000000,1197751.000000,1143628.000000,1125758.000000,1176574.000000,1210879.000000,1201134.000000,1306666.000000,1343152.000000,1332691.000000,1386128.000000,1407349.000000,1398204.000000,1436797.000000,1422570.000000,1429515.000000,1489138.000000,1538589.000000,1572327.000000,1565005.000000,2080693.000000,1511575.000000,1481078.000000,1538672.000000,1513778.000000,1647805.000000,1741673.000000,1646058.000000,1679987.000000,1703292.000000,1702926.000000,1799266.000000,2065348.000000,2152313.000000,2268864.000000,2111769.000000,2216077.000000,2203667.000000,2238025.000000,2289359.000000,2310610.000000,2803932.000000,2406596.000000,2509311.000000,2591496.000000,2389762.000000,2152429.000000,2102089.000000,1962175.000000,1721168.000000
69552.000000,794292.000000,743993.000000,829941.000000,719027.000000,753157.000000,753056.000000,881126.000000,885659.000000,733629.000000,751807.000000,751980.000000,763409.000000,706049.000000,696591.000000,709205.000000,758044.000000,864716.000000,775873.000000,761550.000000,709507.000000,806668.000000,874956.000000,1039205.000000,1013071.000000,784242.000000,874809.000000,1051818.000000,784372.000000,724042.000000,751512.000000,766531.000000,1014826.000000,1122801.000000,988697.000000,843511.000000,828524.000000,849501.000000,1156455.000000,750292.000000,741295.000000,783417.000000,1179269.000000,1295965.000000,904334.000000,930262.000000,1040152.000000,1015969.000000,832939.000000,854946.000000,910795.000000,952526.000000,1022036.000000,1107702.000000,1079271.000000,1149543.000000,1055097.000000,989866.000000,913065.000000,1049768.000000,1587778.000000,1143074.000000,1029587.000000,1318351.000000,1316076.000000,1037967.000000,982129.000000,1069366.000000,1644347.000000,1265742.000000,1283833.000000,1465612.000000,1470688.000000,1094794.000000,1101668.000000
124.000000,0.000000,0.000000,0.000000,0.000000,0.000000,0.000000,0.000000,0.000000,4082.000000,0.000000,38.000000
5168.000000,1161.000000,3516.000000,1834.000000,1857.000000,1990.000000,5992.000000,2864.000000,2877.000000
18.000000,0.000000,13.000000,41.000000,12.000000,29.000000,34.000000,0.000000,0.000000,5.000000,0.000000
507.000000,154.000000,0.000000,83.000000,1849.000000,15.000000,101.000000,3457.000000,3338.000000,21.000000,3088.000000,15.000000,1784.000000,1826.000000,52.000000,1628.000000,3343.000000,204.000000,3650.000000,166.000000,6285.000000,217.000000,4835.000000,335.000000,7533.000000,352.000000,11995.000000,665.000000,13744.000000,844.000000,731.000000,17662.000000,1135.000000,970.000000,1037.000000,23947.000000,1605.000000,1416.000000,1586.000000,29331.000000,26022.000000,37770.000000,34579.000000,33159.000000,36569.000000,40391.000000,41504.000000,44381.000000,85799.000000,50782.000000,604218.000000,200817.000000,26041.000000,34153.000000,10681.000000,9941.000000,9265.000000,10192.000000,14449.000000,12337.000000,9971.000000,124824.000000,15780.000000,14744.000000,28335.000000,13775.000000,83331.000000,18050.000000,16088.000000,17618.000000,47239.000000,245690.000000,19955.000000,19221.000000,19853.000000
92033.000000,70756.000000,77834.000000,59639.000000,44684.000000,59095.000000,71430.000000,61938.000000,62503.000000,71937.000000,61352.000000,81237.000000,100339.000000,74292.000000,80357.000000,105354.000000,124215.000000,90658.000000,103868.000000,98047.000000,83928.000000,97419.000000,90203.000000,113621.000000,109235.000000,119831.000000,68793.000000,114847.000000,77362.000000,64233.000000,74108.000000,124691.000000,114981.000000,100259.000000,89913.000000,97562.000000,106622.000000,96871.000000,156850.000000,99573.000000,86309.000000,119166.000000,149163.000000,139109.000000,105490.000000,110298.000000,351000.000000,446738.000000,195090.000000,133579.000000,140780.000000,126279.000000,145744.000000,157087.000000,173626.000000,171022.000000,227071.000000,168978.000000,184733.000000,175804.000000,192764.000000,190665.000000,197204.000000,256288.000000,220830.000000,233106.000000,1146700.000000,219997.000000,232118.000000,243838.000000,343143.000000,277435.000000,256636.000000,292630.000000,1523267.000000
1025926.000000,996078.000000,1010182.000000,1244760.000000,975589.000000,1004362.000000,1031260.000000,1015335.000000,1060733.000000,1180490.000000,1223056.000000,1069490.000000,1021277.000000,1034558.000000,979423.000000,975294.000000,981570.000000,1011125.000000,1059486.000000,1006455.000000,1098956.000000,1162579.000000,1079768.000000,1069420.000000,1033668.000000,1083643.000000,1244392.000000,1200799.000000,1165765.000000,1122789.000000,1096902.000000,1103319.000000,1385254.000000,1405031.000000,1446951.000000,1184209.000000,1178040.000000,1257489.000000,1219606.000000,1300498.000000,1316746.000000,1317172.000000,1390473.000000,1310965.000000,1437191.000000,1469651.000000,1457198.000000,1501927.000000,1486677.000000,1479801.000000,1583799.000000,1528228.000000,1612456.000000,1613494.000000,1361334.000000,1424988.000000,1917421.000000,1295108.000000,1318869.000000,1274608.000000,1232729.000000,1256768.000000,1214597.000000,1175506.000000,1180793.000000,1153052.000000,1440184.000000,1253913.000000,1202186.000000,1184232.000000,1211690.000000,1332134.000000,1319818.000000,1364367.000000,1386559.000000
56849.000000,711471.000000,720380.000000,784785.000000,679027.000000,742931.000000,1013940.000000,1096657.000000,1338263.000000,969714.000000,789095.000000,796213.000000,782320.000000,940596.000000,693073.000000,672830.000000,670782.000000,678394.000000,681485.000000,805523.000000,821672.000000,695439.000000,702659.000000,747755.000000,751676.000000,746050.000000,859740.000000,988924.000000,777513.000000,749895.000000,840829.000000,733182.000000,742909.000000,759258.000000,1073749.000000,1153453.000000,817890.000000,829345.000000,835490.000000,714353.000000,760296.000000,767927.000000,769027.000000,840667.000000,1076184.000000,1094384.000000,855945.000000,836296.000000,885377.000000,892427.000000,883288.000000,927669.000000,855534.000000,872490.000000,983600.000000,1023765.000000,1096130.000000,991322.000000,1021650.000000,1939805.000000,1977664.000000,2027433.000000,2172528.000000,1954302.000000,1820984.000000,2078816.000000,2054400.000000,2095725.000000,1927653.000000,1916585.000000,2041847.000000,2020633.000000,2071689.000000,2253334.000000,2299844.000000
109.000000,0.000000,0.000000,0.000000,0.000000,0.000000,0.000000,0.000000,0.000000,3659.000000,0.000000,32.000000
4898.000000,1277.000000,3591.000000,1817.000000,1573.000000,1794.000000,5333.000000,2203.000000,2498.000000
0.000000,0.000000,54.000000,17.000000,34.000000,33.000000,51.000000,0.000000,8.000000,20.000000,0.000000
387.000000,49.000000,0.000000,66.000000,1600.000000,56.000000,83.000000,2914.000000,3027.000000,29.000000,2789.000000,12.000000,1547.000000,1602.000000,34.000000,1673.000000,3212.000000,147.000000,2894.000000,166.000000,5794.000000,213.000000,4401.000000,279.000000,6726.000000,305.000000,10588.000000,546.000000,12030.000000,734.000000,618.000000,15585.000000,1001.000000,856.000000,921.000000,20854.000000,1429.000000,1277.000000,1343.000000,26004.000000,22813.000000,33787.000000,30626.000000,29389.000000,32965.000000,36812.000000,35727.000000,38081.000000,69251.000000,43719.000000,542953.000000,52455.000000,180519.000000,34754.000000,37827.000000,10570.000000,10980.000000,11714.000000,10534.000000,10380.000000,135420.000000,30054.000000,13933.000000,13732.000000,27185.000000,12100.000000,59363.000000,15482.000000,14899.000000,14641.000000,16391.000000,260881.000000,16666.000000,16302.000000,20956.000000
19626.000000,98640.000000,73384.000000,61827.000000,72152.000000,59443.000000,59631.000000,46799.000000,58692.000000,42271.000000,42505.000000,63239.000000,72228.000000,60049.000000,62141.000000,59251.000000,95860.000000,63733.000000,104066.000000,87707.000000,93451.000000,70454.000000,49892.000000,80500.000000,86628.000000,101927.000000,67488.000000,125241.000000,155857.000000,179993.000000,169500.000000,501015.000000,139088.000000,95261.000000,114301.000000,102948.000000,102292.000000,118950.000000,316223.000000,242650.000000,116948.000000,127700.000000,199239.000000,102279.000000,113949.000000,105981.000000,118329.000000,112665.000000,191203.000000,124113.000000,129739.000000,147710.000000,144600.000000,140125.000000,135469.000000,168273.000000,950361.000000,184003.000000,175670.000000,189765.000000,182436.000000,202617.000000,1191182.000000,223214.000000,230274.000000,242516.000000,251359.000000,1035977.000000,250871.000000,298133.000000,430511.000000,278440.000000,303389.000000,355774.000000,382973.000000
1317081.000000,1222058.000000,1269872.000000,1275222.000000,2254354.000000,1375046.000000,1284499.000000,1206224.000000,1197593.000000,1142861.000000,1085722.000000,1152443.000000,1120676.000000,1181514.000000,1245981.000000,1220590.000000,1192069.000000,1282631.000000,1326498.000000,1320314.000000,1255673.000000,1215129.000000,1080256.000000,1201039.000000,991199.000000,976710.000000,1008339.000000,1084198.000000,1086574.000000,967889.000000,1004591.000000,1137013.000000,1077026.000000,1093626.000000,1089913.000000,1127388.000000,1094928.000000,1005204.000000,1026004.000000,1038154.000000,1069825.000000,946976.000000,1008645.000000,972089.000000,1037116.000000,1100573.000000,973731.000000,984109.000000,1116359.000000,1031519.000000,924530.000000,920750.000000,985538.000000,974831.000000,1011965.000000,1023301.000000,990830.000000,1020291.000000,1028741.000000,964515.000000,994096.000000,1008670.000000,1021438.000000,1017428.000000,1071290.000000,1057707.000000,1140811.000000,1137428.000000,1151801.000000,1879328.000000,1217955.000000,1176322.000000,1169148.000000,1189887.000000,1203264.000000
52813.000000,774139.000000,747090.000000,716240.000000,858437.000000,836526.000000,1082454.000000,957258.000000,1012334.000000,800221.000000,688187.000000,720767.000000,701833.000000,763528.000000,890417.000000,991797.000000,739140.000000,717758.000000,790187.000000,829614.000000,940127.000000,824975.000000,699625.000000,913490.000000,958446.000000,872687.000000,939933.000000,859629.000000,1187593.000000,836464.000000,916603.000000,760835.000000,990299.000000,1070283.000000,1189926.000000,873506.000000,846372.000000,966167.000000,848928.000000,1137852.000000,960175.000000,948072.000000,1124788.000000,1147132.000000,867890.000000,1204959.000000,1109195.000000,1018846.000000,1012603.000000,941297.000000,895867.000000,950007.000000,962808.000000,898636.000000,912721.000000,1001593.000000,946632.000000,1007314.000000,1133254.000000,1388572.000000,1100652.000000,1145222.000000,1429623.000000,1398663.000000,1321470.000000,1193502.000000,995966.000000,1122626.000000,1186315.000000,1214092.000000,1342342.000000,1274660.000000,1118400.000000,1223209.000000,1247417.000000
98.000000,0.000000,0.000000,0.000000,0.000000,0.000000,0.000000,0.000000,0.000000,3581.000000,0.000000,34.000000
4522.000000,1372.000000,3596.000000,1996.000000,1723.000000,1847.000000,8601.000000,28371.000000,2927.000000
0.000000,0.000000,7.000000,6.000000,18.000000,9.000000,42.000000,6.000000,22.000000,0.000000,0.000000
372.000000,111.000000,14.000000,88.000000,2617.000000,14.000000,1597.000000,1625.000000,1569.000000,47.000000,1619.000000,31.000000,1532.000000,1565.000000,51.000000,1566.000000,2941.000000,148.000000,4350.000000,197.000000,5168.000000,225.000000,4680.000000,294.000000,5611.000000,364.000000,9815.000000,575.000000,9890.000000,758.000000,648.000000,16493.000000,961.000000,881.000000,940.000000,21466.000000,1373.000000,1353.000000,1383.000000,26918.000000,22732.000000,31428.000000,29842.000000,30573.000000,32645.000000,36243.000000,36636.000000,39285.000000,42157.000000,43642.000000,393818.000000,246076.000000,32523.000000,41497.000000,9351.000000,9330.000000,9736.000000,8488.000000,11482.000000,10579.000000,167340.000000,15448.000000,22514.000000,14392.000000,24929.000000,101445.000000,26002.000000,14373.000000,17098.000000,15137.000000,215518.000000,17973.000000,15645.000000,19547.000000,257139.000000
21598.000000,16139.000000,15817.000000,13153.000000,13101.000000,16958.000000,14267.000000,14340.000000,15746.000000,11029.000000,17527.000000,21089.000000,19016.000000,15300.000000,16778.000000,26059.000000,28714.000000,24006.000000,26707.000000,28366.000000,40586.000000,19154.000000,16423.000000,29052.000000,21854.000000,39631.000000,22331.000000,33490.000000,26609.000000,34777.000000,34414.000000,42403.000000,36435.000000,32245.000000,30468.000000,44716.000000,39278.000000,45518.000000,42221.000000,43600.000000,57003.000000,54614.000000,77434.000000,208492.000000,209827.000000,68298.000000,78260.000000,66962.000000,80283.000000,85667.000000,73934.000000,103263.000000,93800.000000,244028.000000,90904.000000,77140.000000,92873.000000,85511.000000,84066.000000,111515.000000,333822.000000,118665.000000,112766.000000,111833.000000,134874.000000,794164.000000,134583.000000,145717.000000,201190.000000,1373319.000000,251017.000000,248342.000000,527079.000000,272369.000000,391719.000000
1190122.000000,1063733.000000,1061928.000000,977469.000000,977411.000000,1005117.000000,1004258.000000,1649683.000000,990817.000000,979183.000000,993167.000000,1059079.000000,1251619.000000,1298459.000000,1266985.000000,1298906.000000,1321332.000000,1342747.000000,1401121.000000,1353222.000000,1284075.000000,1329026.000000,1264259.000000,1197932.000000,1230593.000000,1201287.000000,1216862.000000,1238167.000000,1364015.000000,1232114.000000,1279300.000000,1241574.000000,1268130.000000,1264204.000000,1268790.000000,1299610.000000,1441538.000000,1444896.000000,1418178.000000,1417601.000000,1368399.000000,1397085.000000,1559213.000000,1301308.000000,1352633.000000,1385214.000000,1412406.000000,1407398.000000,1321907.000000,1425428.000000,1509286.000000,1460524.000000,1499482.000000,1498523.000000,1555550.000000,1572490.000000,1665717.000000,1862806.000000,1898215.000000,2520610.000000,1785917.000000,1795172.000000,1786544.000000,1859706.000000,1956528.000000,2527400.000000,2190524.000000,2474949.000000,2480166.000000,2623557.000000,2664657.000000,2741578.000000,2641371.000000,2858105.000000,2989854.000000
103482.000000,1021207.000000,870532.000000,891859.000000,842820.000000,783850.000000,1538226.000000,797419.000000,830398.000000,758604.000000,693990.000000,692569.000000,698970.000000,738627.000000,701201.000000,731781.000000,735218.000000,735490.000000,729212.000000,841020.000000,930678.000000,1078677.000000,1147567.000000,842719.000000,867844.000000,951205.000000,711773.000000,779784.000000,792413.000000,821800.000000,1045217.000000,1093656.000000,1181937.000000,1175711.000000,1183098.000000,1288862.000000,1264858.000000,1403962.000000,1309588.000000,1252777.000000,1383181.000000,1243821.000000,1420206.000000,1441252.000000,1527353.000000,1436072.000000,1625957.000000,1358231.000000,1327927.000000,1365079.000000,1385901.000000,1449206.000000,1507781.000000,1615835.000000,1639461.000000,2025450.000000,1858831.000000,1754287.000000,2139586.000000,2040679.000000,1927935.000000,1961914.000000,1925200.000000,1826370.000000,1948438.000000,2170069.000000,1861332.000000,1884293.000000,1929439.000000,2213420.000000,2200927.000000,2107354.000000,2277505.000000,2304699.000000,2399930.000000
389.000000,0.000000,0.000000,0.000000,0.000000,0.000000,0.000000,0.000000,0.000000,3302.000000,0.000000,39.000000
4191.000000,792.000000,3211.000000,1650.000000,1143.000000,1564.000000,6276.000000,4382.000000,28642.000000
0.000000,0.000000,11.000000,31.000000,23.000000,0.000000,41.000000,0.000000,29.000000,55.000000,0.000000
145.000000,0.000000,0.000000,0.000000,1379.000000,0.000000,1379.000000,1392.000000,1308.000000,0.000000,1375.000000,0.000000,1335.000000,1379.000000,0.000000,1327.000000,2956.000000,0.000000,4931.000000,0.000000,4258.000000,0.000000,5582.000000,55.000000,5480.000000,75.000000,10684.000000,300.000000,11578.000000,531.000000,359.000000,16733.000000,710.000000,655.000000,669.000000,22061.000000,1204.000000,1128.000000,1270.000000,27378.000000,24492.000000,32403.000000,30065.000000,30713.000000,32389.000000,35200.000000,37684.000000,38780.000000,42855.000000,45679.000000,565693.000000,65053.000000,167594.000000,28999.000000,27969.000000,9162.000000,8459.000000,10128.000000,10816.000000,10137.000000,20756.000000,11994.000000,16577.000000,12069.000000,25872.000000,10794.000000,125495.000000,132819.000000,22124.000000,15357.000000,14901.000000,15732.000000,253106.000000,19342.000000,18278.000000
20435.000000,17169.000000,15821.000000,13007.000000,13138.000000,10126.000000,12057.000000,10084.000000,11175.000000,9928.000000,10456.000000,17487.000000,17816.000000,19355.000000,16015.000000,18207.000000,32605.000000,16571.000000,16742.000000,14588.000000,28236.000000,18932.000000,18904.000000,25404.000000,15680.000000,37022.000000,22339.000000,30226.000000,28367.000000,31447.000000,27126.000000,39374.000000,38259.000000,32499.000000,79001.000000,77824.000000,28019.000000,37409.000000,29715.000000,29435.000000,39526.000000,30804.000000,35869.000000,32964.000000,34624.000000,35043.000000,38673.000000,37927.000000,41969.000000,49901.000000,40538.000000,41384.000000,41261.000000,71643.000000,228135.000000,238793.000000,66414.000000,55693.000000,61959.000000,73470.000000,68125.000000,97855.000000,75146.000000,71989.000000,76190.000000,89417.000000,213605.000000,129251.000000,100579.000000,122712.000000,395567.000000,132836.000000,132377.000000,1165115.000000,135664.000000
870351.000000,887712.000000,896584.000000,890160.000000,891885.000000,804415.000000,883199.000000,880093.000000,861779.000000,914753.000000,876551.000000,946230.000000,832202.000000,836646.000000,846178.000000,897734.000000,908926.000000,871202.000000,920684.000000,920675.000000,874671.000000,825230.000000,826998.000000,969325.000000,987725.000000,974618.000000,978048.000000,1068503.000000,1051838.000000,1115185.000000,1085010.000000,1124096.000000,1111346.000000,1237868.000000,1229383.000000,1242893.000000,1162080.000000,1179036.000000,1141832.000000,1198986.000000,1424944.000000,1376856.000000,1411479.000000,1524665.000000,1487843.000000,1394596.000000,1491991.000000,1485233.000000,1524799.000000,1564248.000000,1332915.000000,1484400.000000,1383125.000000,1424480.000000,1380989.000000,1411005.000000,1544239.000000,1510028.000000,1564309.000000,1556983.000000,1541176.000000,1524094.000000,1528429.000000,1573974.000000,2081640.000000,1676735.000000,1725372.000000,1931701.000000,1715432.000000,1837683.000000,1893646.000000,1883135.000000,1974571.000000,2622301.000000,2486892.000000
91801.000000,948969.000000,931827.000000,965353.000000,1049874.000000,891944.000000,882826.000000,814921.000000,834259.000000,756003.000000,804148.000000,748536.000000,704469.000000,697251.000000,682934.000000,677395.000000,685568.000000,745950.000000,749319.000000,679329.000000,709767.000000,701898.000000,833421.000000,779280.000000,856706.000000,744662.000000,716309.000000,721693.000000,705253.000000,871269.000000,1069580.000000,935021.000000,881143.000000,833316.000000,789809.000000,912716.000000,783452.000000,956250.000000,775975.000000,985655.000000,1012394.000000,1067720.000000,1109012.000000,1345135.000000,1388123.000000,967136.000000,827197.000000,818628.000000,1054417.000000,2103157.000000,1264241.000000,1200875.000000,1002256.000000,1078440.000000,988413.000000,885332.000000,1439644.000000,1441965.000000,1028460.000000,1049864.000000,1153794.000000,1261402.000000,2021002.000000,1966324.000000,1944052.000000,2326035.000000,2342958.000000,2261979.000000,2313268.000000,2262386.000000,1800043.000000,2018255.000000,1638074.000000,1697645.000000,1512778.000000
64.000000,0.000000,0.000000,0.000000,0.000000,0.000000,0.000000,0.000000,0.000000,3640.000000,18.000000,36.000000
5553.000000,1268.000000,3318.000000,1642.000000,1478.000000,1778.000000,5624.000000,4134.000000,3510.000000
0.000000,0.000000,29.000000,42.000000,23.000000,29.000000,6.000000,37.000000,0.000000,18.000000,61.000000
706.000000,1709.000000,67.000000,136.000000,3259.000000,58.000000,1618.000000,1597.000000,1556.000000,81.000000,1651.000000,51.000000,1860.000000,2913.000000,93.000000,1626.000000,2935.000000,153.000000,5241.000000,216.000000,4275.000000,222.000000,5255.000000,323.000000,5567.000000,419.000000,9300.000000,551.000000,10659.000000,767.000000,690.000000,19075.000000,908.000000,899.000000,947.000000,20996.000000,1346.000000,1307.000000,1500.000000,27297.000000,24635.000000,33866.000000,29446.000000,29947.000000,32202.000000,34932.000000,35408.000000,38431.000000,39809.000000,44367.000000,540403.000000,185271.000000,25132.000000,28555.000000,9182.000000,10883.000000,10011.000000,10465.000000,9368.000000,13333.000000,191319.000000,15787.000000,13127.000000,12952.000000,24496.000000,149785.000000,14726.000000,11843.000000,12125.000000,12770.000000,320729.000000,15555.000000,15177.000000,15096.000000,26347.000000
19644.000000,13990.000000,13342.000000,12125.000000,16120.000000,13254.000000,13352.000000,10689.000000,15552.000000,17979.000000,14791.000000,16619.000000,17633.000000,18090.000000,23824.000000,17168.000000,25327.000000,17526.000000,18053.000000,28205.000000,32977.000000,18686.000000,14970.000000,24534.000000,22965.000000,24779.000000,15705.000000,22209.000000,38316.000000,25883.000000,22756.000000,29273.000000,26763.000000,36050.000000,42759.000000,20427.000000,20350.000000,24162.000000,23057.000000,62958.000000,20485.000000,21174.000000,30061.000000,41581.000000,45311.000000,109030.000000,76306.000000,31547.000000,74468.000000,30191.000000,40065.000000,37010.000000,38311.000000,34490.000000,66441.000000,48089.000000,45978.000000,55510.000000,58332.000000,76263.000000,77698.000000,436262.000000,77754.000000,85833.000000,85753.000000,86002.000000,91515.000000,90646.000000,97222.000000,154663.000000,261721.000000,511860.000000,268893.000000,267245.000000,287178.000000
1156832.000000,1122401.000000,1126175.000000,1234462.000000,1176329.000000,1193196.000000,1155498.000000,1095925.000000,1146261.000000,1124031.000000,1158193.000000,1196685.000000,1148438.000000,1104743.000000,1157061.000000,1089955.000000,1097707.000000,1140133.000000,1179165.000000,1118623.000000,1148121.000000,1119606.000000,1116745.000000,1075148.000000,1410584.000000,1394714.000000,1362400.000000,1377496.000000,1269818.000000,1293676.000000,1314424.000000,1314544.000000,1309466.000000,1330455.000000,1342156.000000,1417187.000000,1416823.000000,1283917.000000,1277113.000000,1364933.000000,1343013.000000,1382504.000000,1420629.000000,1438176.000000,1406026.000000,1401802.000000,1469895.000000,1529214.000000,1380280.000000,1469269.000000,1441952.000000,1516103.000000,1604379.000000,1699493.000000,1784160.000000,1802256.000000,1889748.000000,1718537.000000,1882278.000000,1966863.000000,2030979.000000,2461116.000000,1888011.000000,2202988.000000,2195375.000000,2188316.000000,2114533.000000,2174388.000000,2306631.000000,2371455.000000,2583738.000000,2751731.000000,2584668.000000,2546437.000000,2543125.000000
122770.000000,1258247.000000,1132168.000000,1084274.000000,1098626.000000,1124437.000000,1107882.000000,1129466.000000,1121363.000000,1092500.000000,1077432.000000,1036452.000000,1007208.000000,1045695.000000,1096850.000000,1202657.000000,1103239.000000,1066120.000000,1127167.000000,1126977.000000,1105562.000000,1133456.000000,1128068.000000,1030313.000000,1179147.000000,1094920.000000,1126052.000000,1222949.000000,1090636.000000,1137921.000000,1088817.000000,1161009.000000,1187630.000000,1267054.000000,1089646.000000,1042787.000000,1202407.000000,964623.000000,1001530.000000,1006404.000000,932066.000000,859764.000000,851178.000000,856808.000000,866543.000000,901655.000000,917038.000000,894741.000000,842297.000000,829322.000000,885569.000000,845551.000000,851852.000000,848229.000000,920039.000000,1160457.000000,1131088.000000,1102244.000000,1310058.000000,1418167.000000,968530.000000,994509.000000,950833.000000,1245870.000000,1840905.000000,1156426.000000,1047821.000000,992602.000000,1149561.000000,1601806.000000,1305463.000000,1141761.000000,1093975.000000,1360133.000000,1188901.000000
59.000000,0.000000,0.000000,0.000000,0.000000,0.000000,0.000000,0.000000,0.000000,3602.000000,0.000000,35.000000
4293.000000,1360.000000,3002.000000,2020.000000,1653.000000,2120.000000,5479.000000,2507.000000,2437.000000
14.000000,0.000000,46.000000,39.000000,54.000000,1.000000,64.000000,0.000000,0.000000,0.000000,0.000000
427.000000,91.000000,43.000000,119.000000,1729.000000,53.000000,118.000000,3236.000000,3021.000000,85.000000,2687.000000,73.000000,1622.000000,1669.000000,83.000000,1481.000000,3227.000000,185.000000,2944.000000,189.000000,5680.000000,246.000000,4352.000000,362.000000,6874.000000,400.000000,10784.000000,636.000000,12055.000000,798.000000,703.000000,15412.000000,986.000000,888.000000,982.000000,20618.000000,1405.000000,1332.000000,1428.000000,26504.000000,23216.000000,34614.000000,30494.000000,29311.000000,33269.000000,36353.000000,35866.000000,38707.000000,68552.000000,43366.000000,357667.000000,184109.000000,32801.000000,40619.000000,10055.000000,9031.000000,8690.000000,9417.000000,8793.000000,10515.000000,20228.000000,125035.000000,10491.000000,10580.000000,23175.000000,11633.000000,12075.000000,185676.000000,14207.000000,22162.000000,13622.000000,24290.000000,83110.000000,16930.000000,32244.000000
22255.000000,16354.000000,13373.000000,51537.000000,77740.000000,51606.000000,49008.000000,64862.000000,64315.000000,50300.000000,50556.000000,72134.000000,60487.000000,67269.000000,89360.000000,93813.000000,130504.000000,82358.000000,100079.000000,94799.000000,108251.000000,82566.000000,64907.000000,98380.000000,63241.000000,79910.000000,55121.000000,117945.000000,104020.000000,122298.000000,136899.000000,139422.000000,131438.000000,85299.000000,77569.000000,77586.000000,107476.000000,126579.000000,167813.000000,104785.000000,107316.000000,121964.000000,112346.000000,128087.000000,121204.000000,329492.000000,143484.000000,129547.000000,162602.000000,139993.000000,154000.000000,124792.000000,158777.000000,521966.000000,211717.000000,191601.000000,159853.000000,178734.000000,301742.000000,184163.000000,410335.000000,180269.000000,201493.000000,1000986.000000,308987.000000,203041.000000,223592.000000,664861.000000,1510236.000000,258916.000000,262582.000000,763415.000000,292937.000000,294977.000000,1746069.000000
1154842.000000,1158707.000000,1155584.000000,1147171.000000,1113812.000000,1186627.000000,1375646.000000,1267275.000000,1368150.000000,1264890.000000,1229573.000000,1199471.000000,1230734.000000,1255877.000000,1213740.000000,1222717.000000,1191817.000000,1186289.000000,1176006.000000,1219588.000000,1233308.000000,1099727.000000,1034413.000000,1028276.000000,1107901.000000,1199956.000000,1296454.000000,1305852.000000,1182374.000000,1200283.000000,1221637.000000,1208523.000000,1199398.000000,1221421.000000,1196821.000000,1226842.000000,1405263.000000,1392429.000000,1345227.000000,1398049.000000,1433717.000000,1446241.000000,1459383.000000,1335120.000000,1324596.000000,1422668.000000,1421417.000000,1575849.000000,1629320.000000,1691607.000000,1619136.000000,1662388.000000,1601185.000000,1737685.000000,1709243.000000,2163655.000000,1943828.000000,1849843.000000,1889261.000000,1910416.000000,1901106.000000,1892975.000000,1912928.000000,1888398.000000,1926380.000000,1962927.000000,2132297.000000,2207501.000000,2262621.000000,2343733.000000,2692625.000000,2728949.000000,2781014.000000,2866301.000000,2934145.000000
102854.000000,1072383.000000,1125280.000000,1184856.000000,1086976.000000,1131526.000000,1141938.000000,1111869.000000,1121091.000000,1124843.000000,1122520.000000,1144344.000000,1206208.000000,1012932.000000,1056240.000000,1206632.000000,1040799.000000,1211144.000000,1068481.000000,1111990.000000,1166371.000000,1135857.000000,1074330.000000,1065745.000000,1032995.000000,1050590.000000,1043432.000000,965516.000000,960280.000000,955741.000000,838101.000000,804955.000000,1987442.000000,879582.000000,863027.000000,810424.000000,814628.000000,982074.000000,973547.000000,829579.000000,840422.000000,943337.000000,818160.000000,955691.000000,817781.000000,822320.000000,889029.000000,841215.000000,893036.000000,853442.000000,904090.000000,849537.000000,883218.000000,949892.000000,934336.000000,1050040.000000,1179168.000000,1189269.000000,1519026.000000,993085.000000,1208022.000000,1206636.000000,1530913.000000,1220276.000000,1260710.000000,1255426.000000,1131138.000000,1698358.000000,1016844.000000,1128109.000000,1160661.000000,1249834.000000,1425490.000000,1934692.000000,1808957.000000
110.000000,0.000000,0.000000,0.000000,0.000000,0.000000,0.000000,0.000000,0.000000,3470.000000,0.000000,36.000000
4914.000000,1447.000000,4597.000000,9459.000000,2273.000000,2146.000000,2421.000000,6077.000000,14536.000000
3.000000,0.000000,36.000000,38.000000,0.000000,0.000000,46.000000,31.000000,0.000000,56.000000,0.000000
356.000000,121.000000,4.000000,89.000000,1634.000000,3.000000,1545.000000,1645.000000,1590.000000,7.000000,2664.000000,21.000000,1618.000000,1546.000000,33.000000,1586.000000,2932.000000,90.000000,5244.000000,228.000000,4315.000000,180.000000,4705.000000,314.000000,5834.000000,366.000000,10856.000000,567.000000,10983.000000,746.000000,627.000000,16085.000000,955.000000,864.000000,901.000000,22346.000000,1397.000000,1276.000000,1388.000000,27742.000000,23364.000000,32652.000000,31191.000000,32165.000000,33229.000000,37103.000000,37846.000000,37798.000000,42006.000000,44540.000000,439863.000000,40143.000000,26993.000000,23868.000000,9349.000000,11239.000000,10231.000000,10669.000000,10268.000000,13214.000000,80484.000000,151831.000000,12335.000000,11732.000000,24131.000000,11439.000000,16163.000000,143990.000000,16346.000000,14469.000000,14327.000000,14932.000000,273897.000000,74045.000000,17296.000000
24530.000000,16193.000000,13174.000000,13408.000000,13122.000000,13501.000000,13561.000000,13354.000000,20169.000000,14097.000000,16485.000000,12888.000000,12206.000000,19679.000000,18548.000000,18602.000000,22023.000000,14553.000000,22557.000000,18980.000000,27821.000000,18419.000000,15189.000000,24321.000000,15814.000000,33641.000000,12360.000000,19074.000000,26511.000000,19696.000000,21078.000000,26432.000000,32393.000000,50799.000000,24775.000000,19037.000000,17686.000000,35006.000000,19161.000000,90907.000000,113512.000000,28234.000000,24915.000000,26074.000000,28448.000000,32263.000000,27221.000000,39976.000000,30838.000000,32200.000000,30038.000000,30744.000000,79477.000000,138800.000000,141648.000000,46794.000000,31084.000000,38398.000000,37437.000000,59823.000000,41949.000000,41213.000000,41786.000000,44645.000000,187411.000000,66849.000000,46592.000000,52294.000000,62493.000000,87299.000000,55900.000000,57738.000000,253148.000000,62815.000000,60947.000000
778314.000000,757655.000000,829287.000000,825764.000000,779024.000000,772998.000000,948735.000000,1014788.000000,820684.000000,832053.000000,846148.000000,819271.000000,729538.000000,665749.000000,657905.000000,655714.000000,687553.000000,713060.000000,753851.000000,677888.000000,665620.000000,674283.000000,669688.000000,714766.000000,721391.000000,722593.000000,723757.000000,725006.000000,956320.000000,781639.000000,786506.000000,788827.000000,795155.000000,839010.000000,871447.000000,826602.000000,806835.000000,999567.000000,1238958.000000,959668.000000,1085395.000000,845070.000000,876058.000000,873603.000000,864037.000000,1402511.000000,1357977.000000,1278045.000000,1143142.000000,917813.000000,934739.000000,892620.000000,1118295.000000,1024087.000000,1026293.000000,1091265.000000,982125.000000,1002108.000000,1046447.000000,1107434.000000,1266564.000000,1204385.000000,1306750.000000,1310762.000000,1296863.000000,1401080.000000,1411534.000000,1411553.000000,1456503.000000,1489456.000000,1428230.000000,1465398.000000,1473986.000000,1659895.000000,1613832.000000
59596.000000,990655.000000,846439.000000,852555.000000,834834.000000,970765.000000,980608.000000,782290.000000,723969.000000,688193.000000,720313.000000,723176.000000,719154.000000,723187.000000,722692.000000,685746.000000,728287.000000,696836.000000,682703.000000,735420.000000,728083.000000,740653.000000,704584.000000,722515.000000,701776.000000,705325.000000,713012.000000,774940.000000,750388.000000,752514.000000,759974.000000,754030.000000,727463.000000,767762.000000,769017.000000,771552.000000,798870.000000,806268.000000,782225.000000,782543.000000,813244.000000,802671.000000,810367.000000,811270.000000,780164.000000,795633.000000,816850.000000,912464.000000,929407.000000,879783.000000,847922.000000,848097.000000,824274.000000,6917793.000000,812733.000000,1483103.000000,979273.000000,914134.000000,920844.000000,926364.000000,964979.000000,915488.000000,1046554.000000,1221848.000000,1112675.000000,1210758.000000,1220205.000000,1218964.000000,2029295.000000,1776114.000000,1368037.000000,1174788.000000,4806304.000000,1789264.000000,1474989.000000
49.000000,0.000000,0.000000,0.000000,0.000000,0.000000,0.000000,0.000000,0.000000,3715.000000,24.000000,35.000000
4667.000000,1151.000000,3227.000000,1872.000000,1540.000000,2049.000000,5277.000000,2275.000000,2454.000000
5.000000,0.000000,42.000000,74.000000,33.000000,10.000000,62.000000,0.000000,22.000000,31.000000,0.000000
363.000000,494.000000,44.000000,137.000000,1662.000000,71.000000,144.000000,3290.000000,3110.000000,92.000000,2640.000000,86.000000,1591.000000,1672.000000,127.000000,1418.000000,2980.000000,235.000000,2919.000000,246.000000,5829.000000,263.000000,4282.000000,350.000000,6586.000000,373.000000,10784.000000,605.000000,12812.000000,775.000000,690.000000,15201.000000,1046.000000,949.000000,1015.000000,20578.000000,1438.000000,1306.000000,1421.000000,25840.000000,23768.000000,33470.000000,30196.000000,30028.000000,32325.000000,35469.000000,35543.000000,38652.000000,69766.000000,44384.000000,480050.000000,212173.000000,24079.000000,28750.000000,9816.000000,8533.000000,8521.000000,8895.000000,8133.000000,9996.000000,8743.000000,92526.000000,123876.000000,10916.000000,23772.000000,11398.000000,22973.000000,45464.000000,25602.000000,17132.000000,15887.000000,29376.000000,284584.000000,18630.000000,18369.000000
36667.000000,21338.000000,14128.000000,12052.000000,11903.000000,18647.000000,18474.000000,15526.000000,17694.000000,13068.000000,18706.000000,17643.000000,19187.000000,17470.000000,19200.000000,19853.000000,32827.000000,23815.000000,24712.000000,16697.000000,22370.000000,35197.000000,17671.000000,37919.000000,23898.000000,57018.000000,21339.000000,32143.000000,41780.000000,40638.000000,40878.000000,51232.000000,74899.000000,103246.000000,42557.000000,43743.000000,58864.000000,52396.000000,47890.000000,70621.000000,55847.000000,51243.000000,52955.000000,66501.000000,74779.000000,98897.000000,253226.000000,78584.000000,80540.000000,91410.000000,86779.000000,95274.000000,97319.000000,88512.000000,428126.000000,93803.000000,81122.000000,98915.000000,84309.000000,179688.000000,264666.000000,583949.000000,188057.000000,168997.000000,195530.000000,228598.000000,206573.000000,250578.000000,261243.000000,512155.000000,281978.000000,429884.000000,275793.000000,279130.000000,499317.000000
1108830.000000,989072.000000,1045009.000000,1108132.000000,1096465.000000,1173306.000000,1242314.000000,1244043.000000,1221714.000000,1321890.000000,1323258.000000,1229653.000000,1280107.000000,1166101.000000,1167071.000000,1205081.000000,1230547.000000,1232206.000000,1217515.000000,1160530.000000,1225662.000000,1202164.000000,1219814.000000,1094808.000000,1562198.000000,1253488.000000,1254570.000000,1284844.000000,1254540.000000,1238912.000000,1281628.000000,1272981.000000,1266010.000000,1289168.000000,1308186.000000,1319540.000000,1398245.000000,1434198.000000,1400581.000000,1386764.000000,1389940.000000,1412750.000000,1440429.000000,1542158.000000,1607321.000000,1597413.000000,1836798.000000,1803621.000000,1749663.000000,1964159.000000,1824707.000000,1732687.000000,1763757.000000,1787854.000000,1877579.000000,1851171.000000,1761296.000000,1879607.000000,1906780.000000,1923141.000000,2132541.000000,2380208.000000,1784744.000000,1768753.000000,1705917.000000,1665411.000000,1792444.000000,1917309.000000,1913727.000000,2219708.000000,2222767.000000,1911073.000000,1920861.000000,2352442.000000,2065562.000000
81714.000000,990425.000000,1060198.000000,857436.000000,859669.000000,916449.000000,881450.000000,913236.000000,888227.000000,818150.000000,866779.000000,836176.000000,848181.000000,818644.000000,864122.000000,827996.000000,816170.000000,906244.000000,873513.000000,873977.000000,863514.000000,1011565.000000,890090.000000,1005540.000000,887414.000000,868083.000000,958159.000000,909075.000000,929713.000000,986861.000000,1140486.000000,1127222.000000,1101613.000000,1001868.000000,1047122.000000,1025480.000000,1075471.000000,950435.000000,930356.000000,1122712.000000,1214141.000000,1226097.000000,1314740.000000,1315385.000000,1393757.000000,1288307.000000,1167006.000000,1248226.000000,1416329.000000,1398179.000000,1360345.000000,1379777.000000,1460636.000000,1609989.000000,1636538.000000,1666430.000000,1570443.000000,1684706.000000,1639389.000000,1734058.000000,1678231.000000,1675156.000000,1874214.000000,1978808.000000,1900220.000000,1904198.000000,2008767.000000,1849350.000000,2200665.000000,2108912.000000,2596143.000000,2127754.000000,2069753.000000,2185328.000000,2600274.000000
125.000000,0.000000,0.000000,0.000000,0.000000,0.000000,0.000000,0.000000,0.000000,3615.000000,0.000000,32.000000
4493.000000,4269.000000,3668.000000,1398.000000,1488.000000,5042.000000,1961.000000,2083.000000,2465.000000
0.000000,0.000000,107.000000,94.000000,48.000000,31.000000,49.000000,11.000000,57.000000,45.000000,24.000000
372.000000,85.000000,0.000000,46.000000,1906.000000,0.000000,85.000000,2874.000000,2952.000000,17.000000,2644.000000,0.000000,1496.000000,1838.000000,25.000000,1348.000000,3137.000000,113.000000,2947.000000,123.000000,5677.000000,200.000000,4211.000000,259.000000,6377.000000,324.000000,10727.000000,533.000000,11675.000000,773.000000,618.000000,15255.000000,1012.000000,925.000000,990.000000,20372.000000,1382.000000,1240.000000,1385.000000,25585.000000,23962.000000,33654.000000,30338.000000,30024.000000,32432.000000,35635.000000,36496.000000,38959.000000,69421.000000,43966.000000,397395.000000,259619.000000,24957.000000,29962.000000,9996.000000,9036.000000,9657.000000,9794.000000,9288.000000,11048.000000,9584.000000,199758.000000,12093.000000,10586.000000,22619.000000,11425.000000,25332.000000,41518.000000,42594.000000,13115.000000,13545.000000,29186.000000,25988.000000,20343.000000,31165.000000
23305.000000,39100.000000,18189.000000,18254.000000,61547.000000,61844.000000,61738.000000,73736.000000,79644.000000,62207.000000,73354.000000,88418.000000,74103.000000,95393.000000,82550.000000,82714.000000,118509.000000,85393.000000,103573.000000,96915.000000,109553.000000,91149.000000,123653.000000,90199.000000,69408.000000,127857.000000,70448.000000,119375.000000,117560.000000,100836.000000,76335.000000,123902.000000,102849.000000,108496.000000,107740.000000,99509.000000,111739.000000,266981.000000,286476.000000,142832.000000,205883.000000,107064.000000,111070.000000,168842.000000,124455.000000,140904.000000,126207.000000,230189.000000,225212.000000,150755.000000,147255.000000,174466.000000,183551.000000,158063.000000,148228.000000,174341.000000,153287.000000,288324.000000,894923.000000,183286.000000,178518.000000,189894.000000,194870.000000,298296.000000,222327.000000,200305.000000,209520.000000,370554.000000,1221266.000000,245512.000000,250027.000000,326255.000000,267493.000000,253291.000000,289367.000000
1247564.000000,1339138.000000,1290411.000000,1365574.000000,1312585.000000,1276489.000000,1247274.000000,1228487.000000,1174264.000000,1088094.000000,1232130.000000,1227568.000000,1234228.000000,1168634.000000,1168944.000000,1128330.000000,1395364.000000,1589855.000000,1354444.000000,1128302.000000,1107070.000000,1142943.000000,1081270.000000,1023349.000000,1022895.000000,1032553.000000,1098084.000000,1175786.000000,1188188.000000,1228833.000000,1177559.000000,1139958.000000,1155453.000000,1182762.000000,1247255.000000,1216557.000000,1246034.000000,1305715.000000,1387465.000000,1395114.000000,1340617.000000,1470626.000000,1577249.000000,1534220.000000,1336550.000000,1270968.000000,1319404.000000,1299669.000000,1364455.000000,2153701.000000,1620010.000000,1803067.000000,1751605.000000,1801074.000000,1848831.000000,1867229.000000,1692798.000000,1801739.000000,1782239.000000,2067252.000000,2059849.000000,1612015.000000,1677100.000000,1696838.000000,1441822.000000,1664738.000000,1731286.000000,1413179.000000,1461873.000000,1442209.000000,1230859.000000,1312097.000000,1620682.000000,1483251.000000,1456630.000000
60408.000000,781627.000000,802001.000000,777844.000000,708452.000000,729884.000000,665380.000000,672410.000000,711992.000000,762730.000000,881808.000000,794199.000000,702682.000000,753849.000000,830779.000000,814246.000000,728037.000000,698531.000000,731082.000000,905425.000000,923971.000000,739893.000000,917179.000000,796492.000000,810657.000000,746883.000000,817905.000000,938626.000000,911960.000000,765517.000000,1140578.000000,793787.000000,907571.000000,841330.000000,1116937.000000,773380.000000,750850.000000,763169.000000,921927.000000,1232351.000000,1105414.000000,977247.000000,864408.000000,868079.000000,870124.000000,830247.000000,839356.000000,920726.000000,953782.000000,988016.000000,946329.000000,1026803.000000,972732.000000,1030786.000000,1024044.000000,985010.000000,1191410.000000,1096635.000000,1179945.000000,1233271.000000,1245398.000000,1408172.000000,1349070.000000,1513033.000000,1485593.000000,1635364.000000,1640443.000000,1758564.000000,1702279.000000,1844050.000000,1981393.000000,1777425.000000,2389715.000000,2414178.000000,2535811.000000
114.000000,0.000000,0.000000,0.000000,0.000000,0.000000,0.000000,0.000000,0.000000,3489.000000,0.000000,31.000000
4758.000000,1258.000000,3233.000000,1845.000000,1493.000000,1800.000000,5685.000000,2268.000000,2433.000000
15.000000,0.000000,27.000000,41.000000,10.000000,30.000000,47.000000,0.000000,0.000000,0.000000,0.000000
365.000000,108.000000,0.000000,66.000000,1638.000000,0.000000,55.000000,2990.000000,3178.000000,10.000000,2678.000000,3.000000,1551.000000,1790.000000,28.000000,1632.000000,2926.000000,188.000000,2870.000000,153.000000,5602.000000,209.000000,4243.000000,284.000000,6634.000000,331.000000,10481.000000,564.000000,11832.000000,701.000000,655.000000,15474.000000,977.000000,864.000000,921.000000,20582.000000,1362.000000,1188.000000,1246.000000,26382.000000,22654.000000,38671.000000,44805.000000,29342.000000,32201.000000,35646.000000,36105.000000,39010.000000,68374.000000,44045.000000,649890.000000,245798.000000,24152.000000,29137.000000,10137.000000,10633.000000,9272.000000,9785.000000,8804.000000,10888.000000,129745.000000,12783.000000,10355.000000,10517.000000,23172.000000,148507.000000,37968.000000,13015.000000,12914.000000,22502.000000,214904.000000,13743.000000,14460.000000,15335.000000,222726.000000
18911.000000,12853.000000,89126.000000,84472.000000,70236.000000,60380.000000,60071.000000,70509.000000,77071.000000,59286.000000,71815.000000,71718.000000,72354.000000,85642.000000,80783.000000,82431.000000,123436.000000,82377.000000,87877.000000,108233.000000,121832.000000,96217.000000,141446.000000,86155.000000,59381.000000,91033.000000,88466.000000,121978.000000,110315.000000,96668.000000,75563.000000,101070.000000,115464.000000,90150.000000,91470.000000,107059.000000,95327.000000,112009.000000,99255.000000,101855.000000,117155.000000,108831.000000,130432.000000,129371.000000,100530.000000,131778.000000,120174.000000,120177.000000,119204.000000,145075.000000,267610.000000,206818.000000,335063.000000,509058.000000,106990.000000,132096.000000,113213.000000,115844.000000,127467.000000,125254.000000,205710.000000,154640.000000,144837.000000,137738.000000,171004.000000,278684.000000,278062.000000,166749.000000,177936.000000,568019.000000,171583.000000,183441.000000,303461.000000,201374.000000,210765.000000
1014280.000000,930784.000000,959056.000000,957690.000000,1006801.000000,962329.000000,959141.000000,966947.000000,965651.000000,967542.000000,942028.000000,954719.000000,951392.000000,946788.000000,927816.000000,927128.000000,968926.000000,975761.000000,1009615.000000,956166.000000,1002210.000000,1059668.000000,985713.000000,1111967.000000,1171150.000000,1171546.000000,1129106.000000,981355.000000,1010407.000000,1044183.000000,1046163.000000,1096803.000000,1122944.000000,1061138.000000,1120026.000000,1071186.000000,1017498.000000,1090075.000000,1112287.000000,1096498.000000,1176822.000000,1189996.000000,1550283.000000,1175785.000000,1250868.000000,1243795.000000,1212342.000000,1321543.000000,1285579.000000,1295980.000000,1243575.000000,1325650.000000,1376778.000000,1325163.000000,1307338.000000,1282662.000000,1304660.000000,1191507.000000,1111742.000000,1146143.000000,1072608.000000,1094658.000000,1110402.000000,1176448.000000,1167105.000000,1362899.000000,1173309.000000,1173628.000000,1120366.000000,1139167.000000,1135119.000000,1299509.000000,1312584.000000,1228052.000000,1188979.000000
57017.000000,733614.000000,757099.000000,719144.000000,752572.000000,887277.000000,1011573.000000,914719.000000,804913.000000,803592.000000,797537.000000,828263.000000,747874.000000,762093.000000,835558.000000,1077489.000000,1062970.000000,848348.000000,888108.000000,1037922.000000,918407.000000,1027003.000000,794982.000000,685785.000000,874541.000000,956780.000000,895295.000000,780756.000000,811948.000000,1011648.000000,974143.000000,825403.000000,759494.000000,723208.000000,910081.000000,1084650.000000,803586.000000,792268.000000,848335.000000,930839.000000,1030955.000000,856329.000000,803154.000000,901170.000000,907153.000000,1083320.000000,1038049.000000,940655.000000,1065582.000000,1144623.000000,872941.000000,870487.000000,871280.000000,1084609.000000,1364320.000000,994945.000000,1015664.000000,1095433.000000,1230168.000000,974044.000000,1061136.000000,971064.000000,1218809.000000,1092939.000000,1017163.000000,1189314.000000,1167961.000000,1015798.000000,1106023.000000,2215884.000000,2128392.000000,2188548.000000,2146967.000000,2062543.000000,2329363.000000
94.000000,0.000000,0.000000,0.000000,0.000000,0.000000,0.000000,0.000000,0.000000,3506.000000,0.000000,36.000000
4289.000000,1150.000000,3326.000000,1745.000000,1643.000000,1891.000000,5231.000000,2365.000000,2401.000000
3.000000,0.000000,33.000000,46.000000,38.000000,16.000000,18.000000,0.000000,20.000000,21.000000,0.000000
337.000000,53.000000,0.000000,98.000000,1684.000000,19.000000,106.000000,3002.000000,3058.000000,26.000000,2548.000000,49.000000,1560.000000,1566.000000,87.000000,1434.000000,2933.000000,222.000000,2910.000000,190.000000,5633.000000,227.000000,4398.000000,290.000000,7558.000000,352.000000,10641.000000,563.000000,11916.000000,716.000000,665.000000,15291.000000,997.000000,954.000000,1006.000000,21246.000000,1393.000000,1375.000000,1479.000000,26794.000000,23250.000000,33257.000000,30865.000000,29146.000000,31813.000000,36421.000000,36777.000000,37788.000000,68774.000000,43309.000000,625900.000000,31531.000000,37315.000000,24965.000000,8120.000000,6879.000000,10793.000000,9010.000000,8035.000000,12028.000000,113180.000000,121195.000000,14061.000000,13056.000000,24666.000000,11319.000000,12568.000000,238965.000000,35135.000000,13185.000000,20070.000000,14015.000000,103670.000000,15264.000000,15370.000000
22116.000000,36451.000000,18619.000000,16942.000000,18004.000000,15003.000000,15143.000000,12987.000000,16089.000000,20058.000000,19330.000000,20599.000000,16837.000000,33818.000000,22182.000000,24885.000000,38082.000000,25505.000000,25547.000000,23410.000000,32128.000000,29085.000000,39139.000000,37092.000000,19488.000000,31604.000000,22327.000000,29162.000000,44718.000000,27312.000000,40909.000000,148825.000000,100574.000000,96012.000000,81685.000000,96577.000000,69109.000000,42658.000000,45143.000000,69137.000000,67018.000000,69975.000000,84174.000000,76372.000000,104190.000000,158877.000000,364222.000000,253351.000000,113141.000000,118941.000000,97522.000000,98747.000000,114478.000000,113606.000000,696789.000000,131804.000000,143597.000000,124861.000000,140831.000000,138137.000000,719359.000000,883309.000000,210081.000000,197879.000000,252870.000000,320859.000000,241217.000000,249199.000000,257640.000000,321976.000000,262225.000000,268964.000000,277973.000000,882858.000000,285351.000000
1261149.000000,1266042.000000,1266168.000000,1162635.000000,1133935.000000,1211046.000000,1178273.000000,1202072.000000,1201200.000000,1211770.000000,1234474.000000,1202507.000000,1177756.000000,1015210.000000,1050615.000000,1262734.000000,1214590.000000,1206768.000000,1040115.000000,1074621.000000,1105224.000000,1117462.000000,1098422.000000,1047607.000000,1030691.000000,1133180.000000,1383491.000000,1341664.000000,1279165.000000,1220881.000000,1240491.000000,1229926.000000,1253950.000000,1242051.000000,1213603.000000,1374164.000000,1404862.000000,1409291.000000,1448784.000000,1421970.000000,1488838.000000,1463856.000000,1493763.000000,1649205.000000,1587213.000000,1970461.000000,1747087.000000,1868060.000000,1780485.000000,1541985.000000,1823793.000000,1867338.000000,1843143.000000,1849047.000000,1826699.000000,1701315.000000,1764674.000000,1760921.000000,1943808.000000,1994931.000000,2259283.000000,2121389.000000,2005448.000000,2321122.000000,1675341.000000,1956851.000000,2234430.000000,1797162.000000,1942701.000000,2199774.000000,2181143.000000,1845540.000000,2233649.000000,1843341.000000,1927955.000000
69982.000000,834738.000000,731026.000000,784889.000000,850458.000000,835247.000000,814148.000000,777186.000000,807130.000000,788649.000000,706329.000000,808100.000000,792165.000000,766645.000000,759392.000000,766210.000000,809349.000000,729914.000000,819154.000000,811992.000000,752943.000000,815674.000000,803506.000000,842829.000000,715634.000000,886227.000000,1221914.000000,1101772.000000,1270930.000000,806645.000000,1195564.000000,733280.000000,706675.000000,754260.000000,914865.000000,820980.000000,767019.000000,751304.000000,803532.000000,1157393.000000,1236751.000000,944044.000000,832366.000000,831140.000000,1083425.000000,1101123.000000,1422269.000000,1466022.000000,1398691.000000,1401696.000000,1394976.000000,1375789.000000,1549240.000000,1656472.000000,1704230.000000,1759350.000000,1825675.000000,1893524.000000,1679524.000000,1868382.000000,1734800.000000,1815921.000000,1742044.000000,1711014.000000,2059557.000000,1893388.000000,1988604.000000,2063414.000000,2029968.000000,2199759.000000,2249599.000000,2245593.000000,2236213.000000,2488122.000000,2394273.000000
107.000000,0.000000,0.000000,0.000000,0.000000,0.000000,0.000000,0.000000,0.000000,3543.000000,0.000000,32.000000
5089.000000,1134.000000,3477.000000,22396.000000,94284.000000,4884.000000,2203.000000,2851.000000,3829.000000
0.000000,0.000000,43.000000,4.000000,47.000000,0.000000,72.000000,2.000000,17.000000,0.000000,0.000000
409.000000,123.000000,0.000000,75.000000,1590.000000,3.000000,1598.000000,2927.000000,1548.000000,51.000000,1670.000000,25.000000,1585.000000,1597.000000,50.000000,1569.000000,2854.000000,169.000000,2902.000000,165.000000,5747.000000,228.000000,4492.000000,288.000000,6582.000000,342.000000,10553.000000,563.000000,11916.000000,696.000000,639.000000,15673.000000,934.000000,842.000000,878.000000,20749.000000,1308.000000,1301.000000,1327.000000,25910.000000,22768.000000,33555.000000,30813.000000,28808.000000,32381.000000,38233.000000,35737.000000,37134.000000,43045.000000,43730.000000,266918.000000,182585.000000,32573.000000,40782.000000,23534.000000,8590.000000,7692.000000,9953.000000,9963.000000,8582.000000,22842.000000,13405.000000,11371.000000,11527.000000,23007.000000,31785.000000,111708.000000,12098.000000,12389.000000,13218.000000,22793.000000,20404.000000,15805.000000,20789.000000,134740.000000
21823.000000,34343.000000,35160.000000,29906.000000,17165.000000,14309.000000,11516.000000,11777.000000,23451.000000,12503.000000,12019.000000,15194.000000,13994.000000,22710.000000,27673.000000,24893.000000,33651.000000,19057.000000,27723.000000,29641.000000,33515.000000,19885.000000,23986.000000,43264.000000,23205.000000,40848.000000,36421.000000,27475.000000,42628.000000,31325.000000,29279.000000,38969.000000,38808.000000,38252.000000,33194.000000,47516.000000,35628.000000,50354.000000,53660.000000,56426.000000,96016.000000,230136.000000,141260.000000,123272.000000,61271.000000,93116.000000,109397.000000,102990.000000,151709.000000,127737.000000,432293.000000,157181.000000,194223.000000,124400.000000,165698.000000,175607.000000,404294.000000,184625.000000,176875.000000,237154.000000,191229.000000,496602.000000,183323.000000,313184.000000,212124.000000,216976.000000,306610.000000,252077.000000,283099.000000,247498.000000,738109.000000,335343.000000,273905.000000,591543.000000,396764.000000
1097553.000000,1125986.000000,1130621.000000,1009016.000000,994454.000000,988436.000000,1016681.000000,987655.000000,938456.000000,936604.000000,959889.000000,1120479.000000,1137014.000000,1333039.000000,1293142.000000,1213340.000000,1219006.000000,1295664.000000,1249932.000000,1424718.000000,1375252.000000,1325520.000000,1476869.000000,1375621.000000,1334402.000000,1422939.000000,1387620.000000,1345851.000000,1272247.000000,1143913.000000,1188880.000000,1202309.000000,1278654.000000,1175523.000000,1306009.000000,1247864.000000,2046250.000000,1247242.000000,1953316.000000,1343898.000000,1473947.000000,1388323.000000,1446546.000000,1445582.000000,1446617.000000,1459449.000000,1408491.000000,1349982.000000,1361297.000000,1530554.000000,1553675.000000,1480931.000000,1327690.000000,1302918.000000,1363613.000000,1198342.000000,1247420.000000,1289586.000000,1352566.000000,1236661.000000,1384852.000000,1231644.000000,1170299.000000,1139360.000000,1237179.000000,1257441.000000,1203588.000000,1321862.000000,1312312.000000,1353907.000000,1295510.000000,1297968.000000,1159464.000000,1240528.000000,1272073.000000
56317.000000,724985.000000,758854.000000,754791.000000,739057.000000,782058.000000,711204.000000,693439.000000,702428.000000,845425.000000,731095.000000,751728.000000,780734.000000,988891.000000,981376.000000,832846.000000,796802.000000,802840.000000,784864.000000,737504.000000,750339.000000,782538.000000,746474.000000,838298.000000,865533.000000,1200862.000000,899361.000000,1117256.000000,970389.000000,868564.000000,857447.000000,749436.000000,948590.000000,904841.000000,1097350.000000,995771.000000,1150515.000000,1108805.000000,809495.000000,761857.000000,808961.000000,793575.000000,861065.000000,953918.000000,904957.000000,913557.000000,924528.000000,947431.000000,976244.000000,1127015.000000,1070269.000000,1068615.000000,1034809.000000,1071159.000000,1083814.000000,1145238.000000,1110683.000000,1176712.000000,1226925.000000,1275930.000000,1366705.000000,1335381.000000,1313551.000000,1380130.000000,1470166.000000,1504849.000000,1602952.000000,1598517.000000,1676756.000000,1649597.000000,1585414.000000,1755314.000000,1597887.000000,1704595.000000,1965191.000000
102.000000,0.000000,0.000000,0.000000,0.000000,0.000000,0.000000,0.000000,0.000000,3556.000000,0.000000,36.000000
4609.000000,1215.000000,3302.000000,1739.000000,1521.000000,1753.000000,5543.000000,4363.000000,28739.000000
0.000000,0.000000,3.000000,13.000000,6.000000,7.000000,41.000000,9.000000,7.000000,0.000000,0.000000
403.000000,74.000000,3.000000,79.000000,1615.000000,18.000000,1552.000000,1604.000000,2462.000000,10.000000,1654.000000,20.000000,1530.000000,1560.000000,49.000000,1611.000000,2978.000000,127.000000,4400.000000,168.000000,4306.000000,220.000000,4688.000000,291.000000,6717.000000,404.000000,10622.000000,552.000000,9766.000000,783.000000,669.000000,15568.000000,975.000000,973.000000,987.000000,21895.000000,1402.000000,1310.000000,1398.000000,27246.000000,23084.000000,31729.000000,31127.000000,29647.000000,32227.000000,36431.000000,36939.000000,38752.000000,41280.000000,43962.000000,291545.000000,212946.000000,33136.000000,41607.000000,9682.000000,9621.000000,9972.000000,8985.000000,12303.000000,11474.000000,107168.000000,14784.000000,21933.000000,23706.000000,22361.000000,116753.000000,14371.000000,12836.000000,13673.000000,14663.000000,250742.000000,36110.000000,16362.000000,17282.000000,52747.000000
44050.000000,19547.000000,56411.000000,53095.000000,16558.000000,16762.000000,20057.000000,16662.000000,66358.000000,50306.000000,71889.000000,72973.000000,75009.000000,87031.000000,82715.000000,80801.000000,115886.000000,82810.000000,75502.000000,63480.000000,126842.000000,66074.000000,64902.000000,98414.000000,67654.000000,105380.000000,151337.000000,100778.000000,107848.000000,78801.000000,72695.000000,209372.000000,176693.000000,89616.000000,102965.000000,92522.000000,93880.000000,146065.000000,122617.000000,115800.000000,102822.000000,118037.000000,124778.000000,114216.000000,131787.000000,120583.000000,151731.000000,127263.000000,142668.000000,130265.000000,123518.000000,157877.000000,142736.000000,163687.000000,264700.000000,677334.000000,230893.000000,163531.000000,178585.000000,204276.000000,193634.000000,1195475.000000,212725.000000,213603.000000,235617.000000,228987.000000,1655512.000000,239606.000000,232647.000000,255273.000000,308910.000000,284708.000000,274948.000000,343984.000000,1762417.000000
1196403.000000,1159450.000000,1156142.000000,1146633.000000,1153691.000000,1154340.000000,1159118.000000,1141644.000000,1155881.000000,1166658.000000,1165826.000000,1173002.000000,1139563.000000,1200318.000000,1170459.000000,1157161.000000,1146109.000000,1214442.000000,1192021.000000,1196364.000000,1239320.000000,1217948.000000,1279318.000000,1251056.000000,1278898.000000,1241484.000000,1253627.000000,1263464.000000,1183810.000000,1432888.000000,1397824.000000,1410512.000000,1247559.000000,1131678.000000,1132166.000000,1192409.000000,999028.000000,1140518.000000,1113672.000000,1045178.000000,964481.000000,1037001.000000,1749398.000000,1170753.000000,943714.000000,990696.000000,975950.000000,930539.000000,942425.000000,962439.000000,922242.000000,959698.000000,982372.000000,1048205.000000,1007946.000000,1004172.000000,1018431.000000,1022151.000000,1046992.000000,1037911.000000,1042958.000000,1068013.000000,1105572.000000,1115623.000000,1081002.000000,1140939.000000,1149570.000000,1143225.000000,1145442.000000,1304888.000000,1286674.000000,1208670.000000,1388159.000000,1526334.000000,1423628.000000
58938.000000,755975.000000,701279.000000,706573.000000,917802.000000,1156782.000000,835506.000000,792239.000000,817383.000000,730470.000000,862350.000000,826661.000000,814721.000000,815905.000000,1139527.000000,1171071.000000,958155.000000,819142.000000,867860.000000,790091.000000,729740.000000,702291.000000,703763.000000,803756.000000,776754.000000,753027.000000,861635.000000,807069.000000,901069.000000,796265.000000,813732.000000,840045.000000,787018.000000,713094.000000,729133.000000,714324.000000,736732.000000,754209.000000,784453.000000,837822.000000,866881.000000,890070.000000,1022040.000000,898491.000000,912018.000000,943843.000000,1271957.000000,959086.000000,1143451.000000,1064748.000000,1248575.000000,884741.000000,1102838.000000,957987.000000,1002496.000000,1099130.000000,1124957.000000,923079.000000,1041891.000000,1336904.000000,1180084.000000,1123151.000000,1306995.000000,1470106.000000,1005496.000000,1026707.000000,1035849.000000,1260789.000000,1132796.000000,1126020.000000,1453075.000000,1424699.000000,1366113.000000,1283808.000000,1271885.000000
74.000000,0.000000,0.000000,0.000000,0.000000,0.000000,0.000000,0.000000,0.000000,5084.000000,22.000000,36.000000
4015.000000,1355.000000,3208.000000,1623.000000,1604.000000,3937.000000,13769.000000,3553.000000,2357.000000
5.000000,0.000000,33.000000,79.000000,8.000000,18.000000,62.000000,47.000000,46.000000,0.000000,0.000000
320.000000,76.000000,17.000000,107.000000,1574.000000,36.000000,1563.000000,2591.000000,1644.000000,49.000000,1863.000000,54.000000,1555.000000,1576.000000,70.000000,1444.000000,3911.000000,129.000000,3223.000000,171.000000,4573.000000,279.000000,4562.000000,338.000000,5909.000000,409.000000,10089.000000,629.000000,11771.000000,791.000000,668.000000,18957.000000,1018.000000,922.000000,963.000000,21476.000000,1477.000000,1314.000000,1450.000000,26727.000000,25781.000000,31225.000000,28204.000000,31143.000000,32862.000000,35731.000000,35525.000000,39350.000000,38859.000000,45116.000000,491513.000000,36907.000000,35618.000000,23650.000000,9153.000000,7445.000000,10096.000000,9860.000000,8899.000000,11643.000000,80366.000000,113249.000000,15889.000000,11664.000000,25071.000000,11634.000000,12894.000000,122928.000000,15684.000000,15883.000000,15691.000000,15933.000000,38574.000000,20068.000000,17570.000000
21378.000000,15992.000000,37845.000000,36355.000000,19439.000000,53390.000000,62665.000000,20741.000000,17624.000000,13487.000000,18183.000000,24171.000000,17620.000000,18424.000000,18830.000000,24651.000000,63773.000000,20957.000000,37896.000000,68453.000000,31914.000000,19881.000000,20434.000000,30256.000000,20745.000000,32574.000000,34178.000000,32333.000000,49223.000000,36752.000000,27153.000000,44907.000000,45794.000000,76145.000000,104704.000000,129096.000000,44461.000000,57191.000000,58303.000000,56797.000000,76488.000000,78962.000000,114411.000000,177974.000000,126230.000000,130814.000000,137395.000000,140322.000000,140475.000000,146347.000000,137328.000000,145428.000000,119776.000000,182732.000000,906924.000000,1147220.000000,195033.000000,177086.000000,193027.000000,191910.000000,283547.000000,653319.000000,197605.000000,214256.000000,270722.000000,516263.000000,247057.000000,311685.000000,261020.000000,412483.000000,278330.000000,331434.000000,361756.000000,877442.000000,293668.000000
1051175.000000,969478.000000,988650.000000,1044461.000000,1106688.000000,1021666.000000,1255824.000000,1020090.000000,1116772.000000,1234512.000000,7254165.000000,1214927.000000,1026351.000000,943948.000000,1647036.000000,1053697.000000,1259939.000000,1238141.000000,1252869.000000,1494591.000000,1300450.000000,1210366.000000,1282661.000000,1243768.000000,1524948.000000,1343348.000000,1641405.000000,1308228.000000,1292932.000000,1146316.000000,1123766.000000,1097802.000000,1078026.000000,1190614.000000,1228598.000000,1251683.000000,1310742.000000,1326173.000000,1179705.000000,1134074.000000,1242171.000000,1224417.000000,1249880.000000,1559826.000000,1551126.000000,1972062.000000,1509047.000000,1487565.000000,1508280.000000,1514769.000000,1647460.000000,1722972.000000,1550702.000000,1617176.000000,1657148.000000,1908479.000000,3641073.000000,2403374.000000,2712164.000000,2181448.000000,2229927.000000,2120289.000000,2120385.000000,3948280.000000,1697691.000000,2172549.000000,1521382.000000,1511673.000000,1749784.000000,1434721.000000,1466224.000000,1397082.000000,1453248.000000,1673453.000000,1473218.000000
59245.000000,714314.000000,997714.000000,704256.000000,693303.000000,714965.000000,752316.000000,795322.000000,841671.000000,817311.000000,772064.000000,797783.000000,696327.000000,778317.000000,979074.000000,941119.000000,876118.000000,1030364.000000,806328.000000,796968.000000,862932.000000,769463.000000,730607.000000,745054.000000,748486.000000,899824.000000,1061429.000000,960056.000000,850781.000000,967034.000000,817386.000000,800289.000000,795029.000000,972170.000000,1128655.000000,803361.000000,793737.000000,849378.000000,870320.000000,939837.000000,883159.000000,1017226.000000,922290.000000,1078475.000000,887129.000000,980824.000000,1011380.000000,920608.000000,923022.000000,934260.000000,1070370.000000,985611.000000,1011217.000000,867557.000000,939007.000000,1429481.000000,1430255.000000,1071876.000000,1385562.000000,1140869.000000,1176767.000000,1132018.000000,1365591.000000,1545700.000000,1309547.000000,1329761.000000,1147569.000000,1133876.000000,1260891.000000,1503138.000000,1559848.000000,1245287.000000,1374563.000000,1373219.000000,1396418.000000
95.000000,0.000000,0.000000,0.000000,0.000000,0.000000,0.000000,0.000000,0.000000,3756.000000,0.000000,32.000000
4780.000000,1266.000000,3299.000000,1610.000000,1537.000000,1708.000000,5142.000000,2254.000000,2353.000000
7.000000,0.000000,45.000000,81.000000,7.000000,25.000000,39.000000,0.000000,0.000000,0.000000,6.000000
300.000000,87.000000,0.000000,76.000000,1668.000000,57.000000,81.000000,3057.000000,2919.000000,23.000000,2635.000000,41.000000,1819.000000,1719.000000,93.000000,1366.000000,4037.000000,176.000000,2869.000000,209.000000,5625.000000,222.000000,4506.000000,332.000000,6459.000000,320.000000,10531.000000,566.000000,12929.000000,734.000000,623.000000,15266.000000,954.000000,879.000000,948.000000,20517.000000,1405.000000,1309.000000,1367.000000,25546.000000,50677.000000,33782.000000,30556.000000,30350.000000,32407.000000,35678.000000,35382.000000,38524.000000,69708.000000,44259.000000,570239.000000,33090.000000,34926.000000,24629.000000,9064.000000,6459.000000,8447.000000,8902.000000,7802.000000,10201.000000,79835.000000,64166.000000,12512.000000,13247.000000,23195.000000,10837.000000,11054.000000,172501.000000,32030.000000,12993.000000,12914.000000,23783.000000,168050.000000,21887.000000,20971.000000
126928.000000,96586.000000,58481.000000,75317.000000,64926.000000,60592.000000,60794.000000,75318.000000,79640.000000,61805.000000,74002.000000,74808.000000,83213.000000,88884.000000,84300.000000,84400.000000,141349.000000,84222.000000,90333.000000,110352.000000,143633.000000,71675.000000,141493.000000,94725.000000,115797.000000,151564.000000,130704.000000,192959.000000,184468.000000,159061.000000,88829.000000,113757.000000,149627.000000,105105.000000,93794.000000,139783.000000,95899.000000,98540.000000,113576.000000,102979.000000,106206.000000,125157.000000,114413.000000,132487.000000,122029.000000,141433.000000,235862.000000,477546.000000,181680.000000,130083.000000,142216.000000,133921.000000,149237.000000,143313.000000,162383.000000,180807.000000,757920.000000,164754.000000,162944.000000,173613.000000,897301.000000,206363.000000,1489519.000000,200553.000000,252068.000000,227621.000000,220684.000000,842805.000000,269491.000000,310805.000000,441758.000000,315863.000000,281657.000000,311169.000000,271793.000000
1099436.000000,1102680.000000,1160959.000000,1156344.000000,1150968.000000,1154582.000000,1086019.000000,1146505.000000,1114192.000000,1128255.000000,1114627.000000,1053644.000000,1029858.000000,1100354.000000,1283586.000000,1209904.000000,1188394.000000,1105179.000000,1087332.000000,1198723.000000,1222406.000000,1183754.000000,1141309.000000,1166261.000000,1229580.000000,1189876.000000,1146901.000000,1170175.000000,1195759.000000,1191040.000000,1263881.000000,1207243.000000,1193852.000000,1218837.000000,1190299.000000,1197008.000000,1230043.000000,1389288.000000,1294191.000000,1336037.000000,1363325.000000,1490112.000000,1484550.000000,1533147.000000,1604883.000000,1507605.000000,1555024.000000,1576982.000000,1590972.000000,2345659.000000,1598765.000000,1548070.000000,1723767.000000,2055331.000000,2535608.000000,1894476.000000,1951282.000000,2448436.000000,1987042.000000,2033394.000000,1886018.000000,1957140.000000,1904834.000000,2133867.000000,2078878.000000,2383919.000000,1983010.000000,2039430.000000,1725214.000000,1802604.000000,1864559.000000,1487604.000000,1476427.000000,1504586.000000,1376680.000000
64052.000000,825417.000000,753730.000000,794822.000000,843570.000000,711075.000000,690880.000000,699954.000000,706391.000000,748717.000000,758506.000000,751549.000000,763314.000000,770539.000000,699769.000000,704074.000000,855295.000000,1028383.000000,866036.000000,891275.000000,914714.000000,875071.000000,947029.000000,713141.000000,664656.000000,770927.000000,838681.000000,855427.000000,1035418.000000,824024.000000,814367.000000,838270.000000,1015773.000000,775319.000000,851370.000000,898129.000000,787916.000000,812551.000000,841282.000000,1143989.000000,895133.000000,871147.000000,823962.000000,823465.000000,822550.000000,768566.000000,780917.000000,799452.000000,924173.000000,890570.000000,883574.000000,914235.000000,888434.000000,1531156.000000,948983.000000,1092916.000000,1103190.000000,1081121.000000,1199907.000000,1229185.000000,1223308.000000,1224311.000000,1294803.000000,1696984.000000,1772877.000000,1878732.000000,2089947.000000,1935884.000000,1810732.000000,2096326.000000,2056414.000000,2119171.000000,2096584.000000,2107502.000000,2312173.000000
116.000000,0.000000,0.000000,0.000000,0.000000,0.000000,0.000000,0.000000,0.000000,3745.000000,0.000000,33.000000
5952.000000,1331.000000,3210.000000,1717.000000,1685.000000,1894.000000,5284.000000,2234.000000,4677.000000
0.000000,0.000000,26.000000,147.000000,46.000000,0.000000,38.000000,32.000000,2.000000,0.000000,15.000000
333.000000,1583.000000,13.000000,91.000000,3065.000000,5.000000,1618.000000,1585.000000,1607.000000,14.000000,1621.000000,0.000000,1575.000000,2838.000000,43.000000,1971.000000,3005.000000,109.000000,5027.000000,134.000000,4536.000000,177.000000,5199.000000,262.000000,5765.000000,380.000000,9554.000000,557.000000,10967.000000,757.000000,612.000000,18657.000000,844.000000,903.000000,926.000000,20238.000000,1445.000000,1270.000000,1318.000000,27284.000000,24849.000000,34291.000000,29387.000000,29623.000000,33020.000000,35111.000000,35725.000000,38771.000000,41204.000000,44553.000000,649520.000000,234835.000000,26263.000000,28617.000000,8747.000000,10856.000000,11132.000000,9927.000000,9467.000000,12177.000000,236069.000000,127659.000000,11754.000000,10796.000000,24185.000000,11666.000000,209555.000000,16720.000000,24702.000000,13620.000000,14411.000000,255869.000000,18391.000000,17172.000000,48962.000000
93319.000000,94147.000000,70551.000000,53933.000000,56183.000000,71312.000000,59692.000000,59571.000000,90007.000000,59795.000000,60504.000000,79705.000000,84939.000000,74919.000000,68541.000000,92924.000000,116266.000000,70839.000000,99533.000000,94728.000000,108625.000000,129983.000000,57688.000000,95707.000000,73159.000000,82213.000000,81095.000000,117834.000000,91969.000000,78990.000000,83087.000000,108924.000000,165768.000000,158102.000000,120556.000000,151800.000000,91412.000000,95187.000000,136207.000000,134098.000000,98364.000000,115691.000000,109614.000000,119689.000000,110446.000000,426464.000000,107514.000000,129263.000000,141369.000000,126592.000000,144634.000000,132267.000000,149800.000000,609268.000000,828301.000000,160041.000000,153160.000000,173649.000000,159916.000000,180883.000000,250829.000000,994314.000000,213073.000000,257190.000000,234600.000000,235658.000000,233842.000000,220610.000000,247476.000000,669038.000000,255645.000000,245704.000000,271929.000000,770113.000000,457017.000000
1235669.000000,1279512.000000,1270895.000000,1234766.000000,1177868.000000,1183777.000000,1153455.000000,1121028.000000,1269900.000000,1275255.000000,1278215.000000,1255436.000000,1250850.000000,1266019.000000,1284786.000000,1270579.000000,1260585.000000,1299600.000000,1315098.000000,1317214.000000,1331805.000000,1350088.000000,1324562.000000,1333451.000000,1647422.000000,1291656.000000,1170193.000000,1225323.000000,1160016.000000,1148264.000000,1163865.000000,1232816.000000,1322289.000000,1411164.000000,1348880.000000,1245345.000000,1260679.000000,1247968.000000,1255822.000000,1367092.000000,1367866.000000,1298573.000000,1342491.000000,1308361.000000,1210080.000000,1177854.000000,1178630.000000,1118932.000000,1068239.000000,973628.000000,1008709.000000,1849428.000000,1121975.000000,979835.000000,1123704.000000,1142893.000000,1119312.000000,994189.000000,1056644.000000,1124997.000000,1017909.000000,1131392.000000,1023940.000000,1034896.000000,1174871.000000,1170995.000000,1101244.000000,1165467.000000,1855514.000000,1121271.000000,1206715.000000,1327101.000000,1121143.000000,1169609.000000,1298671.000000
57281.000000,874463.000000,808032.000000,1043306.000000,812946.000000,834055.000000,687824.000000,717400.000000,844117.000000,996387.000000,688998.000000,688661.000000,742004.000000,699380.000000,793629.000000,715313.000000,686959.000000,778116.000000,757069.000000,835285.000000,868912.000000,836133.000000,834491.000000,728452.000000,812315.000000,746317.000000,941255.000000,940678.000000,914272.000000,793469.000000,779137.000000,736408.000000,736503.000000,839722.000000,999911.000000,948828.000000,1031114.000000,818091.000000,1030909.000000,983883.000000,1094708.000000,918245.000000,986726.000000,1079605.000000,1261839.000000,1189272.000000,1028205.000000,1060420.000000,1241359.000000,949866.000000,1079964.000000,1116519.000000,914633.000000,883614.000000,1160023.000000,1031125.000000,1061045.000000,1434758.000000,1080861.000000,1090427.000000,929399.000000,1856632.000000,1542292.000000,1179653.000000,1226047.000000,1187515.000000,1093506.000000,1111569.000000,1129080.000000,1989275.000000,1177115.000000,1134142.000000,1126745.000000,1078485.000000,1229800.000000
59.000000,0.000000,0.000000,0.000000,0.000000,0.000000,0.000000,0.000000,0.000000,3620.000000,0.000000,31.000000
4042.000000,1333.000000,3169.000000,1773.000000,1626.000000,1877.000000,5300.000000,2433.000000,4028.000000
0.000000,0.000000,4.000000,4.000000,31.000000,2.000000,15.000000,5.000000,13.000000,0.000000,21.000000
416.000000,1874.000000,78.000000,166.000000,3084.000000,76.000000,1591.000000,1671.000000,1586.000000,65.000000,1719.000000,64.000000,2518.000000,3001.000000,102.000000,1605.000000,2962.000000,173.000000,5139.000000,230.000000,4401.000000,258.000000,5285.000000,319.000000,5600.000000,445.000000,8523.000000,590.000000,11356.000000,752.000000,645.000000,18678.000000,895.000000,918.000000,1026.000000,20357.000000,1402.000000,1360.000000,1446.000000,27378.000000,24556.000000,33408.000000,30583.000000,46931.000000,31898.000000,34500.000000,36786.000000,40308.000000,41615.000000,44297.000000,355795.000000,223290.000000,48397.000000,28267.000000,9055.000000,10863.000000,10055.000000,10247.000000,9141.000000,13200.000000,142841.000000,17673.000000,13728.000000,13870.000000,28355.000000,84401.000000,13875.000000,19876.000000,14827.000000,14981.000000,245342.000000,16289.000000,15287.000000,16462.000000,83628.000000
95985.000000,73534.000000,60868.000000,73032.000000,62237.000000,61943.000000,73078.000000,47404.000000,80455.000000,73493.000000,61697.000000,81227.000000,86393.000000,75987.000000,81956.000000,108995.000000,124201.000000,84155.000000,96069.000000,109251.000000,116728.000000,86853.000000,80070.000000,107012.000000,81268.000000,103358.000000,69177.000000,181365.000000,184153.000000,95303.000000,87851.000000,101121.000000,119345.000000,102533.000000,91666.000000,107818.000000,95773.000000,92219.000000,166947.000000,104903.000000,201563.000000,110940.000000,115148.000000,130115.000000,121433.000000,137348.000000,439176.000000,315781.000000,246635.000000,179668.000000,162039.000000,205765.000000,156406.000000,172529.000000,182334.000000,627395.000000,197729.000000,169352.000000,178628.000000,170635.000000,425570.000000,981275.000000,214245.000000,215625.000000,228665.000000,267242.000000,237858.000000,227292.000000,247461.000000,282811.000000,297729.000000,245435.000000,269780.000000,1768888.000000,303974.000000
1189902.000000,1165942.000000,1212453.000000,1224772.000000,1214696.000000,1274055.000000,1173234.000000,1165240.000000,1171028.000000,1164087.000000,1123160.000000,1201878.000000,1237655.000000,1126470.000000,1155845.000000,1334980.000000,1251682.000000,1206513.000000,1144986.000000,1071325.000000,1135921.000000,1182270.000000,1218208.000000,1135910.000000,1119068.000000,1123520.000000,1134952.000000,1185196.000000,1201438.000000,1203142.000000,1225526.000000,1393979.000000,1395648.000000,1463203.000000,1465268.000000,1438359.000000,1428108.000000,1487767.000000,1465138.000000,1478182.000000,1483916.000000,1565622.000000,1541850.000000,1396858.000000,1496523.000000,1545159.000000,1806820.000000,1708238.000000,1452988.000000,1690310.000000,1477055.000000,1709457.000000,1768659.000000,1695744.000000,1526913.000000,1551239.000000,1598376.000000,1366141.000000,1386512.000000,1460801.000000,1207593.000000,1184628.000000,1227263.000000,1275163.000000,1243305.000000,1296842.000000,1431782.000000,1264931.000000,1249313.000000,1968619.000000,1283493.000000,1242297.000000,1249308.000000,1260563.000000,1281236.000000
54211.000000,693657.000000,743325.000000,791246.000000,936834.000000,837512.000000,1134878.000000,898225.000000,987084.000000,823904.000000,730962.000000,900219.000000,971895.000000,957813.000000,837832.000000,841360.000000,893582.000000,830602.000000,864163.000000,809141.000000,715143.000000,798012.000000,899492.000000,1066054.000000,793367.000000,770913.000000,897296.000000,770206.000000,824755.000000,890484.000000,884979.000000,859525.000000,897589.000000,814657.000000,817261.000000,872122.000000,1032648.000000,849880.000000,877283.000000,895097.000000,922275.000000,834085.000000,927499.000000,934682.000000,902838.000000,1021074.000000,863068.000000,916856.000000,903819.000000,833216.000000,837958.000000,911822.000000,933193.000000,983009.000000,1092255.000000,1104684.000000,1188143.000000,1032257.000000,1167172.000000,1112031.000000,1200754.000000,1187530.000000,1233188.000000,1332793.000000,1292744.000000,1300771.000000,1530030.000000,1387104.000000,1167302.000000,1272061.000000,1341657.000000,1356502.000000,1333473.000000,1290820.000000,1299705.000000
105.000000,0.000000,0.000000,0.000000,0.000000,0.000000,0.000000,0.000000,0.000000,3910.000000,0.000000,34.000000
4657.000000,1218.000000,3342.000000,1805.000000,2210.000000,1674.000000,5390.000000,2502.000000,2253.000000
12.000000,0.000000,49.000000,36.000000,0.000000,174.000000,32.000000,0.000000,0.000000,2.000000,0.000000
289.000000,286.000000,1.000000,66.000000,1637.000000,1.000000,86.000000,3147.000000,3152.000000,35.000000,2584.000000,24.000000,1517.000000,1650.000000,60.000000,1356.000000,2909.000000,208.000000,2902.000000,193.000000,5772.000000,223.000000,4306.000000,295.000000,6730.000000,311.000000,10761.000000,539.000000,12098.000000,730.000000,668.000000,15157.000000,972.000000,875.000000,913.000000,20912.000000,1415.000000,1358.000000,1426.000000,25786.000000,22687.000000,33619.000000,30341.000000,29455.000000,32258.000000,35527.000000,35229.000000,38001.000000,68341.000000,43304.000000,503618.000000,252167.000000,32061.000000,40328.000000,11324.000000,9014.000000,9145.000000,9781.000000,9052.000000,11412.000000,39901.000000,56584.000000,12280.000000,12884.000000,25780.000000,11211.000000,106334.000000,136600.000000,16201.000000,12753.000000,13193.000000,59683.000000,30174.000000,17375.000000,17159.000000
94505.000000,61048.000000,73110.000000,72001.000000,65056.000000,60800.000000,59045.000000,62504.000000,66456.000000,73960.000000,60696.000000,80178.000000,57148.000000,70585.000000,56520.000000,46451.000000,112941.000000,63919.000000,64575.000000,76009.000000,101819.000000,64946.000000,79057.000000,134950.000000,119627.000000,86431.000000,68846.000000,89050.000000,203681.000000,66421.000000,57110.000000,127152.000000,144690.000000,76172.000000,109666.000000,115242.000000,125074.000000,81305.000000,79838.000000,114641.000000,104940.000000,107259.000000,125234.000000,113731.000000,426962.000000,419683.000000,111539.000000,99766.000000,173349.000000,250994.000000,119981.000000,169094.000000,140761.000000,1015902.000000,179250.000000,189110.000000,170708.000000,298910.000000,186690.000000,339715.000000,203215.000000,202937.000000,193173.000000,214618.000000,590958.000000,213028.000000,217818.000000,226758.000000,243599.000000,261204.000000,257398.000000,253588.000000,831911.000000,259268.000000,632426.000000
1074056.000000,1050416.000000,1144237.000000,1012129.000000,1051486.000000,1059563.000000,953675.000000,1049766.000000,1168669.000000,1016743.000000,949266.000000,979244.000000,947629.000000,986051.000000,1039695.000000,993881.000000,977007.000000,978316.000000,1004872.000000,971302.000000,951817.000000,977409.000000,1097971.000000,1072788.000000,999576.000000,1006978.000000,1246837.000000,1113647.000000,1051165.000000,1057171.000000,1272961.000000,1234741.000000,1334703.000000,1350021.000000,1360242.000000,1386253.000000,1323755.000000,1226690.000000,1452517.000000,1514003.000000,1315343.000000,1615073.000000,1360277.000000,1288229.000000,1466046.000000,1597066.000000,1442298.000000,1404115.000000,1541247.000000,1740640.000000,1543416.000000,1716789.000000,6466462.000000,1936061.000000,2571978.000000,1486184.000000,1365269.000000,1409763.000000,1338214.000000,1407210.000000,1383059.000000,1230270.000000,1411050.000000,1303505.000000,1223353.000000,1230489.000000,1389113.000000,1295034.000000,1193233.000000,1430255.000000,1570828.000000,1643895.000000,1733533.000000,1577425.000000,1211562.000000
54176.000000,776731.000000,777362.000000,730591.000000,774644.000000,755747.000000,757308.000000,873341.000000,774692.000000,871908.000000,844941.000000,777641.000000,901954.000000,994562.000000,812980.000000,837976.000000,761229.000000,784627.000000,742088.000000,824096.000000,787401.000000,763477.000000,765266.000000,802959.000000,926547.000000,746619.000000,738854.000000,786077.000000,854349.000000,752873.000000,835366.000000,724433.000000,737425.000000,780309.000000,913857.000000,869203.000000,806595.000000,748046.000000,750314.000000,756720.000000,836520.000000,862870.000000,846158.000000,791774.000000,911855.000000,858409.000000,823070.000000,1102546.000000,878691.000000,935747.000000,957251.000000,893289.000000,885590.000000,1059095.000000,935277.000000,1383167.000000,923109.000000,931433.000000,1013250.000000,1057311.000000,1038135.000000,1867828.000000,1885059.000000,1942641.000000,2102370.000000,2121435.000000,2271610.000000,2572382.000000,2343927.000000,1742024.000000,2180196.000000,1760590.000000,1852013.000000,1752464.000000,1817915.000000
106.000000,0.000000,0.000000,0.000000,0.000000,0.000000,0.000000,0.000000,0.000000,3998.000000,0.000000,34.000000
4534.000000,1195.000000,3636.000000,1698.000000,1900.000000,1948.000000,8657.000000,28982.000000,2864.000000
0.000000,0.000000,19.000000,11.000000,19.000000,9.000000,31.000000,28.000000,39.000000,6.000000,0.000000
429.000000,119.000000,14.000000,87.000000,2906.000000,0.000000,1610.000000,1610.000000,2011.000000,52.000000,1667.000000,25.000000,1623.000000,1621.000000,50.000000,1679.000000,3126.000000,137.000000,4403.000000,209.000000,5319.000000,231.000000,4735.000000,330.000000,5796.000000,398.000000,10446.000000,616.000000,9961.000000,805.000000,694.000000,17180.000000,1029.000000,889.000000,954.000000,22139.000000,1486.000000,1318.000000,1413.000000,27588.000000,23554.000000,32492.000000,30512.000000,31240.000000,33876.000000,36716.000000,37340.000000,38941.000000,41705.000000,44796.000000,460444.000000,171958.000000,33375.000000,42389.000000,9752.000000,9862.000000,10480.000000,9244.000000,13116.000000,11467.000000,103059.000000,14082.000000,16100.000000,10613.000000,22555.000000,112479.000000,217651.000000,15018.000000,14129.000000,14304.000000,185833.000000,18780.000000,14690.000000,15185.000000,284551.000000
117845.000000,82219.000000,60395.000000,73107.000000,47680.000000,45047.000000,76352.000000,60363.000000,64881.000000,59842.000000,72036.000000,72877.000000,60968.000000,73384.000000,61524.000000,62152.000000,115237.000000,63295.000000,77782.000000,74796.000000,90874.000000,66343.000000,78136.000000,92803.000000,68559.000000,136064.000000,67404.000000,104411.000000,107761.000000,82387.000000,75309.000000,130876.000000,87396.000000,75500.000000,89473.000000,83250.000000,80943.000000,130204.000000,99087.000000,391408.000000,479228.000000,104414.000000,118513.000000,109096.000000,136385.000000,113972.000000,117865.000000,132392.000000,138996.000000,504337.000000,125978.000000,134577.000000,155464.000000,162945.000000,152914.000000,170244.000000,1080867.000000,256831.000000,179341.000000,227622.000000,158079.000000,439487.000000,357262.000000,201707.000000,241827.000000,267269.000000,236476.000000,285607.000000,330977.000000,411028.000000,986641.000000,337222.000000,331352.000000,1154205.000000,338833.000000
1118002.000000,1109728.000000,1141337.000000,1067979.000000,1045267.000000,1193026.000000,1149051.000000,1066238.000000,1120282.000000,1157703.000000,1043502.000000,1097446.000000,1072954.000000,1058537.000000,1022467.000000,1015076.000000,1023068.000000,1032665.000000,1106356.000000,1072931.000000,1006287.000000,1081540.000000,1126025.000000,1108624.000000,1116051.000000,1110216.000000,1158827.000000,1159086.000000,1141573.000000,1064340.000000,1103829.000000,1118105.000000,1091197.000000,1236392.000000,1234401.000000,1216486.000000,1233066.000000,1304809.000000,1566268.000000,1299689.000000,1389842.000000,1510723.000000,1321917.000000,1414813.000000,1514517.000000,1539118.000000,1599099.000000,1424758.000000,1382523.000000,1355364.000000,1404494.000000,1328435.000000,1323217.000000,1250643.000000,1248302.000000,1382022.000000,1346184.000000,1223900.000000,1259011.000000,1340929.000000,1378010.000000,1089297.000000,1129389.000000,1129101.000000,1212172.000000,1160434.000000,1154266.000000,1339416.000000,1180504.000000,1233403.000000,2189762.000000,1749903.000000,1398451.000000,1412026.000000,1192815.000000
56564.000000,704959.000000,763622.000000,713855.000000,679971.000000,872878.000000,772675.000000,694289.000000,828514.000000,832185.000000,749021.000000,1032728.000000,878349.000000,994693.000000,819342.000000,914362.000000,912621.000000,741908.000000,709797.000000,696250.000000,787212.000000,704386.000000,741326.000000,716623.000000,690417.000000,843933.000000,1016989.000000,893503.000000,794529.000000,794191.000000,956139.000000,839086.000000,820887.000000,864635.000000,883540.000000,1608604.000000,871412.000000,830723.000000,918703.000000,876595.000000,927144.000000,789264.000000,947150.000000,923760.000000,860396.000000,839762.000000,842059.000000,859343.000000,1021282.000000,878384.000000,1098763.000000,853343.000000,992533.000000,1052608.000000,952757.000000,942173.000000,942710.000000,1068968.000000,1015199.000000,1126461.000000,958680.000000,1090676.000000,1038464.000000,1011849.000000,1304584.000000,1163607.000000,1198140.000000,1213100.000000,1418311.000000,1275995.000000,1127738.000000,1115416.000000,1206965.000000,1297412.000000,1299503.000000
108.000000,0.000000,0.000000,0.000000,0.000000,0.000000,0.000000,0.000000,0.000000,4450.000000,12.000000,53.000000
12699.000000,23595.000000,3798.000000,2611.000000,2394.000000,2679.000000,16428.000000,8852.000000,3658.000000
0.000000,0.000000,5.000000,59.000000,250.000000,64.000000,89.000000,248.000000,57.000000,126.000000,0.000000
1816.000000,198.000000,56.000000,191.000000,2326.000000,80.000000,1890.000000,1782.000000,1890.000000,83.000000,1824.000000,82.000000,2036.000000,1801.000000,97.000000,1887.000000,4077.000000,138.000000,3214.000000,216.000000,6611.000000,280.000000,4574.000000,363.000000,5908.000000,509.000000,9406.000000,690.000000,12630.000000,1706.000000,847.000000,19651.000000,1096.000000,915.000000,965.000000,22611.000000,1448.000000,1356.000000,1388.000000,26512.000000,24877.000000,56955.000000,38312.000000,32380.000000,37841.000000,41492.000000,41689.000000,51300.000000,66671.000000,91609.000000,614944.000000,222956.000000,61670.000000,40995.000000,16337.000000,21689.000000,18252.000000,18175.000000,19437.000000,14675.000000,186218.000000,17432.000000,14409.000000,17636.000000,33363.000000,155186.000000,30730.000000,18588.000000,18039.000000,27643.000000,230231.000000,48300.000000,25317.000000,23329.000000,93707.000000
66316.000000,45217.000000,41019.000000,38456.000000,18650.000000,37577.000000,20386.000000,20400.000000,29873.000000,20728.000000,14539.000000,20843.000000,21640.000000,16192.000000,17759.000000,18898.000000,29025.000000,19661.000000,21902.000000,30921.000000,21874.000000,15104.000000,19447.000000,35549.000000,19664.000000,33558.000000,25328.000000,20417.000000,44768.000000,27078.000000,20155.000000,28715.000000,40479.000000,31945.000000,26068.000000,24403.000000,26082.000000,42921.000000,41554.000000,53530.000000,42482.000000,63078.000000,108288.000000,98044.000000,97549.000000,57202.000000,98611.000000,99487.000000,63238.000000,86858.000000,50682.000000,37987.000000,76724.000000,356024.000000,63310.000000,49341.000000,171890.000000,65968.000000,56757.000000,48175.000000,261956.000000,58128.000000,77186.000000,272900.000000,92456.000000,194603.000000,230724.000000,101496.000000,91995.000000,120543.000000,74922.000000,108689.000000,488933.000000,76074.000000,161982.000000
684369.000000,668491.000000,777050.000000,737556.000000,708086.000000,722978.000000,838738.000000,734896.000000,715826.000000,720703.000000,784541.000000,703876.000000,781451.000000,869716.000000,757740.000000,812826.000000,705351.000000,843216.000000,845252.000000,755192.000000,798605.000000,740422.000000,750556.000000,714331.000000,695103.000000,693371.000000,813188.000000,760320.000000,773929.000000,771571.000000,826204.000000,807571.000000,872463.000000,809849.000000,819399.000000,748670.000000,833966.000000,778487.000000,777228.000000,844786.000000,782575.000000,1166951.000000,958956.000000,797048.000000,803777.000000,812687.000000,798756.000000,791319.000000,878088.000000,901700.000000,913967.000000,1127559.000000,1075498.000000,1020225.000000,981013.000000,920992.000000,903301.000000,914145.000000,968901.000000,964587.000000,1002994.000000,1154861.000000,1124163.000000,1188997.000000,1181011.000000,1243839.000000,1152629.000000,1238279.000000,1318212.000000,1254517.000000,1116140.000000,1180257.000000,1250466.000000,1310139.000000,1210901.000000
55439.000000,1258064.000000,758601.000000,776653.000000,743709.000000,720146.000000,788097.000000,705241.000000,706675.000000,708207.000000,694422.000000,729783.000000,735800.000000,703315.000000,701535.000000,727425.000000,741190.000000,754990.000000,732382.000000,695003.000000,723736.000000,825649.000000,712078.000000,776844.000000,801513.000000,800890.000000,968371.000000,817006.000000,1023201.000000,941618.000000,787866.000000,832677.000000,924927.000000,908538.000000,811800.000000,749394.000000,870560.000000,834280.000000,876696.000000,902153.000000,921466.000000,1150305.000000,1006999.000000,1013623.000000,944096.000000,995580.000000,942367.000000,975988.000000,980863.000000,885894.000000,1083353.000000,901834.000000,884784.000000,1060789.000000,883043.000000,1117216.000000,923299.000000,1247252.000000,1123430.000000,1202796.000000,1037694.000000,1254145.000000,1144905.000000,1344051.000000,1182769.000000,1092624.000000,1301682.000000,1286923.000000,1605879.000000,1476002.000000,1663314.000000,1234129.000000,1254463.000000,1919949.000000,2062264.000000
112.000000,0.000000,0.000000,0.000000,0.000000,0.000000,0.000000,0.000000,0.000000,3661.000000,0.000000,34.000000
4563.000000,1267.000000,3343.000000,1830.000000,1559.000000,1943.000000,5300.000000,2451.000000,2289.000000
2.000000,0.000000,33.000000,27.000000,26.000000,14.000000,68.000000,0.000000,7.000000,10.000000,0.000000
464.000000,320.000000,0.000000,124.000000,1655.000000,3.000000,72.000000,3049.000000,3395.000000,15.000000,2661.000000,20.000000,1540.000000,1552.000000,32.000000,1381.000000,2906.000000,186.000000,3180.000000,169.000000,5622.000000,188.000000,4595.000000,306.000000,6389.000000,304.000000,10803.000000,559.000000,11937.000000,690.000000,646.000000,15317.000000,935.000000,855.000000,914.000000,20602.000000,1402.000000,1371.000000,1442.000000,25502.000000,22697.000000,33630.000000,30348.000000,30739.000000,32124.000000,36278.000000,36029.000000,38743.000000,71013.000000,63189.000000,319018.000000,256837.000000,24248.000000,39584.000000,10476.000000,9347.000000,10361.000000,10457.000000,11596.000000,15432.000000,12975.000000,104917.000000,197537.000000,13119.000000,27718.000000,12545.000000,29369.000000,16179.000000,137834.000000,15096.000000,28010.000000,37472.000000,16481.000000,18904.000000,27032.000000
42708.000000,18267.000000,15273.000000,17999.000000,12710.000000,14956.000000,12658.000000,15146.000000,16636.000000,10332.000000,10751.000000,16822.000000,13337.000000,29173.000000,17078.000000,14652.000000,25228.000000,15117.000000,15514.000000,13955.000000,17334.000000,12630.000000,12416.000000,21758.000000,17006.000000,20244.000000,18901.000000,32505.000000,47494.000000,51259.000000,54501.000000,75059.000000,73088.000000,72444.000000,62860.000000,36369.000000,30325.000000,35435.000000,32833.000000,41452.000000,32837.000000,33704.000000,45624.000000,48500.000000,46485.000000,70103.000000,55509.000000,153433.000000,278032.000000,250200.000000,85204.000000,64689.000000,62551.000000,65435.000000,67360.000000,73646.000000,148788.000000,88342.000000,90765.000000,114169.000000,90688.000000,99169.000000,776838.000000,107964.000000,110559.000000,109981.000000,259350.000000,638451.000000,135423.000000,128530.000000,150994.000000,474381.000000,154290.000000,188528.000000,140742.000000
900495.000000,834764.000000,968737.000000,1024418.000000,907877.000000,884001.000000,960026.000000,912361.000000,1135674.000000,846107.000000,884123.000000,864649.000000,885748.000000,777313.000000,774762.000000,732635.000000,739502.000000,846906.000000,854607.000000,874631.000000,871684.000000,885293.000000,848546.000000,842475.000000,871586.000000,935012.000000,1051549.000000,943435.000000,1006336.000000,903815.000000,868207.000000,793234.000000,779931.000000,821339.000000,810413.000000,864337.000000,895349.000000,1019206.000000,1069420.000000,1033401.000000,913396.000000,1025753.000000,1099945.000000,1038993.000000,1034868.000000,1376921.000000,1023633.000000,1037225.000000,1098931.000000,1098953.000000,969048.000000,1007011.000000,1093997.000000,1341189.000000,1070724.000000,1149388.000000,1135189.000000,1184334.000000,1170624.000000,1379875.000000,1247126.000000,1348789.000000,1296889.000000,1257254.000000,1303495.000000,1380258.000000,1374028.000000,1412589.000000,1447165.000000,1643792.000000,1880925.000000,1697292.000000,1552932.000000,1523509.000000,1792191.000000
67621.000000,873025.000000,849740.000000,818944.000000,919794.000000,812167.000000,849681.000000,743810.000000,794120.000000,807264.000000,805302.000000,756945.000000,795162.000000,785265.000000,933262.000000,822889.000000,838589.000000,831299.000000,857277.000000,852247.000000,818117.000000,863803.000000,856622.000000,847201.000000,833264.000000,840870.000000,868788.000000,920019.000000,913664.000000,839138.000000,840415.000000,896021.000000,870778.000000,816678.000000,822423.000000,820783.000000,876543.000000,910846.000000,1070149.000000,1012989.000000,944218.000000,978772.000000,914728.000000,980470.000000,936963.000000,1005089.000000,972684.000000,933088.000000,942106.000000,860499.000000,844861.000000,963925.000000,927477.000000,953810.000000,924768.000000,1057733.000000,1061521.000000,1027918.000000,968286.000000,910682.000000,1385863.000000,1003904.000000,972969.000000,1826475.000000,1125612.000000,1388893.000000,1430602.000000,1178059.000000,1859901.000000,1082675.000000,1129416.000000,1061609.000000,1376750.000000,1616333.000000,1554553.000000
134.000000,0.000000,0.000000,0.000000,0.000000,0.000000,0.000000,0.000000,0.000000,30082.000000,38.000000,0.000000
8079.000000,4075.000000,4701.000000,4405.000000,52919.000000,29177.000000,6032.000000,27439.000000,37113.000000
0.000000,0.000000,28.000000,209.000000,29.000000,15.000000,45.000000,12.000000,74.000000,17.000000,0.000000
1375.000000,227.000000,0.000000,47.000000,1581.000000,0.000000,1516.000000,1603.000000,6229.000000,12.000000,1904.000000,0.000000,4530.000000,1652.000000,12.000000,1704.000000,3535.000000,66.000000,4737.000000,137.000000,5158.000000,204.000000,6295.000000,280.000000,32610.000000,609.000000,15157.000000,685.000000,14599.000000,737.000000,632.000000,18871.000000,938.000000,878.000000,929.000000,21379.000000,1441.000000,1360.000000,1418.000000,29979.000000,24051.000000,38172.000000,61936.000000,31781.000000,40126.000000,37819.000000,40361.000000,39658.000000,43447.000000,50320.000000,271549.000000,201446.000000,39938.000000,38643.000000,15003.000000,9726.000000,10035.000000,9712.000000,10496.000000,9238.000000,22153.000000,16743.000000,14059.000000,12714.000000,27511.000000,25962.000000,40869.000000,15002.000000,12233.000000,23083.000000,185400.000000,86376.000000,17805.000000,21966.000000,25298.000000
62975.000000,41745.000000,11822.000000,13427.000000,18312.000000,12107.000000,14378.000000,14098.000000,20400.000000,13820.000000,11020.000000,17575.000000,14002.000000,14033.000000,21781.000000,19053.000000,33529.000000,19887.000000,21629.000000,348884.000000,27643.000000,21796.000000,19818.000000,22893.000000,18776.000000,24569.000000,21679.000000,20359.000000,30079.000000,26257.000000,22530.000000,42438.000000,44056.000000,55112.000000,32680.000000,18928.000000,29395.000000,20425.000000,21521.000000,24206.000000,29591.000000,29804.000000,27262.000000,31487.000000,31911.000000,33863.000000,35785.000000,153368.000000,282928.000000,46451.000000,79299.000000,43797.000000,37779.000000,37689.000000,46977.000000,321187.000000,53702.000000,48089.000000,51225.000000,52665.000000,56243.000000,204616.000000,67153.000000,101707.000000,474230.000000,91263.000000,322522.000000,94962.000000,96701.000000,98679.000000,766072.000000,120472.000000,118616.000000,470508.000000,135950.000000
915959.000000,916009.000000,1088195.000000,1047961.000000,997108.000000,1064413.000000,1161939.000000,1116142.000000,1158568.000000,1268034.000000,1192177.000000,1127011.000000,1118707.000000,1084045.000000,1129878.000000,1131306.000000,1167711.000000,1097770.000000,1123564.000000,1081056.000000,1045532.000000,1084747.000000,1032477.000000,1168792.000000,1115739.000000,1098382.000000,1237512.000000,1162592.000000,1259610.000000,1187183.000000,1199400.000000,1240723.000000,1304951.000000,1217526.000000,1347849.000000,1432055.000000,1309467.000000,1373937.000000,1417780.000000,1297872.000000,1415206.000000,1488154.000000,1442729.000000,1469198.000000,2202362.000000,1481815.000000,1581261.000000,1745680.000000,1703833.000000,1624540.000000,1704266.000000,1587870.000000,1614209.000000,1868445.000000,1666959.000000,1573285.000000,1890908.000000,1862737.000000,1879635.000000,1979778.000000,1935701.000000,1915893.000000,2395336.000000,2160825.000000,2127923.000000,2179961.000000,2116761.000000,2159807.000000,2268772.000000,2562221.000000,2402211.000000,2471648.000000,2813990.000000,3273691.000000,2807994.000000
100528.000000,1159354.000000,974388.000000,992738.000000,946750.000000,949776.000000,1027010.000000,960474.000000,864597.000000,1045674.000000,1002056.000000,1032406.000000,1065978.000000,1040148.000000,1074460.000000,1002135.000000,1072002.000000,1118513.000000,1245846.000000,1042806.000000,1106140.000000,1037063.000000,1073577.000000,909622.000000,997171.000000,841819.000000,771677.000000,918442.000000,939344.000000,909481.000000,944189.000000,970631.000000,835681.000000,775672.000000,758802.000000,1115622.000000,1035018.000000,1013858.000000,1002330.000000,869778.000000,931741.000000,960818.000000,921583.000000,1018760.000000,997178.000000,1073923.000000,940657.000000,912923.000000,951517.000000,954583.000000,980905.000000,939980.000000,909667.000000,934785.000000,926837.000000,924679.000000,946127.000000,901209.000000,924862.000000,923336.000000,950188.000000,977602.000000,979654.000000,979040.000000,1016468.000000,1006362.000000,1035636.000000,1057516.000000,1006052.000000,1010274.000000,1133785.000000,1094659.000000,1121863.000000,1160152.000000,1180658.000000
106.000000,0.000000,0.000000,0.000000,0.000000,0.000000,0.000000,0.000000,0.000000,3468.000000,0.000000,34.000000
5022.000000,1274.000000,3377.000000,1830.000000,1541.000000,1712.000000,5257.000000,2358.000000,2556.000000
13.000000,0.000000,32.000000,37.000000,19.000000,0.000000,0.000000,0.000000,53.000000,1.000000,23.000000
394.000000,66.000000,0.000000,67.000000,1651.000000,22.000000,81.000000,3016.000000,3012.000000,37.000000,2754.000000,25.000000,1588.000000,1785.000000,36.000000,1367.000000,3033.000000,173.000000,2888.000000,181.000000,5573.000000,226.000000,4345.000000,301.000000,6519.000000,317.000000,10650.000000,568.000000,12201.000000,760.000000,650.000000,15054.000000,1010.000000,969.000000,992.000000,21324.000000,1360.000000,1219.000000,1326.000000,25520.000000,22926.000000,33992.000000,31612.000000,29175.000000,32304.000000,37578.000000,38015.000000,39743.000000,91292.000000,43943.000000,475610.000000,185865.000000,32278.000000,40625.000000,10406.000000,9200.000000,9510.000000,10314.000000,9533.000000,11101.000000,20706.000000,91522.000000,15753.000000,13694.000000,41064.000000,11479.000000,55654.000000,35021.000000,12480.000000,12745.000000,12892.000000,41360.000000,215955.000000,18323.000000,16909.000000
91157.000000,71437.000000,60000.000000,69407.000000,52011.000000,73444.000000,54023.000000,58737.000000,79809.000000,61010.000000,73037.000000,80718.000000,74428.000000,96074.000000,82652.000000,82590.000000,138663.000000,99047.000000,91184.000000,95998.000000,136357.000000,66184.000000,68487.000000,101702.000000,68361.000000,99467.000000,82936.000000,90951.000000,100403.000000,117935.000000,74560.000000,119258.000000,311704.000000,133670.000000,106818.000000,103065.000000,93815.000000,98277.000000,97547.000000,99591.000000,122194.000000,104196.000000,111102.000000,124554.000000,106471.000000,134954.000000,118707.000000,131444.000000,131311.000000,127268.000000,133703.000000,182691.000000,152529.000000,615587.000000,656096.000000,234310.000000,177343.000000,169320.000000,279044.000000,233430.000000,180392.000000,193764.000000,204441.000000,354342.000000,1607592.000000,362194.000000,216228.000000,240065.000000,337116.000000,328992.000000,576399.000000,1909877.000000,270089.000000,355108.000000,261851.000000
1063842.000000,1078804.000000,1151126.000000,1218857.000000,1151400.000000,1135032.000000,1111266.000000,1183905.000000,1169679.000000,1116799.000000,1156763.000000,1128667.000000,1157934.000000,1303729.000000,1279813.000000,1267947.000000,1355790.000000,1308696.000000,1326764.000000,1297923.000000,1175422.000000,1181601.000000,1198688.000000,1186113.000000,1200802.000000,1336249.000000,1333665.000000,1322201.000000,1357482.000000,1356090.000000,1341149.000000,1306242.000000,1408192.000000,1287193.000000,1341425.000000,1271660.000000,1288908.000000,1283979.000000,1356569.000000,1372231.000000,1518104.000000,1412016.000000,1530568.000000,1458233.000000,1456824.000000,1613391.000000,1493376.000000,1546263.000000,1402196.000000,1755773.000000,1834153.000000,1731713.000000,1614099.000000,1646888.000000,1636741.000000,1642837.000000,1766923.000000,1715536.000000,1729748.000000,1855377.000000,1844472.000000,1908386.000000,1889992.000000,2184644.000000,2331931.000000,2072212.000000,2027056.000000,2162339.000000,2327861.000000,2690152.000000,2784512.000000,2370352.000000,2395332.000000,2483889.000000,2705820.000000
89993.000000,888767.000000,871251.000000,899428.000000,832923.000000,803992.000000,1776281.000000,838537.000000,796644.000000,751057.000000,766559.000000,759969.000000,747111.000000,738226.000000,732003.000000,704038.000000,677808.000000,713815.000000,730986.000000,705798.000000,720247.000000,720227.000000,709557.000000,838228.000000,741381.000000,718428.000000,734102.000000,775140.000000,715631.000000,859194.000000,1053505.000000,1024530.000000,1156613.000000,1002077.000000,781601.000000,898103.000000,828095.000000,815091.000000,779406.000000,795920.000000,842986.000000,915593.000000,1070953.000000,1024450.000000,935741.000000,1108372.000000,1056327.000000,963702.000000,1008220.000000,913184.000000,932942.000000,1043416.000000,1176096.000000,1296495.000000,911975.000000,937020.000000,992314.000000,1410053.000000,1290358.000000,1103541.000000,1091163.000000,1197856.000000,1222643.000000,985988.000000,1069552.000000,1231520.000000,1353783.000000,1178969.000000,1270465.000000,1205714.000000,1102643.000000,1144708.000000,1150586.000000,1208220.000000,1394405.000000
72.000000,0.000000,0.000000,0.000000,0.000000,0.000000,0.000000,0.000000,0.000000,3481.000000,17.000000,25.000000
4346.000000,1144.000000,3155.000000,2205.000000,1543.000000,1911.000000,5611.000000,2553.000000,2496.000000
4.000000,0.000000,44.000000,55.000000,34.000000,52.000000,24.000000,0.000000,0.000000,8.000000,3.000000
429.000000,172.000000,21.000000,139.000000,1627.000000,62.000000,113.000000,2904.000000,3194.000000,54.000000,2693.000000,52.000000,1631.000000,1590.000000,70.000000,1422.000000,3041.000000,183.000000,2933.000000,187.000000,5723.000000,217.000000,4334.000000,324.000000,6517.000000,345.000000,10701.000000,615.000000,11904.000000,736.000000,655.000000,16088.000000,1046.000000,934.000000,965.000000,21697.000000,1419.000000,1283.000000,1326.000000,26472.000000,22858.000000,33863.000000,32157.000000,29282.000000,32117.000000,36283.000000,35588.000000,38288.000000,67937.000000,43555.000000,621417.000000,179182.000000,24535.000000,28703.000000,10600.000000,9508.000000,9683.000000,10461.000000,9317.000000,11499.000000,10202.000000,98851.000000,137902.000000,11971.000000,27744.000000,11952.000000,24704.000000,79925.000000,14502.000000,14544.000000,25411.000000,85274.000000,286709.000000,18443.000000,16337.000000
21422.000000,75586.000000,72792.000000,60489.000000,63571.000000,95257.000000,63046.000000,79580.000000,156872.000000,65456.000000,76041.000000,123342.000000,75411.000000,89044.000000,70058.000000,95527.000000,147552.000000,90952.000000,112039.000000,129269.000000,114806.000000,145975.000000,94944.000000,162267.000000,58735.000000,130895.000000,86621.000000,107571.000000,124221.000000,97372.000000,101146.000000,220661.000000,221891.000000,238535.000000,183397.000000,174658.000000,159610.000000,102487.000000,121151.000000,105077.000000,106928.000000,245690.000000,116897.000000,171104.000000,175738.000000,203790.000000,127879.000000,142441.000000,174011.000000,155892.000000,193018.000000,156997.000000,196776.000000,425926.000000,833466.000000,175582.000000,159941.000000,329706.000000,172792.000000,203255.000000,210854.000000,1107049.000000,209598.000000,223594.000000,231748.000000,233606.000000,225119.000000,332662.000000,248842.000000,249235.000000,272509.000000,269088.000000,276519.000000,1431424.000000,315824.000000
1135822.000000,1110074.000000,1236969.000000,1086726.000000,1052103.000000,1273348.000000,1160425.000000,1039043.000000,1062023.000000,1087798.000000,1127694.000000,1120533.000000,1220944.000000,1160967.000000,1223589.000000,1065219.000000,1205078.000000,1205312.000000,1265873.000000,1270715.000000,1298300.000000,1216129.000000,1307570.000000,1195916.000000,1212436.000000,1202993.000000,1212054.000000,1273901.000000,1220073.000000,1297235.000000,1282288.000000,1310368.000000,1299879.000000,1157943.000000,1067410.000000,1096411.000000,1161711.000000,1149878.000000,1192197.000000,1107011.000000,1078347.000000,1059530.000000,1078118.000000,964795.000000,1049074.000000,1180165.000000,1110459.000000,1109020.000000,1034922.000000,962684.000000,1019934.000000,1072671.000000,1043744.000000,1014774.000000,1008854.000000,1026037.000000,1080164.000000,1098868.000000,1116000.000000,1115367.000000,1086371.000000,1116136.000000,1129557.000000,1108330.000000,1136719.000000,1138809.000000,1323354.000000,1201866.000000,1364397.000000,1499299.000000,1326520.000000,1299950.000000,1332849.000000,1364677.000000,1973265.000000
65201.000000,971586.000000,928592.000000,750002.000000,688744.000000,711280.000000,696137.000000,699563.000000,749351.000000,702108.000000,698850.000000,705395.000000,721731.000000,975577.000000,947962.000000,1111152.000000,752988.000000,855286.000000,764730.000000,1022455.000000,1037804.000000,736446.000000,728816.000000,764080.000000,790485.000000,736592.000000,918929.000000,1044325.000000,906802.000000,977149.000000,1035072.000000,1046228.000000,1083147.000000,1001859.000000,959460.000000,918257.000000,906773.000000,960252.000000,1003633.000000,868503.000000,1186323.000000,990285.000000,918005.000000,902624.000000,970123.000000,1214445.000000,1210233.000000,1074404.000000,1050220.000000,1343065.000000,1010773.000000,874719.000000,911023.000000,909707.000000,1237925.000000,1139474.000000,1272867.000000,1122699.000000,1103124.000000,885889.000000,1326092.000000,1373185.000000,1215703.000000,1118310.000000,1575382.000000,7227942.000000,991621.000000,1075342.000000,1148555.000000,1142843.000000,1163977.000000,1095870.000000,1104291.000000,1130762.000000,1189698.000000
92.000000,0.000000,0.000000,0.000000,0.000000,0.000000,0.000000,0.000000,0.000000,3891.000000,0.000000,34.000000
4659.000000,1383.000000,3300.000000,1821.000000,1563.000000,1810.000000,5397.000000,4321.000000,29156.000000
0.000000,0.000000,0.000000,31.000000,33.000000,0.000000,43.000000,37.000000,0.000000,0.000000,0.000000
391.000000,118.000000,11.000000,110.000000,1586.000000,21.000000,1567.000000,1596.000000,1541.000000,52.000000,1760.000000,38.000000,1609.000000,2431.000000,58.000000,1641.000000,2907.000000,140.000000,4133.000000,196.000000,5442.000000,232.000000,4550.000000,334.000000,5664.000000,361.000000,9766.000000,539.000000,10610.000000,722.000000,631.000000,16717.000000,954.000000,875.000000,946.000000,22059.000000,1378.000000,1244.000000,1426.000000,28277.000000,23796.000000,31307.000000,29976.000000,30234.000000,32749.000000,35586.000000,37177.000000,39022.000000,42171.000000,44992.000000,372807.000000,196144.000000,32302.000000,43489.000000,8653.000000,8356.000000,8631.000000,7864.000000,9697.000000,8795.000000,21125.000000,75399.000000,18503.000000,13288.000000,24378.000000,11159.000000,107591.000000,237468.000000,19404.000000,19157.000000,24220.000000,15188.000000,162198.000000,16729.000000,15907.000000
21116.000000,12835.000000,13107.000000,93463.000000,82403.000000,60083.000000,58637.000000,71056.000000,77219.000000,59124.000000,59882.000000,83593.000000,72557.000000,73476.000000,92590.000000,85595.000000,108270.000000,94173.000000,88510.000000,106857.000000,136741.000000,111116.000000,72118.000000,84124.000000,67425.000000,113795.000000,80787.000000,118957.000000,99536.000000,141949.000000,75034.000000,117021.000000,113771.000000,83925.000000,163421.000000,150036.000000,141262.000000,114421.000000,99629.000000,133389.000000,109582.000000,121730.000000,131601.000000,118366.000000,114869.000000,174390.000000,139605.000000,130619.000000,156126.000000,121349.000000,126186.000000,139687.000000,183774.000000,251403.000000,608674.000000,91051.000000,98321.000000,107760.000000,100951.000000,119727.000000,106559.000000,487696.000000,96368.000000,89238.000000,104253.000000,84359.000000,81461.000000,86542.000000,76939.000000,126539.000000,102215.000000,83325.000000,83484.000000,84218.000000,80213.000000
754881.000000,758505.000000,759134.000000,763980.000000,721112.000000,726253.000000,717654.000000,721102.000000,729561.000000,779910.000000,763665.000000,757157.000000,767513.000000,794005.000000,723100.000000,756669.000000,690684.000000,729700.000000,741138.000000,699990.000000,687829.000000,723119.000000,731760.000000,735471.000000,926569.000000,780308.000000,824870.000000,818180.000000,781852.000000,861319.000000,884293.000000,819072.000000,767472.000000,803092.000000,797286.000000,754899.000000,737355.000000,818617.000000,738387.000000,737116.000000,743816.000000,757269.000000,803709.000000,790636.000000,811905.000000,816314.000000,816868.000000,815398.000000,810588.000000,812526.000000,808059.000000,802215.000000,817960.000000,907504.000000,891793.000000,875433.000000,894744.000000,973438.000000,982446.000000,985896.000000,999014.000000,1092773.000000,933227.000000,1007644.000000,1052926.000000,1017594.000000,1088534.000000,1139942.000000,1134615.000000,1310393.000000,1232508.000000,1233636.000000,1261224.000000,1240146.000000,1150261.000000
51038.000000,691806.000000,684709.000000,690343.000000,687142.000000,759853.000000,794477.000000,703295.000000,664259.000000,667521.000000,722528.000000,736332.000000,726779.000000,696862.000000,711665.000000,725311.000000,695382.000000,772580.000000,766803.000000,818381.000000,903869.000000,745846.000000,795046.000000,724603.000000,736549.000000,732155.000000,723670.000000,703482.000000,804537.000000,840417.000000,724290.000000,754194.000000,715654.000000,737592.000000,758695.000000,723890.000000,788279.000000,812210.000000,809794.000000,829420.000000,784975.000000,826629.000000,811323.000000,813388.000000,844720.000000,950816.000000,1073646.000000,1548823.000000,974055.000000,903788.000000,908787.000000,863311.000000,874717.000000,903099.000000,833960.000000,923876.000000,912811.000000,939648.000000,898406.000000,971142.000000,1029877.000000,977631.000000,991028.000000,998444.000000,1045486.000000,1039724.000000,1062599.000000,987438.000000,1700026.000000,1042304.000000,1036628.000000,1057803.000000,1080291.000000,1060891.000000,1823611.000000
152.000000,0.000000,0.000000,0.000000,0.000000,0.000000,0.000000,0.000000,0.000000,4777.000000,0.000000,33.000000
4931.000000,1257.000000,27618.000000,2105.000000,1616.000000,2047.000000,5989.000000,2713.000000,2507.000000
13.000000,0.000000,31.000000,18.000000,62.000000,7.000000,38.000000,0.000000,23.000000,0.000000,0.000000
527.000000,102.000000,0.000000,29.000000,1613.000000,0.000000,52.000000,3132.000000,3120.000000,0.000000,3050.000000,0.000000,1730.000000,1730.000000,0.000000,1379.000000,23995.000000,172.000000,2928.000000,134.000000,5686.000000,177.000000,4604.000000,240.000000,7631.000000,350.000000,11310.000000,541.000000,15565.000000,716.000000,627.000000,18364.000000,938.000000,843.000000,957.000000,21160.000000,1308.000000,1302.000000,1440.000000,25980.000000,23802.000000,34676.000000,30902.000000,34592.000000,33153.000000,37189.000000,37003.000000,44244.000000,79948.000000,51380.000000,418636.000000,42646.000000,42185.000000,38112.000000,26997.000000,38790.000000,24323.000000,34681.000000,30766.000000,36485.000000,95574.000000,119668.000000,21286.000000,27188.000000,42949.000000,23041.000000,20255.000000,110900.000000,44197.000000,29076.000000,17578.000000,18922.000000,127104.000000,20636.000000,17959.000000
139332.000000,81167.000000,80559.000000,63006.000000,86400.000000,57716.000000,47069.000000,45958.000000,92501.000000,60610.000000,62658.000000,73907.000000,76300.000000,103747.000000,80735.000000,64270.000000,86612.000000,78923.000000,65510.000000,54177.000000,115519.000000,66293.000000,82093.000000,127047.000000,75573.000000,139109.000000,89829.000000,122020.000000,127245.000000,90077.000000,81558.000000,131035.000000,194494.000000,226092.000000,272001.000000,259329.000000,130652.000000,105797.000000,127228.000000,110163.000000,119580.000000,150743.000000,143589.000000,149411.000000,134412.000000,170459.000000,154654.000000,152250.000000,162934.000000,616439.000000,245127.000000,122822.000000,113615.000000,132556.000000,93670.000000,101985.000000,101193.000000,408252.000000,102256.000000,132620.000000,122205.000000,114044.000000,161578.000000,158773.000000,124612.000000,114733.000000,275120.000000,1329812.000000,435226.000000,345557.000000,825402.000000,323694.000000,323684.000000,695634.000000,328728.000000
1170830.000000,1131918.000000,1176675.000000,1166599.000000,1217466.000000,1164605.000000,1821286.000000,1137456.000000,1173365.000000,1150324.000000,1112502.000000,1126298.000000,1057110.000000,1039497.000000,1082365.000000,1081567.000000,996639.000000,1031806.000000,1206698.000000,1163528.000000,1132362.000000,1252734.000000,1179187.000000,1112587.000000,1245969.000000,1146575.000000,1145411.000000,1226969.000000,1121092.000000,1113005.000000,1337989.000000,1205256.000000,1476934.000000,1263336.000000,1276467.000000,1283823.000000,1361865.000000,1310194.000000,1267284.000000,1301793.000000,1224277.000000,1244496.000000,1287909.000000,1273075.000000,1371488.000000,1601544.000000,1504022.000000,1470791.000000,1467084.000000,1504660.000000,1528809.000000,1470913.000000,1566561.000000,2012250.000000,1668332.000000,1667293.000000,1858953.000000,1842831.000000,1777769.000000,1951195.000000,1990466.000000,2041665.000000,2170445.000000,2034900.000000,2095661.000000,2388599.000000,2219208.000000,2271215.000000,2228757.000000,2779086.000000,2496279.000000,2498818.000000,2514107.000000,2628969.000000,2661493.000000
96295.000000,1111113.000000,1119135.000000,1023256.000000,1059656.000000,1091203.000000,984682.000000,1014963.000000,1051698.000000,1030287.000000,1008705.000000,1060832.000000,997678.000000,1098287.000000,1077879.000000,1009435.000000,1081796.000000,1238256.000000,1048770.000000,973935.000000,1016269.000000,1034387.000000,956684.000000,1021614.000000,976633.000000,1127091.000000,1233134.000000,1085320.000000,1062399.000000,976277.000000,1051203.000000,1023226.000000,1149804.000000,1105474.000000,1236475.000000,1120716.000000,1143041.000000,1072860.000000,1218152.000000,1277976.000000,1151057.000000,1148061.000000,1297182.000000,1383272.000000,1311203.000000,1338841.000000,1437991.000000,1544721.000000,1470399.000000,1507899.000000,1548390.000000,1462902.000000,1522916.000000,1516753.000000,1516917.000000,1423094.000000,1610832.000000,1557460.000000,1284716.000000,1440930.000000,1352750.000000,1267896.000000,1420058.000000,1264152.000000,1146175.000000,1175504.000000,1277633.000000,1504470.000000,1476994.000000,1175957.000000,1162656.000000,1078207.000000,1359233.000000,1247756.000000,1120981.000000
117.000000,0.000000,0.000000,0.000000,0.000000,0.000000,0.000000,0.000000,0.000000,3434.000000,0.000000,34.000000
4490.000000,1085.000000,3250.000000,1933.000000,1669.000000,1929.000000,5339.000000,2510.000000,2599.000000
5.000000,0.000000,27.000000,70.000000,8.000000,14.000000,61.000000,0.000000,26.000000,0.000000,0.000000
366.000000,141.000000,0.000000,59.000000,1605.000000,1.000000,65.000000,2980.000000,2986.000000,22.000000,2552.000000,11.000000,1503.000000,1554.000000,31.000000,1561.000000,2949.000000,149.000000,2851.000000,173.000000,5526.000000,206.000000,4307.000000,268.000000,6507.000000,316.000000,10470.000000,564.000000,11872.000000,713.000000,620.000000,16442.000000,994.000000,853.000000,954.000000,21680.000000,1457.000000,1312.000000,23971.000000,41361.000000,22939.000000,33585.000000,32118.000000,28486.000000,31906.000000,36669.000000,35327.000000,38622.000000,41763.000000,43216.000000,75546.000000,95948.000000,32470.000000,41837.000000,10437.000000,8446.000000,8632.000000,9091.000000,7768.000000,9815.000000,8732.000000,112547.000000,12513.000000,9974.000000,22305.000000,10409.000000,11169.000000,160680.000000,14613.000000,25097.000000,14530.000000,17205.000000,264638.000000,16160.000000,39300.000000
19407.000000,15819.000000,12992.000000,12995.000000,46483.000000,9926.000000,9648.000000,9573.000000,14402.000000,13292.000000,16062.000000,16582.000000,16565.000000,13338.000000,19145.000000,14736.000000,20856.000000,11663.000000,15264.000000,18265.000000,48668.000000,20898.000000,15640.000000,25923.000000,18103.000000,29762.000000,19524.000000,31714.000000,27882.000000,23102.000000,19309.000000,26480.000000,25480.000000,124064.000000,50485.000000,53035.000000,54967.000000,21008.000000,18322.000000,19333.000000,27808.000000,27247.000000,22346.000000,27225.000000,27541.000000,45417.000000,21896.000000,97361.000000,25369.000000,24719.000000,35189.000000,26288.000000,25913.000000,27569.000000,174544.000000,194421.000000,36355.000000,57416.000000,41748.000000,38802.000000,73551.000000,136106.000000,44002.000000,47840.000000,66488.000000,49038.000000,240938.000000,52817.000000,54247.000000,82275.000000,154220.000000,73218.000000,59264.000000,79467.000000,87921.000000
784211.000000,773901.000000,789395.000000,753971.000000,746849.000000,736155.000000,682174.000000,709131.000000,762984.000000,718409.000000,729849.000000,688181.000000,703101.000000,730245.000000,762873.000000,828666.000000,862516.000000,992155.000000,844795.000000,845197.000000,806467.000000,763681.000000,768267.000000,766387.000000,783835.000000,822191.000000,753869.000000,929112.000000,759859.000000,848915.000000,818696.000000,1064151.000000,757489.000000,794735.000000,752555.000000,831179.000000,905193.000000,907050.000000,948171.000000,786986.000000,782864.000000,814523.000000,750970.000000,754598.000000,830281.000000,781751.000000,803955.000000,889844.000000,1203898.000000,995890.000000,1082573.000000,1073211.000000,1643161.000000,1010833.000000,946877.000000,898166.000000,991896.000000,993054.000000,980500.000000,1048897.000000,1063222.000000,1060464.000000,1170667.000000,1233611.000000,1240924.000000,1169917.000000,1173834.000000,1313111.000000,1137383.000000,1167949.000000,1299058.000000,1182359.000000,1148978.000000,1301443.000000,1150424.000000
54611.000000,799114.000000,730108.000000,757174.000000,796209.000000,759257.000000,777374.000000,714320.000000,758457.000000,712778.000000,769543.000000,836432.000000,707158.000000,838274.000000,731320.000000,810015.000000,790831.000000,780751.000000,758443.000000,729957.000000,665385.000000,700722.000000,876213.000000,803950.000000,781416.000000,807895.000000,821438.000000,781960.000000,722183.000000,715936.000000,743666.000000,753037.000000,774529.000000,750522.000000,733972.000000,838885.000000,798968.000000,902357.000000,829856.000000,821458.000000,788851.000000,814679.000000,797550.000000,800261.000000,853101.000000,853650.000000,845178.000000,809480.000000,1108053.000000,885646.000000,955962.000000,960249.000000,876595.000000,1023098.000000,1198630.000000,1038962.000000,1003815.000000,983681.000000,1058547.000000,968630.000000,1106039.000000,1161737.000000,1017144.000000,1212496.000000,1069747.000000,1179678.000000,1416779.000000,1094835.000000,1051270.000000,1082698.000000,1045921.000000,1804564.000000,1283715.000000,1286871.000000,1440170.000000
121.000000,0.000000,0.000000,0.000000,0.000000,0.000000,0.000000,0.000000,0.000000,3724.000000,0.000000,32.000000
4763.000000,1159.000000,3124.000000,1633.000000,1423.000000,1986.000000,5574.000000,2414.000000,2441.000000
5.000000,0.000000,25.000000,42.000000,35.000000,29.000000,56.000000,0.000000,0.000000,55.000000,8.000000
357.000000,123.000000,0.000000,60.000000,1673.000000,0.000000,80.000000,3005.000000,3018.000000,30.000000,2681.000000,0.000000,1592.000000,1539.000000,28.000000,1501.000000,2970.000000,113.000000,2923.000000,125.000000,5579.000000,187.000000,4456.000000,303.000000,6539.000000,334.000000,10518.000000,547.000000,11992.000000,785.000000,616.000000,15311.000000,1034.000000,1084.000000,993.000000,35005.000000,1411.000000,1272.000000,1402.000000,25703.000000,23089.000000,33918.000000,31422.000000,31286.000000,32280.000000,36525.000000,37908.000000,39643.000000,72085.000000,45846.000000,305108.000000,319010.000000,37434.000000,45173.000000,12074.000000,10973.000000,11490.000000,12092.000000,11082.000000,12834.000000,221569.000000,14030.000000,14907.000000,13371.000000,26838.000000,116362.000000,263641.000000,14228.000000,31777.000000,15542.000000,262304.000000,22690.000000,18199.000000,18972.000000,73214.000000
40474.000000,38978.000000,62296.000000,38538.000000,37846.000000,27716.000000,30960.000000,32038.000000,22186.000000,14912.000000,14112.000000,17544.000000,20727.000000,18455.000000,19753.000000,20603.000000,29837.000000,26059.000000,24584.000000,22425.000000,25838.000000,13406.000000,20011.000000,28618.000000,16504.000000,29842.000000,21045.000000,57199.000000,35699.000000,16773.000000,22063.000000,28238.000000,28820.000000,52109.000000,21670.000000,28377.000000,21394.000000,33007.000000,23341.000000,24280.000000,28791.000000,31414.000000,36288.000000,115864.000000,97834.000000,48881.000000,37354.000000,36049.000000,35618.000000,52868.000000,62021.000000,40937.000000,37009.000000,64942.000000,50970.000000,42515.000000,52757.000000,46813.000000,52054.000000,72371.000000,122231.000000,60101.000000,142502.000000,89468.000000,66088.000000,179717.000000,79127.000000,83632.000000,105932.000000,226368.000000,146542.000000,83345.000000,281956.000000,198344.000000,83021.000000
702581.000000,725140.000000,695051.000000,690090.000000,770515.000000,807732.000000,765057.000000,785025.000000,769497.000000,693946.000000,746415.000000,746653.000000,790651.000000,784772.000000,770328.000000,917948.000000,855016.000000,833235.000000,780990.000000,820852.000000,736636.000000,779795.000000,816906.000000,727005.000000,725208.000000,785129.000000,724378.000000,828888.000000,745667.000000,801270.000000,795817.000000,757863.000000,773701.000000,756265.000000,762267.000000,730397.000000,790119.000000,744534.000000,848341.000000,944950.000000,849916.000000,852812.000000,815398.000000,858043.000000,847888.000000,849881.000000,902178.000000,909412.000000,940345.000000,869357.000000,958206.000000,856370.000000,868191.000000,1014955.000000,897251.000000,898818.000000,904515.000000,983273.000000,939631.000000,1537439.000000,983122.000000,999417.000000,1053491.000000,1005043.000000,1075844.000000,1065107.000000,1098969.000000,1721658.000000,1259264.000000,1939766.000000,1306435.000000,1192374.000000,1212733.000000,1359900.000000,1171287.000000
99382.000000,866297.000000,780572.000000,732638.000000,756058.000000,724504.000000,761257.000000,753574.000000,696457.000000,709795.000000,745120.000000,666082.000000,751383.000000,699765.000000,802278.000000,749199.000000,809577.000000,768800.000000,718547.000000,781693.000000,772799.000000,784527.000000,782293.000000,1454794.000000,822635.000000,843526.000000,841676.000000,836405.000000,814616.000000,806357.000000,888848.000000,925673.000000,1039743.000000,1031130.000000,1096401.000000,1030357.000000,1180613.000000,1210404.000000,1229947.000000,1205641.000000,1206627.000000,1216840.000000,1242347.000000,1261665.000000,1204764.000000,1338911.000000,1346138.000000,1386725.000000,1383325.000000,1423090.000000,1466444.000000,1469131.000000,1457926.000000,1437432.000000,1512893.000000,1505830.000000,1517086.000000,1627890.000000,1659619.000000,1738256.000000,1836423.000000,1783523.000000,1774946.000000,1810295.000000,1912875.000000,2099971.000000,1934405.000000,1923676.000000,2044829.000000,2170110.000000,2174125.000000,2268228.000000,2184906.000000,2343166.000000,2337320.000000
101.000000,0.000000,0.000000,0.000000,0.000000,0.000000,0.000000,0.000000,0.000000,3869.000000,0.000000,35.000000
6203.000000,1260.000000,3407.000000,1734.000000,1662.000000,2062.000000,5542.000000,2375.000000,2533.000000
15.000000,0.000000,26.000000,78.000000,47.000000,12.000000,42.000000,13.000000,52.000000,0.000000,3.000000
489.000000,134.000000,0.000000,92.000000,1651.000000,5.000000,102.000000,3086.000000,3007.000000,35.000000,2929.000000,24.000000,1559.000000,1664.000000,45.000000,1551.000000,3121.000000,240.000000,2996.000000,165.000000,5629.000000,214.000000,4583.000000,306.000000,6743.000000,366.000000,10871.000000,597.000000,12543.000000,794.000000,718.000000,16199.000000,1064.000000,912.000000,971.000000,21199.000000,1471.000000,1266.000000,1338.000000,26710.000000,23676.000000,34407.000000,31538.000000,30428.000000,33273.000000,36872.000000,36899.000000,39274.000000,70586.000000,44828.000000,209772.000000,167488.000000,25306.000000,29564.000000,11283.000000,10343.000000,10379.000000,10795.000000,9792.000000,11529.000000,10669.000000,121839.000000,12963.000000,10459.000000,23696.000000,11392.000000,12233.000000,197354.000000,17359.000000,17694.000000,25121.000000,15158.000000,199937.000000,18704.000000,18382.000000
32591.000000,14904.000000,18295.000000,15176.000000,16775.000000,13733.000000,13711.000000,16486.000000,14571.000000,15043.000000,22964.000000,43594.000000,18902.000000,14707.000000,21498.000000,38668.000000,28118.000000,17638.000000,20860.000000,59422.000000,44908.000000,20853.000000,19482.000000,45463.000000,26877.000000,57286.000000,48888.000000,67366.000000,37970.000000,32036.000000,41764.000000,58798.000000,98341.000000,120783.000000,162175.000000,157698.000000,59118.000000,67996.000000,79430.000000,80807.000000,94046.000000,93525.000000,96702.000000,106006.000000,101135.000000,103153.000000,181031.000000,461820.000000,141212.000000,139784.000000,130094.000000,145672.000000,182756.000000,168450.000000,819490.000000,1198335.000000,188718.000000,197783.000000,193399.000000,184226.000000,172089.000000,887240.000000,204959.000000,290818.000000,226414.000000,215636.000000,966158.000000,259590.000000,256390.000000,550801.000000,243076.000000,273961.000000,1871265.000000,273926.000000,472153.000000
1127730.000000,1055325.000000,1337137.000000,1247287.000000,1049952.000000,1114605.000000,1130455.000000,1215389.000000,1106035.000000,1247553.000000,1105383.000000,7089320.000000,1278838.000000,1284937.000000,1261941.000000,1952996.000000,1322345.000000,1357214.000000,1343999.000000,1376684.000000,1307841.000000,1250630.000000,1296981.000000,1284544.000000,1307059.000000,1597612.000000,1640378.000000,1381464.000000,1281800.000000,1277597.000000,1302429.000000,1331725.000000,1409489.000000,1408108.000000,1387031.000000,1760881.000000,1478172.000000,1630640.000000,1640023.000000,1507480.000000,1532147.000000,1532412.000000,1557922.000000,1590657.000000,1560319.000000,1536328.000000,1525229.000000,1585918.000000,1418076.000000,1468384.000000,1530290.000000,1526235.000000,1546428.000000,1674017.000000,1733406.000000,1877754.000000,2045204.000000,2016754.000000,1932514.000000,1971538.000000,2050709.000000,2048616.000000,2363759.000000,2179662.000000,2114616.000000,2439022.000000,2057369.000000,2140658.000000,2164824.000000,2326147.000000,2322912.000000,2516782.000000,1845326.000000,2019708.000000,1840763.000000
77910.000000,863837.000000,797525.000000,836547.000000,799497.000000,781999.000000,844732.000000,753982.000000,708917.000000,690248.000000,677911.000000,853718.000000,834559.000000,775183.000000,774044.000000,682943.000000,673114.000000,735466.000000,776318.000000,735373.000000,770054.000000,751623.000000,721943.000000,729817.000000,739100.000000,865273.000000,821653.000000,791089.000000,786935.000000,719794.000000,769925.000000,732650.000000,706445.000000,690860.000000,693992.000000,810160.000000,757467.000000,1102583.000000,913299.000000,1039750.000000,896575.000000,767717.000000,791724.000000,778602.000000,802577.000000,808561.000000,819643.000000,826368.000000,954849.000000,949396.000000,985806.000000,973350.000000,934438.000000,892677.000000,893092.000000,984645.000000,972913.000000,948455.000000,1045325.000000,944639.000000,1012615.000000,1085353.000000,1005093.000000,1015285.000000,1085704.000000,1028162.000000,1035670.000000,1066584.000000,1181507.000000,1176272.000000,1208679.000000,1234651.000000,1198205.000000,1469242.000000,1524081.000000
109.000000,0.000000,0.000000,0.000000,0.000000,0.000000,0.000000,0.000000,0.000000,3495.000000,0.000000,33.000000
4236.000000,1091.000000,3066.000000,1573.000000,1478.000000,1912.000000,5283.000000,2529.000000,2686.000000
6.000000,0.000000,54.000000,51.000000,37.000000,51.000000,27.000000,0.000000,19.000000,27.000000,8.000000
386.000000,90.000000,0.000000,70.000000,1624.000000,17.000000,87.000000,3000.000000,2844.000000,14.000000,2498.000000,16.000000,1553.000000,1531.000000,28.000000,1348.000000,2917.000000,163.000000,2856.000000,162.000000,5563.000000,196.000000,4253.000000,257.000000,6427.000000,327.000000,10501.000000,567.000000,12104.000000,720.000000,617.000000,15330.000000,971.000000,852.000000,930.000000,20706.000000,1375.000000,1364.000000,1437.000000,26113.000000,22577.000000,32912.000000,31113.000000,28148.000000,31827.000000,36921.000000,35835.000000,39106.000000,54729.000000,123150.000000,106683.000000,204047.000000,32290.000000,41715.000000,11408.000000,10728.000000,9908.000000,9985.000000,8823.000000,11587.000000,10917.000000,92784.000000,17998.000000,11550.000000,29323.000000,10875.000000,11544.000000,93284.000000,15287.000000,12915.000000,12896.000000,13430.000000,105095.000000,17589.000000,16797.000000
22148.000000,17399.000000,15951.000000,13550.000000,13138.000000,15894.000000,10191.000000,9649.000000,17496.000000,13591.000000,13884.000000,17037.000000,11927.000000,13099.000000,14680.000000,18958.000000,34547.000000,19155.000000,19312.000000,20451.000000,31683.000000,31123.000000,17406.000000,20475.000000,19076.000000,30362.000000,22424.000000,17702.000000,20715.000000,26002.000000,16387.000000,26038.000000,127905.000000,17885.000000,15545.000000,16965.000000,19922.000000,17242.000000,17857.000000,18319.000000,30106.000000,25762.000000,23582.000000,24515.000000,25219.000000,29203.000000,27010.000000,28727.000000,53289.000000,241736.000000,28933.000000,31794.000000,32602.000000,32996.000000,79743.000000,34804.000000,46620.000000,39800.000000,37391.000000,38524.000000,39349.000000,44116.000000,254838.000000,41847.000000,48689.000000,44621.000000,83423.000000,55993.000000,52362.000000,49682.000000,75405.000000,55604.000000,88884.000000,57851.000000,73782.000000
760696.000000,746086.000000,715638.000000,665930.000000,637864.000000,704845.000000,708405.000000,664622.000000,659921.000000,734965.000000,778052.000000,758374.000000,671076.000000,709466.000000,689142.000000,669389.000000,746779.000000,724766.000000,715734.000000,760254.000000,867991.000000,859905.000000,841520.000000,882550.000000,805446.000000,792743.000000,760555.000000,765057.000000,793426.000000,763553.000000,779421.000000,757873.000000,737571.000000,727178.000000,752424.000000,752594.000000,756333.000000,807940.000000,820252.000000,737692.000000,731402.000000,782019.000000,877927.000000,790764.000000,819728.000000,871871.000000,852846.000000,848473.000000,851644.000000,881474.000000,851054.000000,932151.000000,866778.000000,901180.000000,906310.000000,6563676.000000,1717956.000000,2403765.000000,2451702.000000,1969427.000000,2237894.000000,2662075.000000,2186931.000000,2709634.000000,2584572.000000,2961432.000000,2234366.000000,2477692.000000,2775180.000000,2421303.000000,2764168.000000,3181883.000000,2685324.000000,2992115.000000,2891661.000000
134172.000000,1263492.000000,1096209.000000,1065237.000000,1138397.000000,942807.000000,1008555.000000,955281.000000,1024486.000000,1186538.000000,1144075.000000,1113092.000000,1068258.000000,1040818.000000,1029354.000000,943882.000000,963819.000000,877780.000000,960978.000000,934622.000000,818166.000000,837759.000000,845565.000000,913161.000000,811737.000000,840453.000000,867753.000000,767881.000000,832530.000000,773411.000000,806186.000000,814427.000000,734732.000000,738843.000000,785541.000000,782648.000000,805128.000000,731362.000000,766886.000000,759993.000000,778721.000000,854246.000000,849460.000000,829401.000000,872502.000000,949028.000000,834965.000000,880050.000000,945643.000000,872928.000000,929389.000000,969318.000000,945651.000000,920866.000000,1052932.000000,1040853.000000,1022595.000000,953603.000000,1146259.000000,1268515.000000,1171847.000000,1239473.000000,1307546.000000,1093200.000000,987595.000000,974008.000000,991407.000000,1395444.000000,1466755.000000,1411128.000000,1355540.000000,1487558.000000,1459963.000000,1583169.000000,1641414.000000
109.000000,0.000000,0.000000,0.000000,0.000000,0.000000,0.000000,0.000000,0.000000,3476.000000,0.000000,34.000000
5030.000000,1125.000000,3212.000000,1661.000000,1507.000000,1954.000000,5270.000000,2359.000000,4860.000000
0.000000,0.000000,28.000000,25.000000,35.000000,0.000000,26.000000,1.000000,1.000000,2.000000,47.000000
462.000000,1588.000000,27.000000,84.000000,2941.000000,9.000000,1591.000000,3290.000000,1584.000000,12.000000,1603.000000,12.000000,1546.000000,2899.000000,63.000000,1578.000000,2888.000000,76.000000,5297.000000,171.000000,4272.000000,161.000000,5219.000000,283.000000,5608.000000,395.000000,11390.000000,592.000000,11004.000000,732.000000,635.000000,18773.000000,864.000000,861.000000,956.000000,20685.000000,1377.000000,1397.000000,1504.000000,27263.000000,24181.000000,34148.000000,30151.000000,29457.000000,34208.000000,35325.000000,36467.000000,39029.000000,48370.000000,52384.000000,463424.000000,95399.000000,81008.000000,36641.000000,34453.000000,48252.000000,12374.000000,13627.000000,54636.000000,65305.000000,417025.000000,74321.000000,134367.000000,61467.000000,174305.000000,77970.000000,304679.000000,40825.000000,57954.000000,40898.000000,51047.000000,389352.000000,137343.000000,80535.000000,287534.000000
84098.000000,12166.000000,16113.000000,13377.000000,10396.000000,13642.000000,16491.000000,13589.000000,17746.000000,10302.000000,13623.000000,20716.000000,18978.000000,17336.000000,17901.000000,22927.000000,35547.000000,21209.000000,21141.000000,22714.000000,28448.000000,24667.000000,16405.000000,51842.000000,23734.000000,19385.000000,18859.000000,22578.000000,25109.000000,19045.000000,28879.000000,29689.000000,46809.000000,38597.000000,61730.000000,44706.000000,136008.000000,23713.000000,20307.000000,31206.000000,24874.000000,26163.000000,25734.000000,31266.000000,32762.000000,33470.000000,28698.000000,34917.000000,271686.000000,36679.000000,35197.000000,42305.000000,71446.000000,99692.000000,65107.000000,193578.000000,83184.000000,55203.000000,48202.000000,42557.000000,44032.000000,51799.000000,97298.000000,57218.000000,62771.000000,65114.000000,72994.000000,265386.000000,81589.000000,112379.000000,84250.000000,114426.000000,94866.000000,85164.000000,127460.000000
713868.000000,1007698.000000,732048.000000,835777.000000,828920.000000,822150.000000,743209.000000,938191.000000,812573.000000,879380.000000,901249.000000,862879.000000,844757.000000,857111.000000,853717.000000,787371.000000,715307.000000,729181.000000,724717.000000,696210.000000,694680.000000,686425.000000,738794.000000,705621.000000,696235.000000,687823.000000,695628.000000,684825.000000,756890.000000,746632.000000,706077.000000,704668.000000,743031.000000,769779.000000,838777.000000,769805.000000,749866.000000,724152.000000,732342.000000,801652.000000,829061.000000,844406.000000,757289.000000,754950.000000,767299.000000,890543.000000,766786.000000,813889.000000,819213.000000,830582.000000,821116.000000,887768.000000,858865.000000,844780.000000,860690.000000,897272.000000,986282.000000,1005355.000000,978922.000000,1028529.000000,962188.000000,949658.000000,1300499.000000,1218337.000000,1139246.000000,1099278.000000,1341438.000000,1050043.000000,1828932.000000,1158343.000000,1243124.000000,1233153.000000,1926045.000000,1148096.000000,1142320.000000
55260.000000,721496.000000,826482.000000,800022.000000,808705.000000,701030.000000,763997.000000,777153.000000,703594.000000,666518.000000,695801.000000,706943.000000,784672.000000,736710.000000,802111.000000,942104.000000,809439.000000,775282.000000,775979.000000,744885.000000,1119905.000000,715108.000000,734577.000000,735064.000000,741130.000000,791651.000000,863374.000000,1025400.000000,765189.000000,775376.000000,834192.000000,772970.000000,784291.000000,823108.000000,798933.000000,956571.000000,775484.000000,800352.000000,741240.000000,747777.000000,732305.000000,812254.000000,848470.000000,901481.000000,954171.000000,803953.000000,866831.000000,848717.000000,887816.000000,871372.000000,859734.000000,911396.000000,888708.000000,906646.000000,905373.000000,877237.000000,904100.000000,950980.000000,938979.000000,1205211.000000,963179.000000,1012361.000000,948363.000000,1007782.000000,986055.000000,1251258.000000,1271267.000000,1065820.000000,1053487.000000,1089959.000000,1097149.000000,1089425.000000,1084639.000000,1184890.000000,1256308.000000
58.000000,0.000000,0.000000,0.000000,0.000000,0.000000,0.000000,0.000000,0.000000,4006.000000,36.000000,36.000000
5628.000000,1128.000000,3154.000000,2015.000000,1465.000000,2006.000000,5454.000000,14103.000000,2520.000000
14.000000,0.000000,30.000000,70.000000,67.000000,34.000000,46.000000,0.000000,0.000000,0.000000,0.000000
439.000000,97.000000,49.000000,125.000000,1668.000000,71.000000,141.000000,2943.000000,16161.000000,84.000000,2803.000000,56.000000,1596.000000,1632.000000,87.000000,1431.000000,3045.000000,186.000000,2900.000000,226.000000,5561.000000,272.000000,4422.000000,450.000000,8909.000000,421.000000,10615.000000,578.000000,11903.000000,777.000000,664.000000,15545.000000,1047.000000,864.000000,1004.000000,20500.000000,1383.000000,1298.000000,1379.000000,25280.000000,22824.000000,33328.000000,30452.000000,29186.000000,32780.000000,36487.000000,35268.000000,38112.000000,68239.000000,43446.000000,447119.000000,174762.000000,32399.000000,40935.000000,10206.000000,9406.000000,10356.000000,10188.000000,9134.000000,11376.000000,9905.000000,146532.000000,14039.000000,11261.000000,24426.000000,11783.000000,12680.000000,139949.000000,14191.000000,23568.000000,13702.000000,14410.000000,207711.000000,19021.000000,36957.000000
93057.000000,78203.000000,62469.000000,74201.000000,61511.000000,62198.000000,79321.000000,64757.000000,82320.000000,78205.000000,63776.000000,76549.000000,98809.000000,91456.000000,94288.000000,109146.000000,146585.000000,91298.000000,107906.000000,111617.000000,135673.000000,98781.000000,132098.000000,104541.000000,86579.000000,98508.000000,53770.000000,84669.000000,99251.000000,79268.000000,53224.000000,145664.000000,155471.000000,151725.000000,116419.000000,118733.000000,80856.000000,69542.000000,70764.000000,77300.000000,86125.000000,73462.000000,65538.000000,56240.000000,73834.000000,105206.000000,68036.000000,70664.000000,93603.000000,91320.000000,125310.000000,99319.000000,100184.000000,293993.000000,718611.000000,95940.000000,86859.000000,126310.000000,106630.000000,166175.000000,167649.000000,128336.000000,173659.000000,194939.000000,1006842.000000,127414.000000,207175.000000,158075.000000,152738.000000,258561.000000,288063.000000,930782.000000,235501.000000,431718.000000,834892.000000
971221.000000,987608.000000,1099795.000000,1105077.000000,1023750.000000,833729.000000,825285.000000,1117651.000000,946602.000000,896260.000000,794501.000000,868931.000000,789658.000000,838367.000000,953221.000000,925042.000000,911156.000000,961663.000000,928624.000000,943028.000000,947278.000000,1106740.000000,918647.000000,914761.000000,880253.000000,903662.000000,914247.000000,891841.000000,971642.000000,1004341.000000,1032351.000000,1031917.000000,992419.000000,1022935.000000,944921.000000,938663.000000,1015648.000000,1041498.000000,977795.000000,1013450.000000,1182098.000000,1354456.000000,1078858.000000,1091465.000000,1064626.000000,1124898.000000,1298825.000000,1133786.000000,1164137.000000,1136386.000000,1167441.000000,1204946.000000,1198685.000000,1262082.000000,1326358.000000,1394207.000000,1173159.000000,1218863.000000,1250100.000000,1279970.000000,1312528.000000,1340476.000000,1376877.000000,1594330.000000,1486663.000000,1805019.000000,1501991.000000,1537013.000000,1427668.000000,1448016.000000,1741510.000000,1758451.000000,1720913.000000,1781765.000000,1841388.000000
68476.000000,886187.000000,845313.000000,852953.000000,832867.000000,1007114.000000,896171.000000,887629.000000,910231.000000,937059.000000,850308.000000,850270.000000,825020.000000,844437.000000,812628.000000,876022.000000,906255.000000,877114.000000,920195.000000,941059.000000,1056008.000000,902667.000000,908353.000000,875859.000000,944371.000000,849847.000000,865333.000000,890353.000000,937315.000000,928593.000000,912558.000000,1000191.000000,963906.000000,925348.000000,918448.000000,917183.000000,944123.000000,943450.000000,942620.000000,973444.000000,1034489.000000,935909.000000,1062916.000000,958859.000000,1042181.000000,1004936.000000,1055694.000000,1856750.000000,1131163.000000,1091165.000000,1105990.000000,1113850.000000,1128434.000000,1085554.000000,1123230.000000,1135622.000000,1190552.000000,1228293.000000,1216216.000000,1260476.000000,1327144.000000,1257985.000000,1242273.000000,1359970.000000,1340518.000000,1553625.000000,1591000.000000,1750911.000000,1879693.000000,2023671.000000,2193463.000000,2126488.000000,2127612.000000,2145371.000000,2332652.000000
113.000000,0.000000,0.000000,0.000000,0.000000,0.000000,0.000000,0.000000,0.000000,3647.000000,0.000000,34.000000
4798.000000,1309.000000,3285.000000,1677.000000,1496.000000,1947.000000,5663.000000,2448.000000,2750.000000
15.000000,0.000000,72.000000,83.000000,56.000000,14.000000,30.000000,0.000000,25.000000,8.000000,0.000000
705.000000,65.000000,0.000000,72.000000,1612.000000,16.000000,83.000000,2943.000000,2924.000000,15.000000,2747.000000,14.000000,1575.000000,1619.000000,36.000000,1388.000000,3022.000000,123.000000,3077.000000,137.000000,5945.000000,199.000000,4492.000000,268.000000,6801.000000,320.000000,10879.000000,530.000000,12045.000000,762.000000,654.000000,15383.000000,1153.000000,846.000000,914.000000,20680.000000,1367.000000,1378.000000,1417.000000,25805.000000,23477.000000,34186.000000,31195.000000,29908.000000,32927.000000,37012.000000,36327.000000,39938.000000,70642.000000,45296.000000,373549.000000,189336.000000,32393.000000,40695.000000,10388.000000,10414.000000,9950.000000,10168.000000,9308.000000,11335.000000,90522.000000,15047.000000,11607.000000,11415.000000,25687.000000,25711.000000,24895.000000,16896.000000,13071.000000,13540.000000,35934.000000,139698.000000,17559.000000,17347.000000,30679.000000
21365.000000,16972.000000,37653.000000,22853.000000,10337.000000,35409.000000,16484.000000,13488.000000,14593.000000,13271.000000,11063.000000,28639.000000,12616.000000,10295.000000,10469.000000,10341.000000,29157.000000,14196.000000,13915.000000,11446.000000,41276.000000,17584.000000,21186.000000,18991.000000,12261.000000,16498.000000,17900.000000,19619.000000,23352.000000,19425.000000,44924.000000,22811.000000,18845.000000,16147.000000,16513.000000,17184.000000,30231.000000,22393.000000,33752.000000,31736.000000,23877.000000,24200.000000,115501.000000,80595.000000,24849.000000,25545.000000,27667.000000,23895.000000,31577.000000,33569.000000,32853.000000,122365.000000,30134.000000,34199.000000,65525.000000,31428.000000,30649.000000,107913.000000,36549.000000,69235.000000,62910.000000,36533.000000,171058.000000,46590.000000,46367.000000,47780.000000,48717.000000,48210.000000,52880.000000,54859.000000,53055.000000,166186.000000,90714.000000,59843.000000,200122.000000
755095.000000,739825.000000,693071.000000,747046.000000,754047.000000,788905.000000,751740.000000,727461.000000,722953.000000,731925.000000,710373.000000,774585.000000,760747.000000,757339.000000,711708.000000,731801.000000,787843.000000,793156.000000,745284.000000,709045.000000,820803.000000,778445.000000,753042.000000,798871.000000,777084.000000,763464.000000,800636.000000,766245.000000,744474.000000,731472.000000,760235.000000,774771.000000,766252.000000,788864.000000,896464.000000,953918.000000,999462.000000,874950.000000,768654.000000,761019.000000,766112.000000,826298.000000,811131.000000,841980.000000,974353.000000,1162630.000000,901370.000000,878068.000000,999602.000000,894224.000000,863356.000000,847194.000000,927413.000000,1223979.000000,1102463.000000,1070350.000000,1017581.000000,1056147.000000,966908.000000,940886.000000,1039616.000000,994000.000000,1009966.000000,1077614.000000,1014392.000000,1038344.000000,1055821.000000,1043436.000000,1096621.000000,1155377.000000,1045063.000000,1208001.000000,1187068.000000,1124840.000000,1313169.000000
52760.000000,737146.000000,744857.000000,701491.000000,649453.000000,736797.000000,812877.000000,806892.000000,698773.000000,681830.000000,716573.000000,692298.000000,712565.000000,744252.000000,872833.000000,1041930.000000,917334.000000,821583.000000,758881.000000,805841.000000,769748.000000,863194.000000,801492.000000,761702.000000,885526.000000,824374.000000,845295.000000,773914.000000,696940.000000,742484.000000,815615.000000,765071.000000,735750.000000,714395.000000,755230.000000,775491.000000,781534.000000,854771.000000,776684.000000,941749.000000,845028.000000,812198.000000,810388.000000,793616.000000,855141.000000,856220.000000,906344.000000,992201.000000,1041051.000000,937538.000000,1473540.000000,1583387.000000,2128766.000000,1459779.000000,1635369.000000,1552019.000000,1660913.000000,1908721.000000,1774366.000000,1861898.000000,1952784.000000,1824337.000000,1706521.000000,1539191.000000,1495489.000000,1553501.000000,2327904.000000,1663781.000000,1661373.000000,1634726.000000,1916396.000000,1919164.000000,2504174.000000,1888764.000000,1915726.000000
108.000000,0.000000,0.000000,0.000000,0.000000,0.000000,0.000000,0.000000,0.000000,5344.000000,0.000000,34.000000
4184.000000,1340.000000,3285.000000,1643.000000,1705.000000,2297.000000,2182.000000,17634.000000,18630.000000
0.000000,0.000000,6.000000,19.000000,0.000000,15.000000,56.000000,18.000000,48.000000,0.000000,0.000000
382.000000,201.000000,0.000000,60.000000,1625.000000,0.000000,99.000000,1616.000000,1623.000000,25.000000,1723.000000,13.000000,1534.000000,2973.000000,49.000000,1576.000000,3043.000000,119.000000,4214.000000,177.000000,4591.000000,185.000000,5551.000000,318.000000,6473.000000,369.000000,11392.000000,574.000000,10064.000000,744.000000,686.000000,19588.000000,973.000000,886.000000,922.000000,20257.000000,1437.000000,1328.000000,1394.000000,27131.000000,24274.000000,34018.000000,29301.000000,28043.000000,37957.000000,34906.000000,37330.000000,36086.000000,40790.000000,43937.000000,344707.000000,191474.000000,34258.000000,27969.000000,9983.000000,8524.000000,9103.000000,9316.000000,8267.000000,10356.000000,77153.000000,123702.000000,14196.000000,11714.000000,24099.000000,11406.000000,11720.000000,123131.000000,14052.000000,14115.000000,13778.000000,14503.000000,202898.000000,66759.000000,28110.000000
178949.000000,62021.000000,69966.000000,150072.000000,63952.000000,72126.000000,61180.000000,60801.000000,87216.000000,60675.000000,51826.000000,72651.000000,60211.000000,58063.000000,155005.000000,83972.000000,102962.000000,84701.000000,73514.000000,62864.000000,197498.000000,71065.000000,64792.000000,62672.000000,57428.000000,171542.000000,42861.000000,63267.000000,55201.000000,37924.000000,45912.000000,109245.000000,72676.000000,104994.000000,40366.000000,38467.000000,31086.000000,30498.000000,44145.000000,39516.000000,40510.000000,35229.000000,34651.000000,31122.000000,38291.000000,39798.000000,45520.000000,45856.000000,47565.000000,169138.000000,46387.000000,43820.000000,39613.000000,69050.000000,45418.000000,47705.000000,70426.000000,126841.000000,55523.000000,61298.000000,63705.000000,62185.000000,69507.000000,279480.000000,69671.000000,79147.000000,70860.000000,434387.000000,92566.000000,155524.000000,81060.000000,336953.000000,79062.000000,311537.000000,294726.000000
1261438.000000,1333788.000000,1260923.000000,1236977.000000,1352481.000000,1180525.000000,1107040.000000,1143689.000000,1238214.000000,1107496.000000,1162543.000000,1343982.000000,1125368.000000,1166508.000000,1105204.000000,1095631.000000,1217849.000000,1184029.000000,1092265.000000,1008072.000000,1127015.000000,1024143.000000,917467.000000,945511.000000,941975.000000,941225.000000,939787.000000,980096.000000,1028654.000000,1006271.000000,872836.000000,914847.000000,987343.000000,884425.000000,852101.000000,850787.000000,809056.000000,872913.000000,840649.000000,837551.000000,832399.000000,848674.000000,880398.000000,849254.000000,866923.000000,860275.000000,903037.000000,879207.000000,870147.000000,910168.000000,972388.000000,935529.000000,926012.000000,975463.000000,982718.000000,1233425.000000,1047260.000000,1285583.000000,1098197.000000,1036295.000000,1094532.000000,1078418.000000,1056477.000000,1119974.000000,1383617.000000,1204256.000000,1148578.000000,1228569.000000,1171641.000000,1193923.000000,1433458.000000,1541375.000000,1313803.000000,1374639.000000,1392220.000000
58750.000000,724131.000000,808601.000000,896207.000000,719185.000000,715964.000000,741446.000000,816274.000000,815605.000000,736548.000000,757358.000000,1015954.000000,1047285.000000,840865.000000,822882.000000,772170.000000,800379.000000,817793.000000,944314.000000,759196.000000,775506.000000,933630.000000,805807.000000,726967.000000,737124.000000,741863.000000,941989.000000,764164.000000,732904.000000,809071.000000,847124.000000,1037577.000000,847631.000000,855956.000000,921980.000000,980706.000000,905335.000000,923257.000000,906626.000000,932265.000000,1098742.000000,1129858.000000,1796566.000000,1111119.000000,982537.000000,1159900.000000,1146583.000000,1163871.000000,1166516.000000,1251263.000000,1144181.000000,1271360.000000,1357084.000000,1179972.000000,1119516.000000,1185800.000000,1224350.000000,1253915.000000,1334382.000000,1330713.000000,1371426.000000,1339990.000000,1298321.000000,1484669.000000,1436011.000000,1578114.000000,2025981.000000,1411022.000000,1463233.000000,1638952.000000,1443226.000000,1437167.000000,1299749.000000,1333385.000000,1273867.000000
112.000000,0.000000,0.000000,0.000000,0.000000,0.000000,0.000000,0.000000,0.000000,3616.000000,0.000000,36.000000
6452.000000,1149.000000,3313.000000,1890.000000,1608.000000,2016.000000,5601.000000,2375.000000,2652.000000
5.000000,0.000000,46.000000,57.000000,20.000000,19.000000,40.000000,0.000000,3.000000,0.000000,39.000000
528.000000,130.000000,0.000000,84.000000,1729.000000,8.000000,68.000000,3018.000000,3106.000000,29.000000,2756.000000,19.000000,1643.000000,1853.000000,40.000000,1481.000000,3012.000000,185.000000,2930.000000,162.000000,5611.000000,195.000000,4383.000000,300.000000,6863.000000,318.000000,10927.000000,556.000000,12188.000000,754.000000,671.000000,15647.000000,951.000000,845.000000,923.000000,21428.000000,1385.000000,1300.000000,1528.000000,26939.000000,24658.000000,34298.000000,31266.000000,30645.000000,33208.000000,37166.000000,54637.000000,41327.000000,46005.000000,48859.000000,79486.000000,306507.000000,26316.000000,31347.000000,13137.000000,11533.000000,11658.000000,12287.000000,11241.000000,12886.000000,12693.000000,121424.000000,84098.000000,18080.000000,35920.000000,21872.000000,15315.000000,103466.000000,19904.000000,24369.000000,15652.000000,19985.000000,287247.000000,21135.000000,32089.000000
20475.000000,18354.000000,11253.000000,10472.000000,10239.000000,14429.000000,16160.000000,13506.000000,14827.000000,13677.000000,10990.000000,16136.000000,15674.000000,10234.000000,10337.000000,10686.000000,25059.000000,17192.000000,28642.000000,18926.000000,29196.000000,16876.000000,18705.000000,29231.000000,34281.000000,57636.000000,31968.000000,57019.000000,126644.000000,79488.000000,59978.000000,33322.000000,30185.000000,139164.000000,20770.000000,22617.000000,21114.000000,21436.000000,23169.000000,41180.000000,32904.000000,31256.000000,28857.000000,33120.000000,37142.000000,29484.000000,42576.000000,41122.000000,43223.000000,144469.000000,40023.000000,46513.000000,57873.000000,42785.000000,99419.000000,58382.000000,90390.000000,256054.000000,58175.000000,58138.000000,62809.000000,79695.000000,138209.000000,208715.000000,96157.000000,78824.000000,149749.000000,303099.000000,136610.000000,127086.000000,76387.000000,70150.000000,111868.000000,359622.000000,132693.000000
739715.000000,709441.000000,769634.000000,734931.000000,721772.000000,753157.000000,707495.000000,765891.000000,839782.000000,926626.000000,1288760.000000,1296481.000000,1166000.000000,773302.000000,762861.000000,754422.000000,705151.000000,709379.000000,800024.000000,752408.000000,883506.000000,889529.000000,1124579.000000,826136.000000,761387.000000,728329.000000,700950.000000,761695.000000,790170.000000,822156.000000,856910.000000,747165.000000,798808.000000,768514.000000,806694.000000,810912.000000,845639.000000,855090.000000,870323.000000,835672.000000,856535.000000,927921.000000,903068.000000,870645.000000,907044.000000,907103.000000,920959.000000,876799.000000,905836.000000,1049773.000000,932069.000000,912650.000000,1011798.000000,1688420.000000,1261065.000000,1251215.000000,1000966.000000,970816.000000,1014391.000000,956241.000000,1012329.000000,1007225.000000,997268.000000,1005098.000000,1040124.000000,1084614.000000,1096864.000000,1095430.000000,1158056.000000,1169474.000000,1103867.000000,1118242.000000,1184798.000000,1221554.000000,1230891.000000
54389.000000,767772.000000,744227.000000,784855.000000,766908.000000,781037.000000,718153.000000,774551.000000,694550.000000,686555.000000,769819.000000,736319.000000,727173.000000,731054.000000,732954.000000,700859.000000,668678.000000,834225.000000,814579.000000,927992.000000,836985.000000,749453.000000,676994.000000,675343.000000,722441.000000,729995.000000,762547.000000,770396.000000,761203.000000,789186.000000,783200.000000,769459.000000,788931.000000,770126.000000,930620.000000,6360988.000000,815591.000000,1413367.000000,779855.000000,828653.000000,816021.000000,824408.000000,852976.000000,799100.000000,826539.000000,834703.000000,799433.000000,818497.000000,847835.000000,1062186.000000,1196423.000000,1059545.000000,899796.000000,953024.000000,1045699.000000,1212092.000000,1023392.000000,1599040.000000,1608176.000000,1742718.000000,1959961.000000,1739259.000000,1784341.000000,1777531.000000,1857048.000000,1931225.000000,2224753.000000,2118416.000000,1958741.000000,1986466.000000,1933898.000000,2566208.000000,2400396.000000,1893245.000000,1891308.000000
101.000000,0.000000,0.000000,0.000000,0.000000,0.000000,0.000000,0.000000,0.000000,3561.000000,0.000000,38.000000
4920.000000,1295.000000,3330.000000,1801.000000,1603.000000,1968.000000,5847.000000,2512.000000,2561.000000
15.000000,0.000000,22.000000,17.000000,20.000000,0.000000,0.000000,0.000000,20.000000,16.000000,0.000000
544.000000,130.000000,0.000000,83.000000,1708.000000,34.000000,87.000000,3068.000000,3072.000000,30.000000,2838.000000,27.000000,1601.000000,1918.000000,51.000000,1468.000000,2987.000000,211.000000,3001.000000,193.000000,5646.000000,221.000000,4429.000000,323.000000,6633.000000,335.000000,10757.000000,583.000000,12063.000000,742.000000,656.000000,15560.000000,1071.000000,915.000000,1001.000000,21183.000000,1411.000000,1356.000000,1413.000000,26605.000000,23421.000000,34280.000000,31722.000000,29980.000000,32494.000000,36391.000000,36734.000000,39183.000000,70774.000000,45284.000000,553447.000000,180320.000000,31067.000000,40705.000000,10680.000000,9135.000000,9359.000000,10002.000000,9349.000000,11398.000000,162911.000000,15861.000000,13893.000000,13108.000000,25116.000000,83693.000000,169854.000000,22821.000000,12745.000000,12869.000000,95093.000000,17822.000000,17385.000000,18055.000000,116435.000000
44282.000000,17855.000000,13661.000000,13557.000000,16396.000000,20088.000000,22768.000000,11586.000000,18023.000000,12360.000000,12015.000000,18754.000000,24472.000000,23436.000000,19122.000000,18964.000000,24247.000000,15134.000000,24503.000000,22506.000000,25919.000000,23936.000000,25288.000000,23844.000000,30489.000000,22776.000000,34949.000000,26367.000000,42372.000000,26217.000000,22810.000000,46782.000000,40807.000000,48133.000000,30128.000000,34236.000000,25986.000000,34048.000000,36491.000000,26937.000000,38203.000000,30338.000000,31750.000000,31007.000000,28611.000000,31278.000000,42204.000000,38132.000000,40862.000000,42040.000000,46493.000000,49414.000000,105276.000000,124334.000000,71298.000000,97440.000000,48159.000000,86723.000000,59333.000000,52790.000000,278098.000000,63875.000000,79199.000000,69666.000000,100579.000000,329354.000000,85752.000000,87667.000000,77115.000000,302691.000000,68403.000000,73305.000000,181993.000000,85122.000000,115666.000000
756298.000000,788813.000000,828137.000000,755444.000000,721087.000000,848847.000000,788630.000000,716741.000000,763046.000000,778164.000000,794213.000000,800107.000000,759342.000000,785407.000000,766910.000000,794878.000000,873245.000000,745002.000000,795416.000000,873376.000000,822418.000000,765468.000000,752064.000000,730353.000000,829942.000000,889300.000000,885868.000000,870900.000000,838986.000000,1113774.000000,1093693.000000,801636.000000,721512.000000,738010.000000,794666.000000,866907.000000,799728.000000,941302.000000,878944.000000,926928.000000,856492.000000,851535.000000,1000496.000000,872003.000000,874547.000000,901091.000000,1194166.000000,1124811.000000,936734.000000,933157.000000,920741.000000,938153.000000,913196.000000,970403.000000,927066.000000,948073.000000,946360.000000,993939.000000,1063883.000000,1125691.000000,1030786.000000,1057019.000000,1137824.000000,1093133.000000,1033743.000000,1301195.000000,1102109.000000,1063211.000000,1230704.000000,1213073.000000,1302461.000000,1536229.000000,1290155.000000,1196172.000000,1169431.000000
55034.000000,756296.000000,760042.000000,814498.000000,716575.000000,740367.000000,688127.000000,687730.000000,706825.000000,770507.000000,767079.000000,762691.000000,681157.000000,749414.000000,757594.000000,702403.000000,718650.000000,721295.000000,798815.000000,706222.000000,823490.000000,802072.000000,793031.000000,781160.000000,724515.000000,729938.000000,751337.000000,839757.000000,811415.000000,741802.000000,723826.000000,727639.000000,829065.000000,747493.000000,757891.000000,831602.000000,1061441.000000,860197.000000,796585.000000,872774.000000,811732.000000,833328.000000,826825.000000,834044.000000,819359.000000,803625.000000,827196.000000,841482.000000,847377.000000,852872.000000,881608.000000,881254.000000,912472.000000,891456.000000,880470.000000,896449.000000,927813.000000,957983.000000,954395.000000,955616.000000,967357.000000,1005392.000000,1065785.000000,1064232.000000,987147.000000,1055899.000000,1039621.000000,1020665.000000,1010647.000000,1126963.000000,1107585.000000,1108300.000000,1028074.000000,1104671.000000,1163238.000000
398.000000,0.000000,0.000000,0.000000,0.000000,0.000000,0.000000,0.000000,0.000000,3644.000000,0.000000,32.000000
4878.000000,1020.000000,3205.000000,1726.000000,1270.000000,1538.000000,5284.000000,2692.000000,2396.000000
4.000000,0.000000,22.000000,26.000000,0.000000,0.000000,21.000000,0.000000,21.000000,0.000000,0.000000
309.000000,0.000000,0.000000,0.000000,1411.000000,0.000000,0.000000,2957.000000,2870.000000,0.000000,2540.000000,0.000000,1275.000000,1345.000000,0.000000,1117.000000,2840.000000,0.000000,2726.000000,0.000000,5774.000000,0.000000,4285.000000,29.000000,6460.000000,50.000000,10872.000000,299.000000,12288.000000,509.000000,365.000000,15729.000000,790.000000,772.000000,760.000000,21936.000000,1316.000000,1096.000000,1256.000000,28762.000000,25173.000000,36718.000000,32280.000000,38665.000000,34794.000000,41644.000000,38275.000000,48747.000000,80431.000000,52747.000000,480146.000000,64569.000000,38116.000000,34217.000000,27584.000000,13742.000000,14631.000000,14901.000000,13629.000000,12008.000000,24008.000000,107988.000000,16009.000000,14621.000000,28985.000000,13309.000000,17068.000000,188083.000000,16335.000000,13605.000000,13984.000000,15464.000000,117836.000000,18703.000000,17390.000000
58264.000000,38069.000000,16448.000000,13545.000000,13428.000000,13109.000000,15935.000000,13125.000000,17037.000000,10176.000000,19913.000000,20732.000000,16199.000000,22838.000000,19907.000000,18073.000000,32622.000000,18141.000000,28738.000000,29103.000000,25206.000000,21862.000000,11474.000000,27655.000000,15003.000000,21480.000000,20298.000000,20452.000000,19940.000000,15097.000000,13038.000000,23609.000000,25842.000000,55924.000000,67540.000000,63111.000000,43433.000000,39456.000000,54792.000000,34985.000000,33589.000000,23558.000000,51749.000000,24172.000000,29013.000000,31820.000000,46770.000000,31558.000000,36018.000000,40993.000000,35237.000000,57409.000000,54220.000000,41640.000000,130163.000000,197695.000000,99556.000000,83304.000000,46230.000000,65679.000000,48989.000000,51070.000000,49958.000000,81967.000000,66900.000000,63866.000000,370964.000000,104243.000000,100815.000000,85837.000000,248626.000000,194613.000000,97503.000000,76853.000000,86892.000000
749436.000000,732023.000000,747730.000000,716378.000000,788815.000000,748711.000000,825004.000000,857848.000000,786414.000000,901876.000000,784041.000000,800811.000000,744566.000000,715444.000000,728601.000000,734991.000000,827713.000000,738428.000000,744857.000000,706456.000000,716637.000000,791782.000000,789260.000000,724549.000000,712150.000000,792946.000000,855223.000000,856166.000000,854998.000000,859317.000000,904346.000000,932120.000000,883124.000000,986947.000000,935525.000000,973204.000000,883563.000000,901000.000000,897912.000000,910652.000000,912719.000000,910315.000000,873529.000000,995403.000000,985539.000000,990740.000000,1051511.000000,1160504.000000,1120503.000000,1024988.000000,1079099.000000,1047947.000000,1065335.000000,1080889.000000,1121196.000000,1062551.000000,1069803.000000,1101564.000000,1076421.000000,1246951.000000,1063247.000000,1212999.000000,1310204.000000,1141320.000000,1074586.000000,1067772.000000,1231030.000000,1304732.000000,1161282.000000,1288774.000000,1154883.000000,1331166.000000,1363886.000000,1406399.000000,1241045.000000
53818.000000,781169.000000,752982.000000,729235.000000,738610.000000,741893.000000,746729.000000,711742.000000,699161.000000,669030.000000,713097.000000,718328.000000,718284.000000,711640.000000,698386.000000,766060.000000,778003.000000,737132.000000,717915.000000,725973.000000,699860.000000,720761.000000,867827.000000,957599.000000,860486.000000,710774.000000,689841.000000,794405.000000,815651.000000,851422.000000,798923.000000,757988.000000,762295.000000,704510.000000,877335.000000,818454.000000,750889.000000,744053.000000,909935.000000,780571.000000,758904.000000,764370.000000,810281.000000,741559.000000,785976.000000,917172.000000,874427.000000,1006166.000000,932796.000000,822391.000000,896286.000000,824046.000000,949414.000000,911783.000000,843511.000000,891684.000000,883224.000000,905823.000000,916104.000000,949802.000000,917380.000000,1000677.000000,1053508.000000,1006720.000000,1804048.000000,1110497.000000,992337.000000,1034149.000000,1898430.000000,1124896.000000,1081337.000000,1198876.000000,1075115.000000,1180573.000000,1208892.000000
109.000000,0.000000,0.000000,0.000000,0.000000,0.000000,0.000000,0.000000,0.000000,3695.000000,0.000000,33.000000
5356.000000,1302.000000,3322.000000,2079.000000,1584.000000,5354.000000,1984.000000,2544.000000,2464.000000
11.000000,0.000000,62.000000,10.000000,15.000000,6.000000,31.000000,0.000000,0.000000,0.000000,28.000000
597.000000,148.000000,0.000000,53.000000,1737.000000,10.000000,86.000000,2899.000000,2983.000000,24.000000,2667.000000,17.000000,1499.000000,1748.000000,25.000000,1379.000000,2989.000000,192.000000,3146.000000,167.000000,5530.000000,195.000000,4372.000000,301.000000,6429.000000,302.000000,10458.000000,583.000000,11848.000000,777.000000,638.000000,15530.000000,992.000000,892.000000,953.000000,20737.000000,1446.000000,1343.000000,1418.000000,39230.000000,22859.000000,33717.000000,30372.000000,28402.000000,32344.000000,35918.000000,36041.000000,38442.000000,40667.000000,43759.000000,73273.000000,122087.000000,69638.000000,28694.000000,22922.000000,10420.000000,8767.000000,10647.000000,10843.000000,10128.000000,42393.000000,193582.000000,12725.000000,14812.000000,27331.000000,24940.000000,38776.000000,32437.000000,13990.000000,24383.000000,106980.000000,19911.000000,36842.000000,18330.000000,158513.000000
113472.000000,26130.000000,13794.000000,15993.000000,13445.000000,15224.000000,20554.000000,13781.000000,21180.000000,13744.000000,18763.000000,27755.000000,32444.000000,17204.000000,51607.000000,18516.000000,28153.000000,18050.000000,19602.000000,88486.000000,51804.000000,23292.000000,14248.000000,20831.000000,17782.000000,30689.000000,20972.000000,26463.000000,41871.000000,42628.000000,27136.000000,28762.000000,28797.000000,23855.000000,28574.000000,23791.000000,27480.000000,19487.000000,19398.000000,27280.000000,22242.000000,28968.000000,27930.000000,38119.000000,37954.000000,35254.000000,82752.000000,47011.000000,44471.000000,92247.000000,113207.000000,100333.000000,100272.000000,100417.000000,90531.000000,491932.000000,53302.000000,44162.000000,53757.000000,82424.000000,61454.000000,380218.000000,216291.000000,90714.000000,73018.000000,282647.000000,84487.000000,92799.000000,191135.000000,623996.000000,79143.000000,82743.000000,684585.000000,110687.000000,113279.000000
787585.000000,765899.000000,726603.000000,802728.000000,768134.000000,712523.000000,700013.000000,676108.000000,689463.000000,677000.000000,743296.000000,806911.000000,839762.000000,743310.000000,761004.000000,753822.000000,920972.000000,969730.000000,1077325.000000,897029.000000,854520.000000,791644.000000,793278.000000,801601.000000,837846.000000,846826.000000,750680.000000,739366.000000,759796.000000,757070.000000,776422.000000,780384.000000,753386.000000,744831.000000,756540.000000,788502.000000,823041.000000,830966.000000,872893.000000,953203.000000,1197711.000000,825712.000000,997951.000000,926116.000000,920533.000000,829094.000000,886394.000000,823119.000000,835254.000000,900720.000000,919507.000000,1099007.000000,1056035.000000,934995.000000,965452.000000,1158916.000000,1035832.000000,1321930.000000,1100072.000000,1096857.000000,1058636.000000,991538.000000,1142576.000000,1232197.000000,1221410.000000,1387283.000000,1149204.000000,1094718.000000,1232381.000000,1238878.000000,1282596.000000,1401290.000000,1658308.000000,1279853.000000,1340056.000000
57231.000000,803676.000000,795297.000000,767188.000000,758087.000000,748933.000000,794775.000000,883310.000000,1138398.000000,1089060.000000,1071188.000000,1163445.000000,1282492.000000,1168804.000000,1142732.000000,1208720.000000,1081350.000000,1080141.000000,1039856.000000,987370.000000,1076230.000000,1092418.000000,1006862.000000,1070659.000000,1141383.000000,1114192.000000,1157725.000000,1164138.000000,1090675.000000,1172639.000000,1160567.000000,1147188.000000,1263987.000000,1290059.000000,1256694.000000,1273318.000000,1261004.000000,1361125.000000,1190894.000000,1260602.000000,1213734.000000,1669285.000000,1276076.000000,1297522.000000,1354825.000000,1277947.000000,1496988.000000,1420340.000000,1350656.000000,1554992.000000,1452972.000000,1601415.000000,1632179.000000,1621667.000000,1609445.000000,1442292.000000,1533036.000000,1628447.000000,1680818.000000,1647598.000000,1678181.000000,2068788.000000,1799147.000000,1689786.000000,1840695.000000,1930373.000000,1861639.000000,2093694.000000,2098138.000000,1922216.000000,1948749.000000,1726388.000000,2467018.000000,1965730.000000,1952490.000000
104.000000,0.000000,0.000000,0.000000,0.000000,0.000000,0.000000,0.000000,0.000000,3552.000000,0.000000,36.000000
4377.000000,1115.000000,3058.000000,1637.000000,1439.000000,1779.000000,5285.000000,5767.000000,27908.000000
0.000000,0.000000,28.000000,33.000000,30.000000,21.000000,0.000000,1.000000,171.000000,0.000000,0.000000
728.000000,197.000000,0.000000,59.000000,1562.000000,11.000000,1553.000000,1544.000000,1575.000000,16.000000,1636.000000,18.000000,1530.000000,1557.000000,49.000000,2477.000000,2903.000000,126.000000,5165.000000,205.000000,5171.000000,187.000000,4514.000000,267.000000,5638.000000,384.000000,9769.000000,557.000000,10661.000000,752.000000,646.000000,16530.000000,989.000000,813.000000,939.000000,21679.000000,1419.000000,1267.000000,1438.000000,27270.000000,23840.000000,31386.000000,29779.000000,30967.000000,32886.000000,36108.000000,37298.000000,51342.000000,42431.000000,45833.000000,465330.000000,242360.000000,33963.000000,48126.000000,27835.000000,27084.000000,47673.000000,36833.000000,19151.000000,18604.000000,59470.000000,78413.000000,27924.000000,25551.000000,54274.000000,34777.000000,125878.000000,160846.000000,44537.000000,33404.000000,19876.000000,31476.000000,43824.000000,33872.000000,38973.000000
116090.000000,60925.000000,84109.000000,71868.000000,145614.000000,77187.000000,61955.000000,59541.000000,105295.000000,59104.000000,59399.000000,91724.000000,80428.000000,75453.000000,95496.000000,80344.000000,138902.000000,84679.000000,109939.000000,99068.000000,122506.000000,79775.000000,65823.000000,157066.000000,83545.000000,97979.000000,130249.000000,130211.000000,111294.000000,107518.000000,82196.000000,142987.000000,208922.000000,139248.000000,113925.000000,93232.000000,94661.000000,125368.000000,128695.000000,105347.000000,134925.000000,143766.000000,125585.000000,132956.000000,335036.000000,137635.000000,124347.000000,142093.000000,169845.000000,151439.000000,160652.000000,201756.000000,181415.000000,959648.000000,161403.000000,177317.000000,162727.000000,212469.000000,193921.000000,552668.000000,244406.000000,202593.000000,257756.000000,258183.000000,306007.000000,238982.000000,290656.000000,282439.000000,264809.000000,283479.000000,334987.000000,358511.000000,1385557.000000,357641.000000,620287.000000
1138389.000000,1064171.000000,1112113.000000,1007844.000000,1052657.000000,1204626.000000,1295205.000000,1118983.000000,1132148.000000,1077491.000000,1107862.000000,1144110.000000,1136461.000000,1213306.000000,1149883.000000,1094453.000000,1276630.000000,1184782.000000,1061868.000000,1060844.000000,1044994.000000,1108028.000000,1073925.000000,1144858.000000,1050373.000000,931020.000000,923040.000000,993877.000000,1270877.000000,888415.000000,984598.000000,942538.000000,909577.000000,913006.000000,923381.000000,910503.000000,877818.000000,875567.000000,880756.000000,874340.000000,875441.000000,901554.000000,965883.000000,963166.000000,972901.000000,975733.000000,991875.000000,1038281.000000,1053590.000000,1024717.000000,1044914.000000,1052473.000000,1061602.000000,991870.000000,1007550.000000,1028457.000000,1107252.000000,1143219.000000,1187400.000000,1097305.000000,1109630.000000,1176377.000000,1312926.000000,1217874.000000,1248378.000000,1208081.000000,1229200.000000,1290783.000000,1307860.000000,1339073.000000,1359682.000000,1450105.000000,1181028.000000,1160648.000000,1255520.000000
48112.000000,684566.000000,688980.000000,693179.000000,730673.000000,722425.000000,719171.000000,791522.000000,706132.000000,735862.000000,703014.000000,653573.000000,691812.000000,696111.000000,724968.000000,673857.000000,699500.000000,736997.000000,667861.000000,719708.000000,736034.000000,758443.000000,694135.000000,693251.000000,755766.000000,776444.000000,733582.000000,685783.000000,714369.000000,714789.000000,780999.000000,745672.000000,826555.000000,751712.000000,762844.000000,787312.000000,707170.000000,752477.000000,817917.000000,743682.000000,948905.000000,892857.000000,857549.000000,821003.000000,865184.000000,902062.000000,875978.000000,846390.000000,888290.000000,864972.000000,947129.000000,833168.000000,950067.000000,1001390.000000,900505.000000,881878.000000,867180.000000,925566.000000,905557.000000,1084525.000000,928248.000000,1018407.000000,972354.000000,964637.000000,1015658.000000,992735.000000,1144839.000000,1047521.000000,1038994.000000,1059684.000000,1065894.000000,1087545.000000,1048848.000000,1180100.000000,1167184.000000
112.000000,0.000000,0.000000,0.000000,0.000000,0.000000,0.000000,0.000000,0.000000,3619.000000,0.000000,32.000000
5248.000000,1255.000000,3384.000000,1734.000000,1486.000000,1919.000000,5413.000000,2621.000000,2527.000000
2.000000,0.000000,65.000000,46.000000,15.000000,24.000000,17.000000,0.000000,0.000000,0.000000,4.000000
520.000000,124.000000,0.000000,72.000000,1669.000000,20.000000,57.000000,2962.000000,3050.000000,14.000000,2809.000000,12.000000,1551.000000,1648.000000,31.000000,1397.000000,3006.000000,181.000000,2930.000000,166.000000,5625.000000,202.000000,4557.000000,288.000000,6630.000000,292.000000,12428.000000,606.000000,12235.000000,707.000000,629.000000,15495.000000,977.000000,913.000000,944.000000,21251.000000,1326.000000,1273.000000,1349.000000,26144.000000,23431.000000,35351.000000,31105.000000,30260.000000,34037.000000,36637.000000,35931.000000,39053.000000,71348.000000,45626.000000,616635.000000,172409.000000,25590.000000,30566.000000,11887.000000,9743.000000,10151.000000,12172.000000,9555.000000,11929.000000,168487.000000,11189.000000,9895.000000,10256.000000,23280.000000,105096.000000,13370.000000,14324.000000,13374.000000,17481.000000,99878.000000,16039.000000,16730.000000,16685.000000,169963.000000
49263.000000,36531.000000,65931.000000,16095.000000,13500.000000,11088.000000,10172.000000,10970.000000,16960.000000,11478.000000,11107.000000,15635.000000,19615.000000,19037.000000,18027.000000,18267.000000,26553.000000,14855.000000,24693.000000,18789.000000,20918.000000,12999.000000,78012.000000,102809.000000,58671.000000,104098.000000,68178.000000,100517.000000,106574.000000,81814.000000,86652.000000,116486.000000,130191.000000,106306.000000,93735.000000,89797.000000,117888.000000,119484.000000,125486.000000,113684.000000,103618.000000,107952.000000,174413.000000,865019.000000,284503.000000,163027.000000,132984.000000,124360.000000,153380.000000,116461.000000,118133.000000,136176.000000,135157.000000,312238.000000,170461.000000,149753.000000,153358.000000,152315.000000,169254.000000,217800.000000,1004369.000000,193237.000000,195458.000000,189961.000000,262933.000000,478103.000000,277086.000000,278442.000000,292077.000000,829344.000000,479304.000000,260488.000000,273180.000000,454544.000000,390608.000000
1125280.000000,1080415.000000,1147958.000000,1054277.000000,1111890.000000,934729.000000,1014946.000000,866235.000000,844750.000000,850478.000000,841115.000000,793504.000000,762921.000000,777936.000000,804541.000000,818714.000000,831101.000000,868332.000000,792232.000000,775232.000000,711380.000000,771421.000000,781050.000000,798560.000000,941742.000000,759814.000000,839208.000000,795699.000000,868802.000000,791218.000000,805027.000000,818979.000000,758697.000000,844778.000000,911038.000000,870151.000000,837813.000000,1110481.000000,878673.000000,840583.000000,827453.000000,822493.000000,880494.000000,964472.000000,950352.000000,897747.000000,846900.000000,1022001.000000,778501.000000,794869.000000,816364.000000,847285.000000,966427.000000,1399830.000000,1598764.000000,1127491.000000,1125432.000000,984207.000000,1010893.000000,1121077.000000,985698.000000,1223844.000000,1097152.000000,1051591.000000,1070336.000000,1401098.000000,1571998.000000,1780154.000000,1282300.000000,1122919.000000,1276304.000000,1157035.000000,1086131.000000,1054014.000000,1192192.000000
45987.000000,716869.000000,708626.000000,732023.000000,752802.000000,733774.000000,802601.000000,740425.000000,735236.000000,757794.000000,693591.000000,713605.000000,728779.000000,721601.000000,673971.000000,697019.000000,723857.000000,726431.000000,746509.000000,722966.000000,740366.000000,776338.000000,729972.000000,762500.000000,779977.000000,739064.000000,716606.000000,696102.000000,757244.000000,904126.000000,798425.000000,758986.000000,679119.000000,754330.000000,941491.000000,796420.000000,847907.000000,854681.000000,1015627.000000,1113192.000000,1037599.000000,1151039.000000,1138001.000000,1085426.000000,834851.000000,1152238.000000,896484.000000,1136051.000000,975102.000000,852919.000000,865738.000000,906251.000000,874116.000000,977748.000000,1199529.000000,1092990.000000,1175851.000000,1018184.000000,1200366.000000,1182927.000000,1184906.000000,1231112.000000,1148280.000000,1225706.000000,1153685.000000,1213823.000000,1445123.000000,1482869.000000,1549014.000000,1677744.000000,1789783.000000,2401932.000000,2256860.000000,2313033.000000,2376253.000000
104.000000,0.000000,0.000000,0.000000,0.000000,0.000000,0.000000,0.000000,0.000000,5153.000000,0.000000,32.000000
4566.000000,1095.000000,3066.000000,1531.000000,1679.000000,3433.000000,2348.000000,16687.000000,32140.000000
3.000000,0.000000,0.000000,15.000000,39.000000,0.000000,34.000000,0.000000,35.000000,0.000000,0.000000
522.000000,173.000000,16.000000,91.000000,2090.000000,17.000000,1617.000000,3043.000000,1676.000000,53.000000,2685.000000,29.000000,1574.000000,1621.000000,52.000000,1729.000000,3314.000000,163.000000,3881.000000,191.000000,5866.000000,249.000000,5280.000000,336.000000,5893.000000,342.000000,11198.000000,574.000000,12110.000000,787.000000,694.000000,16892.000000,1043.000000,897.000000,933.000000,20876.000000,1436.000000,1288.000000,1399.000000,26312.000000,23877.000000,34777.000000,31811.000000,29194.000000,33909.000000,51112.000000,38824.000000,38760.000000,71717.000000,45352.000000,70558.000000,34825.000000,26391.000000,36379.000000,14377.000000,12315.000000,14432.000000,15399.000000,19026.000000,20421.000000,176802.000000,17246.000000,15358.000000,15063.000000,28400.000000,208153.000000,19597.000000,13247.000000,13522.000000,21484.000000,268461.000000,15806.000000,15897.000000,93750.000000,116098.000000
135655.000000,77228.000000,60734.000000,58825.000000,73869.000000,69323.000000,60811.000000,61237.000000,77771.000000,60982.000000,61609.000000,73479.000000,63423.000000,62351.000000,74582.000000,62963.000000,93260.000000,96382.000000,65079.000000,65448.000000,112180.000000,67623.000000,67091.000000,99316.000000,68591.000000,127618.000000,84006.000000,115329.000000,110351.000000,93358.000000,79063.000000,100232.000000,110555.000000,91027.000000,93354.000000,108828.000000,97720.000000,141584.000000,103565.000000,105364.000000,142979.000000,111658.000000,195479.000000,365306.000000,404963.000000,138151.000000,144539.000000,125294.000000,151430.000000,147944.000000,150893.000000,155296.000000,149815.000000,226897.000000,162650.000000,167448.000000,203092.000000,175464.000000,203178.000000,404948.000000,796421.000000,238477.000000,210344.000000,230183.000000,238327.000000,997286.000000,340501.000000,254224.000000,289862.000000,1469598.000000,331562.000000,365752.000000,494524.000000,517308.000000,172282.000000
1293876.000000,973881.000000,1152268.000000,1095304.000000,799759.000000,799623.000000,1011899.000000,1026003.000000,1190500.000000,1191203.000000,1064397.000000,1403243.000000,1062005.000000,993976.000000,962048.000000,905391.000000,1418269.000000,1169857.000000,1193329.000000,850375.000000,1066307.000000,1044126.000000,1530067.000000,912482.000000,1192379.000000,710010.000000,1096087.000000,1311866.000000,1172135.000000,1451983.000000,1435142.000000,3984600.000000,7743104.000000,2490023.000000,916341.000000,1090525.000000,3900312.000000,1716385.000000,928265.000000,960771.000000,1484890.000000,859101.000000,1132367.000000,3635726.000000,1163997.000000,1453614.000000,3512177.000000,1032602.000000,3660045.000000,1563447.000000,1303011.000000,1502185.000000,1302035.000000,3512743.000000,3451442.000000,2073176.000000,6258220.000000,3002100.000000,1988358.000000,2169785.000000,1685752.000000,3411621.000000,2583874.000000,1885192.000000,4174377.000000,2228538.000000,1913817.000000,1466038.000000,2146691.000000,2285014.000000,1863122.000000,1695870.000000,2196816.000000,2347992.000000,2109706.000000
75518.000000,6082662.000000,1098403.000000,1311651.000000,1413402.000000,3396271.000000,1067256.000000,3705034.000000,1077627.000000,4323300.000000,1089122.000000,1416050.000000,1065580.000000,2762648.000000,1068366.000000,1464353.000000,3288106.000000,1575747.000000,2957905.000000,3060411.000000,3382744.000000,1040891.000000,813632.000000,877990.000000,881881.000000,871721.000000,1005607.000000,938003.000000,928667.000000,835801.000000,992642.000000,1189006.000000,1227934.000000,1008409.000000,1219879.000000,7435245.000000,11038648.000000,1710466.000000,770098.000000,969502.000000,1154002.000000,874816.000000,5685442.000000,1253828.000000,1229306.000000,1407141.000000,848160.000000,825975.000000,6001735.000000,1221378.000000,4148097.000000,1726130.000000,900355.000000,1171042.000000,1611390.000000,1474180.000000,4264553.000000,2321655.000000,1615057.000000,1781466.000000,1714148.000000,1979673.000000,5701299.000000,4502883.000000,5095056.000000,4403439.000000,4185786.000000,3648363.000000,2170399.000000,2222947.000000,3983891.000000,2363993.000000,5106277.000000,2255294.000000,10529967.000000
105.000000,0.000000,0.000000,0.000000,0.000000,0.000000,0.000000,0.000000,0.000000,3645.000000,0.000000,37.000000
4750.000000,1381.000000,3771.000000,4378.000000,23067.000000,2107.000000,5626.000000,3787.000000,2780.000000
4.000000,0.000000,31.000000,23.000000,21.000000,34.000000,54.000000,6.000000,22.000000,0.000000,0.000000
472.000000,179.000000,3.000000,87.000000,1625.000000,19.000000,1623.000000,1598.000000,1624.000000,52.000000,1652.000000,27.000000,2522.000000,1674.000000,52.000000,1605.000000,3145.000000,114.000000,4396.000000,181.000000,4427.000000,222.000000,5535.000000,314.000000,6036.000000,369.000000,10027.000000,589.000000,10970.000000,790.000000,648.000000,16651.000000,975.000000,921.000000,958.000000,22219.000000,1416.000000,1303.000000,1367.000000,28893.000000,23669.000000,32441.000000,30136.000000,30046.000000,32631.000000,36000.000000,37408.000000,39083.000000,41596.000000,44727.000000,397526.000000,42857.000000,26446.000000,23569.000000,9441.000000,10672.000000,10903.000000,11084.000000,11236.000000,13143.000000,127431.000000,14627.000000,28550.000000,47082.000000,31850.000000,104008.000000,16657.000000,12455.000000,17434.000000,15615.000000,268675.000000,27073.000000,16505.000000,19449.000000,31816.000000
68577.000000,19155.000000,20877.000000,16312.000000,13159.000000,12583.000000,18478.000000,15753.000000,19128.000000,15751.000000,11179.000000,22322.000000,10699.000000,10527.000000,11852.000000,11504.000000,35457.000000,16685.000000,13547.000000,11602.000000,26874.000000,15146.000000,17722.000000,19885.000000,18190.000000,33427.000000,15741.000000,25101.000000,17602.000000,15780.000000,17693.000000,23272.000000,22137.000000,24385.000000,18996.000000,18479.000000,28199.000000,34216.000000,41816.000000,29914.000000,26719.000000,26010.000000,30087.000000,79750.000000,113639.000000,97390.000000,37702.000000,34110.000000,41919.000000,37796.000000,49222.000000,53930.000000,46848.000000,45838.000000,42441.000000,88991.000000,56553.000000,50352.000000,48092.000000,45784.000000,45550.000000,70732.000000,85816.000000,219682.000000,115327.000000,87935.000000,89959.000000,200741.000000,137907.000000,85278.000000,95232.000000,102436.000000,64240.000000,106919.000000,105883.000000
744303.000000,727564.000000,777410.000000,816914.000000,789452.000000,821576.000000,810110.000000,741297.000000,893630.000000,840398.000000,787083.000000,741136.000000,759554.000000,1040771.000000,767048.000000,717737.000000,708741.000000,753355.000000,774705.000000,870925.000000,784610.000000,796951.000000,795870.000000,810099.000000,821412.000000,837215.000000,829513.000000,765286.000000,822618.000000,824646.000000,906671.000000,934938.000000,926400.000000,981062.000000,959958.000000,864758.000000,812710.000000,823684.000000,825448.000000,871308.000000,818063.000000,828767.000000,820779.000000,841223.000000,897503.000000,917593.000000,925305.000000,1018152.000000,1217410.000000,1071507.000000,886077.000000,892562.000000,955493.000000,1049282.000000,976503.000000,1002331.000000,999714.000000,1047930.000000,988293.000000,1024188.000000,1108386.000000,1089587.000000,1196880.000000,1213782.000000,1149587.000000,1149475.000000,1219610.000000,1437215.000000,1287706.000000,1325868.000000,1309957.000000,1331897.000000,1267046.000000,1385971.000000,1381837.000000
56949.000000,834876.000000,831915.000000,833723.000000,758586.000000,773350.000000,794669.000000,807672.000000,819677.000000,771139.000000,755427.000000,827531.000000,733566.000000,810074.000000,1005514.000000,943691.000000,755707.000000,755786.000000,755299.000000,950096.000000,846990.000000,1047976.000000,858562.000000,762352.000000,760251.000000,748889.000000,717616.000000,733170.000000,754205.000000,806463.000000,805473.000000,1068542.000000,916671.000000,778391.000000,746272.000000,772305.000000,752346.000000,742093.000000,785611.000000,900139.000000,879778.000000,832210.000000,911279.000000,871234.000000,1074617.000000,1266059.000000,1438667.000000,1357888.000000,1817738.000000,1533207.000000,1479262.000000,1432015.000000,1420354.000000,1605142.000000,1640580.000000,1912012.000000,1665939.000000,1563041.000000,1679984.000000,1782291.000000,1748846.000000,1760154.000000,1767212.000000,1789604.000000,2007921.000000,2158994.000000,2001276.000000,2030083.000000,2014408.000000,2104850.000000,2448027.000000,2218738.000000,2064719.000000,2475422.000000,2229405.000000
128.000000,0.000000,0.000000,0.000000,0.000000,0.000000,0.000000,0.000000,0.000000,5890.000000,17.000000,43.000000
18825.000000,1469.000000,3666.000000,2048.000000,1664.000000,3725.000000,40670.000000,84987.000000,15357.000000
12.000000,0.000000,38.000000,68.000000,72.000000,10799.000000,40.000000,108.000000,167.000000,57.000000,33963.000000
738.000000,220.000000,0.000000,45.000000,1653.000000,0.000000,1606.000000,1615.000000,1567.000000,0.000000,3266.000000,0.000000,1581.000000,2039.000000,15.000000,2270.000000,3100.000000,84.000000,2959.000000,144.000000,5881.000000,201.000000,4256.000000,296.000000,7185.000000,441.000000,22037.000000,530.000000,23950.000000,14215.000000,646.000000,20552.000000,950.000000,906.000000,943.000000,22163.000000,1442.000000,1396.000000,1398.000000,32318.000000,24646.000000,49414.000000,32266.000000,32570.000000,38903.000000,61422.000000,36632.000000,39931.000000,44066.000000,47428.000000,436020.000000,62834.000000,278079.000000,41169.000000,46040.000000,31193.000000,35765.000000,34943.000000,62759.000000,131853.000000,77302.000000,41518.000000,39043.000000,66719.000000,96114.000000,47965.000000,26311.000000,20869.000000,21598.000000,32579.000000,139172.000000,93064.000000,30277.000000,16172.000000,293305.000000
33748.000000,31105.000000,30877.000000,18660.000000,10287.000000,13229.000000,11264.000000,16442.000000,14361.000000,13538.000000,13229.000000,13552.000000,17939.000000,15390.000000,15887.000000,18588.000000,26976.000000,20341.000000,15959.000000,16247.000000,25221.000000,20350.000000,15831.000000,61708.000000,13858.000000,18780.000000,20303.000000,26873.000000,23613.000000,18439.000000,19883.000000,34280.000000,29359.000000,20754.000000,25753.000000,29424.000000,33783.000000,32799.000000,36769.000000,36790.000000,75376.000000,88838.000000,48282.000000,36806.000000,33373.000000,32864.000000,32803.000000,32771.000000,70563.000000,43084.000000,38897.000000,53348.000000,43629.000000,248845.000000,44263.000000,72809.000000,54405.000000,49416.000000,58452.000000,171315.000000,67114.000000,66652.000000,59564.000000,58216.000000,120652.000000,70427.000000,81248.000000,72881.000000,81900.000000,115720.000000,84689.000000,117045.000000,527093.000000,102514.000000,109228.000000
772740.000000,773277.000000,809515.000000,741091.000000,762066.000000,761357.000000,762819.000000,764350.000000,764962.000000,773275.000000,703884.000000,694613.000000,820383.000000,766311.000000,732342.000000,794285.000000,710488.000000,714191.000000,712322.000000,801928.000000,796116.000000,766789.000000,760553.000000,789812.000000,773058.000000,791946.000000,753631.000000,909970.000000,778512.000000,746932.000000,791416.000000,799097.000000,738637.000000,772269.000000,836586.000000,797679.000000,805338.000000,775002.000000,827592.000000,806930.000000,799315.000000,850493.000000,827288.000000,888225.000000,900820.000000,848868.000000,819236.000000,833158.000000,958367.000000,1054566.000000,974316.000000,1004106.000000,968653.000000,940026.000000,926293.000000,965155.000000,1084382.000000,1029297.000000,1631817.000000,981580.000000,1033886.000000,1142120.000000,1122506.000000,1111897.000000,1097099.000000,1060557.000000,1087146.000000,1092907.000000,1127401.000000,1208071.000000,1206446.000000,1184906.000000,1158046.000000,1209180.000000,1333929.000000
59336.000000,812569.000000,745115.000000,868837.000000,883334.000000,743888.000000,918151.000000,883654.000000,784524.000000,768813.000000,773316.000000,830840.000000,827401.000000,830084.000000,819581.000000,815619.000000,735836.000000,832745.000000,767134.000000,852880.000000,809574.000000,758218.000000,719787.000000,769386.000000,757254.000000,767817.000000,710571.000000,701875.000000,782813.000000,750952.000000,761901.000000,836213.000000,762838.000000,737581.000000,785048.000000,842561.000000,749173.000000,801433.000000,806927.000000,779599.000000,1023757.000000,1035011.000000,894135.000000,965127.000000,1028786.000000,959052.000000,982740.000000,976910.000000,1250374.000000,1322234.000000,1336806.000000,1342181.000000,1501199.000000,1469444.000000,1593757.000000,1608088.000000,1724807.000000,1621517.000000,1595861.000000,1663735.000000,1779549.000000,1740003.000000,2052603.000000,1832437.000000,1893921.000000,1860841.000000,1992186.000000,2497632.000000,2029568.000000,2056095.000000,2015253.000000,2186072.000000,2211789.000000,2304449.000000,2309154.000000
123.000000,0.000000,0.000000,0.000000,0.000000,0.000000,0.000000,0.000000,0.000000,3991.000000,0.000000,34.000000
4995.000000,1340.000000,3222.000000,2071.000000,1476.000000,1711.000000,5914.000000,2407.000000,2200.000000
14.000000,0.000000,36.000000,81.000000,43.000000,17.000000,81.000000,0.000000,0.000000,0.000000,6.000000
429.000000,115.000000,0.000000,71.000000,1643.000000,0.000000,78.000000,2905.000000,3059.000000,16.000000,2620.000000,7.000000,1587.000000,1549.000000,43.000000,1386.000000,2937.000000,152.000000,3085.000000,177.000000,5960.000000,234.000000,4481.000000,278.000000,6587.000000,302.000000,10556.000000,581.000000,12060.000000,690.000000,655.000000,15384.000000,955.000000,854.000000,921.000000,20554.000000,1305.000000,1234.000000,1250.000000,25924.000000,22620.000000,33991.000000,31012.000000,29945.000000,32372.000000,70572.000000,36035.000000,38866.000000,69780.000000,44363.000000,525085.000000,247038.000000,34683.000000,42563.000000,14779.000000,11801.000000,12239.000000,12216.000000,12488.000000,14487.000000,127256.000000,47630.000000,19497.000000,16878.000000,33503.000000,15365.000000,211774.000000,105090.000000,21201.000000,29861.000000,32318.000000,116294.000000,25763.000000,30698.000000,46937.000000
34900.000000,30563.000000,17919.000000,16446.000000,17558.000000,17369.000000,21279.000000,11683.000000,10819.000000,44559.000000,73088.000000,74874.000000,62732.000000,102288.000000,99534.000000,92622.000000,125043.000000,204599.000000,69669.000000,81625.000000,113358.000000,53788.000000,214622.000000,110441.000000,117545.000000,100264.000000,75067.000000,162707.000000,179720.000000,156089.000000,134942.000000,68840.000000,85833.000000,211742.000000,56721.000000,66737.000000,44129.000000,77720.000000,58018.000000,57849.000000,65759.000000,46066.000000,132039.000000,121487.000000,158504.000000,75294.000000,43784.000000,38259.000000,355523.000000,104411.000000,39681.000000,46226.000000,43913.000000,47767.000000,53755.000000,157768.000000,161063.000000,125662.000000,111688.000000,52342.000000,51342.000000,53236.000000,268879.000000,77494.000000,61311.000000,54076.000000,65602.000000,223582.000000,136312.000000,92974.000000,259169.000000,144341.000000,93283.000000,83160.000000,71736.000000
745098.000000,741660.000000,706971.000000,744277.000000,820820.000000,703930.000000,727790.000000,766221.000000,724696.000000,767212.000000,763023.000000,738327.000000,716684.000000,731759.000000,764965.000000,793821.000000,749477.000000,835424.000000,831721.000000,746336.000000,680087.000000,706741.000000,868966.000000,833603.000000,813533.000000,718862.000000,747042.000000,790073.000000,784009.000000,829707.000000,787524.000000,751385.000000,758409.000000,779122.000000,861995.000000,917569.000000,762136.000000,763926.000000,778736.000000,860483.000000,1092459.000000,1182431.000000,1154862.000000,938022.000000,806657.000000,865617.000000,913748.000000,875548.000000,982514.000000,860622.000000,975158.000000,895335.000000,970088.000000,1309251.000000,1051003.000000,1064296.000000,1066129.000000,924825.000000,1102418.000000,1168153.000000,1160542.000000,1393082.000000,1040836.000000,1070921.000000,1081080.000000,1141691.000000,1134362.000000,1313484.000000,1285836.000000,1139854.000000,1153654.000000,1183290.000000,2206463.000000,1511997.000000,1309943.000000
46852.000000,834957.000000,720015.000000,760548.000000,785088.000000,713226.000000,788880.000000,756413.000000,782860.000000,720446.000000,735504.000000,720270.000000,825652.000000,866727.000000,835019.000000,726160.000000,731179.000000,884553.000000,807884.000000,683895.000000,695557.000000,724467.000000,760760.000000,779221.000000,727385.000000,822788.000000,865029.000000,1041048.000000,738077.000000,745570.000000,724084.000000,825525.000000,696701.000000,712314.000000,810329.000000,766988.000000,745267.000000,819457.000000,780662.000000,798039.000000,763342.000000,808348.000000,803960.000000,785204.000000,833042.000000,863221.000000,849111.000000,1048791.000000,867705.000000,812835.000000,895161.000000,846753.000000,937248.000000,882766.000000,890886.000000,1076842.000000,1065412.000000,1143055.000000,1050049.000000,875850.000000,961751.000000,976958.000000,1158422.000000,995106.000000,1042141.000000,1090586.000000,1442553.000000,1065372.000000,1071874.000000,1022538.000000,1134778.000000,1032436.000000,1294219.000000,1158058.000000,1524915.000000
114.000000,0.000000,0.000000,0.000000,0.000000,0.000000,0.000000,0.000000,0.000000,4101.000000,0.000000,35.000000
5327.000000,1182.000000,3341.000000,1967.000000,1631.000000,2009.000000,5696.000000,2440.000000,2618.000000
5.000000,0.000000,27.000000,36.000000,37.000000,33.000000,66.000000,0.000000,0.000000,0.000000,0.000000
589.000000,168.000000,0.000000,69.000000,1731.000000,0.000000,82.000000,3061.000000,3353.000000,4.000000,2732.000000,11.000000,1545.000000,1642.000000,29.000000,1413.000000,3022.000000,157.000000,2843.000000,170.000000,5835.000000,234.000000,4437.000000,265.000000,6704.000000,325.000000,10763.000000,553.000000,12862.000000,773.000000,686.000000,16052.000000,952.000000,835.000000,859.000000,20729.000000,1368.000000,1252.000000,1343.000000,29186.000000,23263.000000,37472.000000,34649.000000,32629.000000,37288.000000,42954.000000,36170.000000,43529.000000,76173.000000,54312.000000,757548.000000,225122.000000,31613.000000,40175.000000,22038.000000,21183.000000,25425.000000,24033.000000,23097.000000,23954.000000,226300.000000,88552.000000,16690.000000,24237.000000,38514.000000,15117.000000,154907.000000,15712.000000,16811.000000,13853.000000,16564.000000,266042.000000,18647.000000,17090.000000,60781.000000
27378.000000,17390.000000,15504.000000,13988.000000,17431.000000,14384.000000,28662.000000,15275.000000,19886.000000,15441.000000,12620.000000,15620.000000,15797.000000,17521.000000,31275.000000,22241.000000,38322.000000,18185.000000,30874.000000,23385.000000,35885.000000,17668.000000,27255.000000,33435.000000,20675.000000,29643.000000,20672.000000,33017.000000,32590.000000,24088.000000,34216.000000,47005.000000,58227.000000,55025.000000,56896.000000,49695.000000,64805.000000,48036.000000,63780.000000,80226.000000,61599.000000,52722.000000,68864.000000,63509.000000,65793.000000,233749.000000,67773.000000,81925.000000,99412.000000,97347.000000,77947.000000,114859.000000,89412.000000,317441.000000,472755.000000,92049.000000,107431.000000,95949.000000,133371.000000,255702.000000,181528.000000,616864.000000,173283.000000,207419.000000,227936.000000,220845.000000,321139.000000,232941.000000,230404.000000,750305.000000,255317.000000,259592.000000,282033.000000,992684.000000,277708.000000
1175287.000000,1078597.000000,1106689.000000,1113020.000000,1123512.000000,1124690.000000,1230226.000000,1256004.000000,1351986.000000,1217141.000000,1132102.000000,1206396.000000,1184383.000000,1238945.000000,1231805.000000,1291905.000000,1126557.000000,1075077.000000,1134838.000000,1193284.000000,1237624.000000,1244760.000000,1211544.000000,1213097.000000,1019275.000000,1006807.000000,1008051.000000,1013710.000000,1045136.000000,988984.000000,979130.000000,992671.000000,930158.000000,907049.000000,924344.000000,836846.000000,830275.000000,815267.000000,900084.000000,1090961.000000,1038686.000000,1048813.000000,993178.000000,991632.000000,1115768.000000,1045268.000000,1312953.000000,1098548.000000,971130.000000,999525.000000,1023307.000000,1081397.000000,1015386.000000,7195395.000000,1843494.000000,1805729.000000,2116651.000000,2336873.000000,2123957.000000,1957484.000000,1968081.000000,2051193.000000,1993753.000000,2002299.000000,2145366.000000,2116386.000000,2788365.000000,2409969.000000,2422535.000000,2505799.000000,2443269.000000,2490756.000000,2551657.000000,2535814.000000,2663164.000000
97937.000000,1111985.000000,1163941.000000,1112115.000000,1178853.000000,1180083.000000,1139680.000000,1229224.000000,1132626.000000,1178890.000000,1288814.000000,1093301.000000,1161745.000000,1300799.000000,1136089.000000,1095425.000000,1241565.000000,1188620.000000,1169242.000000,1249165.000000,1185731.000000,1187834.000000,1263322.000000,1153141.000000,1235013.000000,1196158.000000,1248324.000000,1245887.000000,1081332.000000,1131276.000000,1218161.000000,1166870.000000,1336300.000000,1224348.000000,1142199.000000,1212462.000000,1275154.000000,1181924.000000,1174287.000000,1321534.000000,1257800.000000,1319670.000000,1271590.000000,1373675.000000,1320383.000000,1310441.000000,1340770.000000,1469745.000000,1479929.000000,1428594.000000,1626180.000000,1429295.000000,1599757.000000,1504391.000000,1654850.000000,1674054.000000,1781366.000000,1582790.000000,1831051.000000,1981099.000000,1922339.000000,1975253.000000,1994490.000000,1949705.000000,1976365.000000,1996970.000000,2113109.000000,2185496.000000,2388502.000000,2247921.000000,2156482.000000,2184182.000000,2087547.000000,2410503.000000,2276706.000000
103.000000,0.000000,0.000000,0.000000,0.000000,0.000000,0.000000,0.000000,0.000000,5787.000000,0.000000,35.000000
4377.000000,1299.000000,3186.000000,1580.000000,1774.000000,3459.000000,2157.000000,14099.000000,6462.000000
0.000000,0.000000,17.000000,33.000000,13.000000,15.000000,31.000000,0.000000,2.000000,0.000000,76.000000
455.000000,1695.000000,38.000000,109.000000,1679.000000,21.000000,1587.000000,1575.000000,1584.000000,46.000000,1680.000000,51.000000,1984.000000,2993.000000,54.000000,1641.000000,3082.000000,143.000000,3063.000000,199.000000,4453.000000,250.000000,4371.000000,341.000000,5755.000000,412.000000,10589.000000,578.000000,12455.000000,759.000000,682.000000,17977.000000,946.000000,894.000000,985.000000,22422.000000,1431.000000,1266.000000,1358.000000,29555.000000,24883.000000,32770.000000,28961.000000,29926.000000,35140.000000,37620.000000,35128.000000,39196.000000,40168.000000,44641.000000,474548.000000,37790.000000,34239.000000,23881.000000,9023.000000,7940.000000,9958.000000,10226.000000,9297.000000,12512.000000,73288.000000,115134.000000,15473.000000,16650.000000,26434.000000,12760.000000,73681.000000,13690.000000,13211.000000,13486.000000,50962.000000,131207.000000,15772.000000,25805.000000,16550.000000
21761.000000,37202.000000,20479.000000,15758.000000,17144.000000,16269.000000,19956.000000,18010.000000,25734.000000,17686.000000,41754.000000,23652.000000,27575.000000,24010.000000,30035.000000,30138.000000,33019.000000,24628.000000,23542.000000,40781.000000,43738.000000,29091.000000,26488.000000,30176.000000,33219.000000,46697.000000,28994.000000,32555.000000,36449.000000,30691.000000,29285.000000,37679.000000,57498.000000,48909.000000,44718.000000,56405.000000,56544.000000,66535.000000,60157.000000,68925.000000,89318.000000,69747.000000,81748.000000,159447.000000,98370.000000,147576.000000,323983.000000,151351.000000,138791.000000,109553.000000,107554.000000,147421.000000,133252.000000,151727.000000,146900.000000,357212.000000,150252.000000,169153.000000,144099.000000,173702.000000,167740.000000,161716.000000,187684.000000,225918.000000,197480.000000,207911.000000,1011412.000000,215306.000000,240946.000000,228602.000000,554538.000000,246159.000000,248263.000000,1994940.000000,278620.000000
1072651.000000,1122739.000000,1090665.000000,1057648.000000,1220153.000000,1155083.000000,1166875.000000,1150769.000000,1150971.000000,1112059.000000,1093620.000000,1018125.000000,1165959.000000,1163228.000000,1104593.000000,1124246.000000,1165447.000000,1164213.000000,1154299.000000,1186155.000000,1189690.000000,1127856.000000,1159319.000000,1201405.000000,1210870.000000,1267362.000000,1246586.000000,1238961.000000,1308449.000000,1423061.000000,1459245.000000,1480867.000000,1381640.000000,1286163.000000,1338125.000000,1346383.000000,1339237.000000,1350578.000000,1312827.000000,1336472.000000,1592715.000000,1664478.000000,1587354.000000,1629697.000000,1539326.000000,1700834.000000,1775255.000000,1566830.000000,1684432.000000,1804565.000000,1744511.000000,1811706.000000,1811233.000000,1724397.000000,1548360.000000,1591216.000000,1613158.000000,1619328.000000,1864379.000000,1698817.000000,2079511.000000,1944911.000000,1814706.000000,1826628.000000,1821393.000000,2202369.000000,2280758.000000,1995600.000000,2525457.000000,1829657.000000,1740004.000000,1839756.000000,2180452.000000,1780709.000000,1507602.000000
63680.000000,730516.000000,815116.000000,863517.000000,950074.000000,732253.000000,721909.000000,700875.000000,687252.000000,708415.000000,684089.000000,668128.000000,708950.000000,690644.000000,727483.000000,681458.000000,677319.000000,693054.000000,757722.000000,738247.000000,6120321.000000,958055.000000,1489056.000000,868375.000000,879867.000000,772032.000000,813893.000000,718657.000000,855157.000000,893763.000000,838722.000000,823197.000000,1040100.000000,991228.000000,850975.000000,887887.000000,866772.000000,851171.000000,800705.000000,748643.000000,922706.000000,950567.000000,998490.000000,1372570.000000,1431812.000000,1287676.000000,1399561.000000,1542993.000000,1481153.000000,1515186.000000,1473330.000000,1714508.000000,1582596.000000,1711821.000000,1674796.000000,1508525.000000,1759334.000000,1984234.000000,1689903.000000,1922084.000000,1668352.000000,1916430.000000,1919467.000000,1818644.000000,1901508.000000,1891893.000000,2111717.000000,1599528.000000,1926785.000000,1835372.000000,1761947.000000,2006033.000000,1923328.000000,1848458.000000,1956816.000000
138.000000,0.000000,0.000000,0.000000,0.000000,0.000000,0.000000,0.000000,0.000000,3696.000000,0.000000,35.000000
5106.000000,1241.000000,3178.000000,1828.000000,1507.000000,1879.000000,5295.000000,2374.000000,2292.000000
1.000000,0.000000,54.000000,59.000000,77.000000,19.000000,27.000000,0.000000,33.000000,0.000000,0.000000
496.000000,116.000000,0.000000,53.000000,1789.000000,0.000000,71.000000,3003.000000,2998.000000,4.000000,2805.000000,0.000000,1528.000000,1544.000000,16.000000,1386.000000,3015.000000,144.000000,2913.000000,131.000000,5934.000000,165.000000,4341.000000,247.000000,7021.000000,305.000000,11175.000000,560.000000,12138.000000,733.000000,643.000000,15893.000000,982.000000,831.000000,883.000000,20977.000000,1364.000000,1338.000000,1467.000000,26276.000000,23445.000000,34555.000000,31454.000000,29851.000000,33290.000000,36457.000000,36120.000000,38815.000000,70159.000000,44710.000000,600884.000000,66704.000000,240756.000000,36194.000000,39059.000000,10680.000000,8966.000000,10778.000000,9588.000000,9060.000000,86576.000000,158502.000000,14720.000000,14482.000000,33127.000000,12700.000000,101781.000000,22758.000000,20474.000000,13056.000000,13963.000000,187653.000000,17967.000000,16382.000000,17481.000000
23702.000000,17821.000000,14046.000000,14077.000000,17134.000000,15226.000000,15451.000000,15930.000000,18167.000000,15558.000000,12481.000000,13503.000000,14617.000000,21299.000000,27843.000000,21131.000000,32398.000000,23426.000000,24234.000000,22324.000000,32880.000000,21964.000000,22084.000000,31281.000000,20517.000000,36380.000000,19561.000000,51839.000000,67008.000000,67527.000000,63464.000000,63213.000000,55484.000000,38810.000000,39603.000000,40678.000000,44221.000000,47869.000000,73602.000000,100872.000000,103662.000000,96070.000000,95388.000000,112488.000000,103806.000000,107765.000000,128264.000000,203320.000000,1187383.000000,145009.000000,157584.000000,147539.000000,179928.000000,177171.000000,307012.000000,175104.000000,695671.000000,208015.000000,238354.000000,229036.000000,200028.000000,217736.000000,1645059.000000,305764.000000,571197.000000,323404.000000,780976.000000,253831.000000,256440.000000,449654.000000,318228.000000,414135.000000,522102.000000,2371551.000000,399464.000000
1232669.000000,1033507.000000,1174537.000000,1175183.000000,1119083.000000,1141148.000000,1088522.000000,1128785.000000,1200163.000000,1104508.000000,1102799.000000,1102818.000000,1096327.000000,1167990.000000,1064283.000000,1198081.000000,1159873.000000,1172334.000000,1013865.000000,1035008.000000,1016579.000000,1067937.000000,1075618.000000,1046832.000000,1170139.000000,1161229.000000,1116128.000000,1173299.000000,1116489.000000,1089738.000000,1148726.000000,1166160.000000,1090345.000000,1250139.000000,1253910.000000,1147295.000000,1231829.000000,1227338.000000,1235916.000000,1239347.000000,1483307.000000,1352420.000000,1328420.000000,1346514.000000,1396883.000000,1758890.000000,1441247.000000,1695757.000000,2248926.000000,1666466.000000,1663174.000000,1959369.000000,1468906.000000,1528259.000000,1420239.000000,1303678.000000,1720377.000000,1440112.000000,1438268.000000,1487417.000000,1424550.000000,1308856.000000,1227794.000000,1268997.000000,1337997.000000,1260981.000000,1334316.000000,1318337.000000,1268266.000000,1321420.000000,1267086.000000,1252345.000000,1236387.000000,1167718.000000,1148112.000000
56764.000000,678534.000000,698129.000000,676748.000000,702771.000000,773936.000000,854538.000000,705752.000000,754379.000000,788952.000000,741302.000000,705336.000000,704427.000000,730271.000000,936407.000000,758165.000000,738378.000000,982772.000000,1125305.000000,1275895.000000,940568.000000,856922.000000,1075718.000000,1065265.000000,732250.000000,697928.000000,717484.000000,817496.000000,875166.000000,745763.000000,880041.000000,804900.000000,749145.000000,712543.000000,856381.000000,792015.000000,864858.000000,945810.000000,774065.000000,903873.000000,935680.000000,897997.000000,851005.000000,882327.000000,940143.000000,844010.000000,955403.000000,948850.000000,967717.000000,945134.000000,973844.000000,838848.000000,887878.000000,1588929.000000,910547.000000,912564.000000,908888.000000,1082660.000000,933028.000000,1022374.000000,1011816.000000,943879.000000,950052.000000,948661.000000,995632.000000,1056251.000000,1123807.000000,1168181.000000,1001651.000000,1009432.000000,1087378.000000,1089826.000000,1199223.000000,1186947.000000,1336967.000000
142.000000,0.000000,0.000000,0.000000,0.000000,0.000000,0.000000,0.000000,0.000000,3837.000000,0.000000,35.000000
5459.000000,1417.000000,3793.000000,2925.000000,1555.000000,2125.000000,6176.000000,3216.000000,16378.000000
3.000000,0.000000,44.000000,53.000000,31.000000,17.000000,37.000000,0.000000,0.000000,0.000000,0.000000
479.000000,203.000000,0.000000,58.000000,2061.000000,0.000000,56.000000,1683.000000,1620.000000,0.000000,1624.000000,0.000000,1543.000000,3037.000000,41.000000,1570.000000,3045.000000,170.000000,4359.000000,175.000000,4579.000000,200.000000,6329.000000,275.000000,5896.000000,398.000000,8708.000000,541.000000,11271.000000,716.000000,613.000000,19274.000000,1013.000000,869.000000,937.000000,20928.000000,1409.000000,1242.000000,1301.000000,29151.000000,25030.000000,34778.000000,31542.000000,30155.000000,33429.000000,35719.000000,38651.000000,40761.000000,70657.000000,44615.000000,456791.000000,198532.000000,32454.000000,37227.000000,9086.000000,10228.000000,9471.000000,8445.000000,10108.000000,9026.000000,122620.000000,16417.000000,13884.000000,14104.000000,25863.000000,81988.000000,16351.000000,19489.000000,22758.000000,16639.000000,206450.000000,25442.000000,19347.000000,20368.000000,125442.000000
32955.000000,15653.000000,17707.000000,15174.000000,15248.000000,14689.000000,17201.000000,21073.000000,19355.000000,11137.000000,11338.000000,16708.000000,12875.000000,14861.000000,15012.000000,18074.000000,22222.000000,18091.000000,14027.000000,14119.000000,18360.000000,20801.000000,16092.000000,30024.000000,17171.000000,24082.000000,20867.000000,26814.000000,27744.000000,34640.000000,25452.000000,52591.000000,26427.000000,21744.000000,21020.000000,29589.000000,24350.000000,20376.000000,25152.000000,25732.000000,30823.000000,45861.000000,38536.000000,94420.000000,32301.000000,43412.000000,67327.000000,38107.000000,34874.000000,77138.000000,66107.000000,44632.000000,49898.000000,135203.000000,43699.000000,52587.000000,54028.000000,81903.000000,89920.000000,65159.000000,118411.000000,156124.000000,77101.000000,87704.000000,96499.000000,267503.000000,100248.000000,96511.000000,131812.000000,134271.000000,150246.000000,131858.000000,859734.000000,180370.000000,156982.000000
765623.000000,800682.000000,809843.000000,858342.000000,821242.000000,843448.000000,903920.000000,874673.000000,885812.000000,963012.000000,887217.000000,904145.000000,852066.000000,857890.000000,979336.000000,935325.000000,929055.000000,958379.000000,945567.000000,946609.000000,1014135.000000,1007754.000000,1160817.000000,1089821.000000,1122544.000000,1063480.000000,1715444.000000,1238731.000000,1287766.000000,1419324.000000,1402280.000000,1482758.000000,1345818.000000,1296434.000000,1406243.000000,1492264.000000,1504143.000000,1368769.000000,1390994.000000,1416861.000000,1340891.000000,1323099.000000,1477214.000000,1427412.000000,1325679.000000,1313071.000000,1344751.000000,1486011.000000,1569423.000000,1553912.000000,1506144.000000,1560807.000000,1561670.000000,1639723.000000,1674487.000000,1674659.000000,1698441.000000,1765369.000000,1970621.000000,1997166.000000,2217474.000000,1892623.000000,2330626.000000,1975711.000000,2077712.000000,2280443.000000,2174274.000000,2158270.000000,2242603.000000,2179347.000000,2312759.000000,2286170.000000,2739431.000000,2700868.000000,2517877.000000
100649.000000,1052140.000000,1029307.000000,935051.000000,1021843.000000,1021760.000000,1050111.000000,1061242.000000,993106.000000,1005937.000000,1071481.000000,954966.000000,977287.000000,1023069.000000,1072690.000000,976104.000000,1036345.000000,959513.000000,981762.000000,836409.000000,847453.000000,885832.000000,1001358.000000,948767.000000,966543.000000,948710.000000,959972.000000,1007155.000000,1048266.000000,995058.000000,972654.000000,997509.000000,1103622.000000,1107780.000000,929493.000000,898974.000000,932965.000000,922926.000000,865027.000000,910029.000000,846031.000000,913205.000000,886074.000000,834565.000000,863017.000000,938401.000000,849334.000000,823092.000000,878057.000000,839902.000000,869470.000000,915458.000000,964826.000000,944777.000000,940713.000000,987640.000000,904626.000000,895583.000000,1074560.000000,1005380.000000,980268.000000,1016587.000000,1092974.000000,992528.000000,1864080.000000,1818626.000000,1686348.000000,1596845.000000,1668225.000000,1384666.000000,1338564.000000,1406280.000000,1341230.000000,1459607.000000,1455006.000000
99.000000,0.000000,0.000000,0.000000,0.000000,0.000000,0.000000,0.000000,0.000000,3633.000000,0.000000,32.000000
4456.000000,1244.000000,3229.000000,1626.000000,1502.000000,1965.000000,5381.000000,2355.000000,4973.000000
0.000000,0.000000,12.000000,26.000000,38.000000,12.000000,23.000000,4.000000,0.000000,0.000000,0.000000
380.000000,2976.000000,39.000000,133.000000,3415.000000,22.000000,1622.000000,1620.000000,1611.000000,50.000000,1680.000000,26.000000,1700.000000,2896.000000,62.000000,1575.000000,2955.000000,115.000000,4183.000000,178.000000,4683.000000,214.000000,4223.000000,297.000000,5665.000000,365.000000,8620.000000,558.000000,10720.000000,737.000000,609.000000,18661.000000,887.000000,879.000000,947.000000,20422.000000,1370.000000,1286.000000,1340.000000,27994.000000,24875.000000,33325.000000,29211.000000,29421.000000,33782.000000,35158.000000,35747.000000,39283.000000,39839.000000,44417.000000,581669.000000,207673.000000,32929.000000,28359.000000,8329.000000,11411.000000,10398.000000,9439.000000,8489.000000,10449.000000,200865.000000,88896.000000,10241.000000,10943.000000,22101.000000,11294.000000,41370.000000,15282.000000,16421.000000,13649.000000,99678.000000,72282.000000,343357.000000,15620.000000,15813.000000
91883.000000,92563.000000,84882.000000,59590.000000,58038.000000,71117.000000,59544.000000,60059.000000,89865.000000,59903.000000,59552.000000,72678.000000,76090.000000,75423.000000,82056.000000,93582.000000,108910.000000,82733.000000,100113.000000,96143.000000,120924.000000,108238.000000,104054.000000,121081.000000,128433.000000,159999.000000,128295.000000,206475.000000,156328.000000,183146.000000,137480.000000,214285.000000,295229.000000,101950.000000,97105.000000,154351.000000,185071.000000,96608.000000,112205.000000,108248.000000,114349.000000,114276.000000,89155.000000,322837.000000,118367.000000,458785.000000,119829.000000,154974.000000,136741.000000,148665.000000,119670.000000,122045.000000,206588.000000,317598.000000,213715.000000,220494.000000,170794.000000,179552.000000,328099.000000,180966.000000,184480.000000,159057.000000,174135.000000,951829.000000,225624.000000,207938.000000,467409.000000,226635.000000,1144400.000000,247161.000000,259638.000000,481160.000000,309974.000000,340540.000000,1114218.000000
1640296.000000,961943.000000,1052175.000000,1326349.000000,1248355.000000,1214837.000000,1443904.000000,1277195.000000,1208227.000000,1528589.000000,1260187.000000,1054689.000000,1210076.000000,1252034.000000,1246184.000000,1153763.000000,1024062.000000,980217.000000,1025313.000000,1039408.000000,1149472.000000,1105939.000000,1092402.000000,1011358.000000,969188.000000,975006.000000,944232.000000,953370.000000,963166.000000,1020809.000000,1153915.000000,1186199.000000,1251446.000000,1272214.000000,1276578.000000,1277972.000000,1277913.000000,1352408.000000,1324829.000000,1369058.000000,1382957.000000,1456457.000000,1559321.000000,1551495.000000,1604803.000000,1579216.000000,1809193.000000,1726825.000000,1699101.000000,1672826.000000,1478929.000000,1716736.000000,1736978.000000,1683681.000000,1726489.000000,2042318.000000,1739351.000000,1890073.000000,1855523.000000,1942482.000000,1886421.000000,1915301.000000,1997212.000000,2258662.000000,2271477.000000,2313383.000000,2297650.000000,2333611.000000,2426380.000000,2469451.000000,2717452.000000,2483424.000000,2555723.000000,2549345.000000,2561648.000000
100393.000000,1022607.000000,985875.000000,1020672.000000,927279.000000,944345.000000,1155910.000000,1075184.000000,978744.000000,1029192.000000,1081043.000000,1023459.000000,962270.000000,1036482.000000,871967.000000,952658.000000,816834.000000,1101559.000000,819886.000000,795580.000000,812819.000000,771180.000000,794692.000000,773165.000000,764100.000000,770207.000000,729945.000000,785791.000000,713273.000000,806689.000000,794278.000000,778200.000000,773572.000000,782818.000000,752695.000000,759955.000000,881326.000000,891370.000000,883371.000000,901208.000000,869857.000000,819199.000000,799879.000000,869321.000000,889800.000000,834244.000000,860135.000000,797915.000000,843871.000000,894572.000000,1002790.000000,973934.000000,1185523.000000,1028170.000000,1097582.000000,1002135.000000,966316.000000,1074628.000000,929182.000000,1148589.000000,1189615.000000,1050803.000000,1104796.000000,1040597.000000,1214491.000000,1158001.000000,1309218.000000,1426586.000000,1421382.000000,1349911.000000,1219836.000000,1298588.000000,1258898.000000,1174205.000000,2193040.000000
106.000000,0.000000,0.000000,0.000000,0.000000,0.000000,0.000000,0.000000,0.000000,5337.000000,0.000000,31.000000
4235.000000,5575.000000,34509.000000,1609.000000,1809.000000,1918.000000,2159.000000,3917.000000,7240.000000
0.000000,0.000000,45.000000,23.000000,50.000000,29.000000,24.000000,27.000000,25.000000,85.000000,14.000000
652.000000,93.000000,0.000000,83.000000,1594.000000,3.000000,1532.000000,1809.000000,1556.000000,26.000000,2907.000000,12.000000,1754.000000,1570.000000,60.000000,1789.000000,2999.000000,128.000000,3962.000000,164.000000,5624.000000,241.000000,5201.000000,280.000000,5814.000000,403.000000,9492.000000,542.000000,10701.000000,721.000000,670.000000,16276.000000,949.000000,874.000000,887.000000,22846.000000,1432.000000,1303.000000,1399.000000,25926.000000,22648.000000,33367.000000,29444.000000,28249.000000,31739.000000,34886.000000,35575.000000,37223.000000,68596.000000,43449.000000,159623.000000,46482.000000,35253.000000,32231.000000,11007.000000,9351.000000,9557.000000,9764.000000,9186.000000,11533.000000,205971.000000,89831.000000,18643.000000,12480.000000,48553.000000,11096.000000,115012.000000,167825.000000,13786.000000,13693.000000,15698.000000,131293.000000,20717.000000,17910.000000,15738.000000
20105.000000,12909.000000,15288.000000,15354.000000,12702.000000,12120.000000,14766.000000,15585.000000,17891.000000,10723.000000,10138.000000,14147.000000,20295.000000,23095.000000,19014.000000,13164.000000,116470.000000,26303.000000,15698.000000,15717.000000,21500.000000,13799.000000,21881.000000,24095.000000,14961.000000,28244.000000,19971.000000,38023.000000,26112.000000,21829.000000,19724.000000,37973.000000,40640.000000,30118.000000,31064.000000,31640.000000,26892.000000,39242.000000,35251.000000,47353.000000,36627.000000,42953.000000,37867.000000,161396.000000,54810.000000,54167.000000,55605.000000,53930.000000,79479.000000,76156.000000,73558.000000,125248.000000,414713.000000,119240.000000,94545.000000,141095.000000,145137.000000,139186.000000,456435.000000,158094.000000,181513.000000,145460.000000,295530.000000,186342.000000,186247.000000,193127.000000,651523.000000,196603.000000,180899.000000,1486399.000000,220633.000000,383443.000000,606320.000000,236677.000000,238976.000000
1168048.000000,989500.000000,1007728.000000,1072514.000000,1058704.000000,1123559.000000,1118069.000000,1099767.000000,1148862.000000,1138565.000000,1077847.000000,1074917.000000,1120132.000000,1106688.000000,1097177.000000,1075302.000000,1054065.000000,1077923.000000,1153612.000000,1138384.000000,1131109.000000,1119199.000000,1131990.000000,1192626.000000,1183928.000000,1144808.000000,1133031.000000,1164592.000000,1171835.000000,1135450.000000,1175465.000000,1193151.000000,1252767.000000,1209113.000000,1224220.000000,1262413.000000,1213245.000000,1253291.000000,1288763.000000,1268028.000000,1287613.000000,1337145.000000,1350531.000000,1392429.000000,1459928.000000,1451903.000000,1544096.000000,1721171.000000,1629527.000000,1577388.000000,1570592.000000,1701786.000000,1398902.000000,1355857.000000,1525435.000000,1234679.000000,1324741.000000,1341321.000000,1397933.000000,1438344.000000,1421962.000000,1453826.000000,1504145.000000,1467553.000000,1594489.000000,1676688.000000,1671456.000000,1664312.000000,1920924.000000,1667807.000000,1714624.000000,1828634.000000,1821104.000000,1921876.000000,1885576.000000
87848.000000,842585.000000,830172.000000,916808.000000,874148.000000,917448.000000,858666.000000,897837.000000,793334.000000,740342.000000,719951.000000,769949.000000,717978.000000,701039.000000,747399.000000,1348557.000000,803238.000000,769056.000000,723170.000000,743401.000000,752966.000000,744730.000000,773502.000000,739613.000000,726766.000000,784652.000000,778023.000000,759605.000000,708121.000000,944424.000000,893558.000000,1587397.000000,1029047.000000,1070415.000000,920727.000000,977862.000000,1028341.000000,1020109.000000,897440.000000,912555.000000,926904.000000,913777.000000,952892.000000,941049.000000,948569.000000,972961.000000,1018514.000000,1020138.000000,1059556.000000,961267.000000,1043879.000000,1005293.000000,984518.000000,1083601.000000,1122367.000000,999238.000000,1032087.000000,1030657.000000,1087940.000000,1094889.000000,1174071.000000,1222704.000000,1190756.000000,1119612.000000,1159402.000000,1231420.000000,1227487.000000,1220261.000000,1439221.000000,1333984.000000,1430768.000000,1401927.000000,1411435.000000,1295211.000000,1477852.000000
111.000000,0.000000,0.000000,0.000000,0.000000,0.000000,0.000000,0.000000,0.000000,3660.000000,0.000000,36.000000
6935.000000,1605.000000,4923.000000,2037.000000,1788.000000,2067.000000,5768.000000,7768.000000,33761.000000
0.000000,0.000000,5.000000,19.000000,39.000000,9.000000,6.000000,27.000000,0.000000,22.000000,0.000000
473.000000,133.000000,0.000000,78.000000,1936.000000,4.000000,1567.000000,2966.000000,1629.000000,38.000000,1679.000000,22.000000,1602.000000,2519.000000,39.000000,1581.000000,3024.000000,96.000000,3942.000000,276.000000,7655.000000,286.000000,6052.000000,456.000000,7662.000000,540.000000,13566.000000,804.000000,14907.000000,1455.000000,1044.000000,16872.000000,966.000000,864.000000,989.000000,21071.000000,1366.000000,1302.000000,1414.000000,26991.000000,23482.000000,34516.000000,29990.000000,28420.000000,35695.000000,38300.000000,37250.000000,38187.000000,41906.000000,46716.000000,171010.000000,185322.000000,25158.000000,31961.000000,11046.000000,9604.000000,10561.000000,10413.000000,9770.000000,10441.000000,8991.000000,104665.000000,16941.000000,11817.000000,26664.000000,12651.000000,12940.000000,104167.000000,13597.000000,13714.000000,14221.000000,19646.000000,254898.000000,21299.000000,21921.000000
20657.000000,14194.000000,13356.000000,13459.000000,10929.000000,10662.000000,16584.000000,16547.000000,17507.000000,13591.000000,14404.000000,23224.000000,19802.000000,17315.000000,18615.000000,19695.000000,24511.000000,23314.000000,16589.000000,29277.000000,27561.000000,13354.000000,23045.000000,19308.000000,13487.000000,26702.000000,13463.000000,53142.000000,22772.000000,15915.000000,14641.000000,26801.000000,22139.000000,173781.000000,23969.000000,33983.000000,28474.000000,35719.000000,29275.000000,27526.000000,27335.000000,25878.000000,39392.000000,39995.000000,26825.000000,29305.000000,34789.000000,30170.000000,30771.000000,117776.000000,36570.000000,35001.000000,38936.000000,34477.000000,45963.000000,38659.000000,38082.000000,180683.000000,50841.000000,48810.000000,49952.000000,52287.000000,55878.000000,310294.000000,73078.000000,109155.000000,58982.000000,232111.000000,69689.000000,62124.000000,67284.000000,621095.000000,76352.000000,76250.000000,127497.000000
755195.000000,720676.000000,696475.000000,686570.000000,687155.000000,683345.000000,718632.000000,727638.000000,689626.000000,678083.000000,697005.000000,696803.000000,756200.000000,768301.000000,668775.000000,694464.000000,710770.000000,716452.000000,708556.000000,716086.000000,680911.000000,684151.000000,693197.000000,695917.000000,730636.000000,728616.000000,705496.000000,721253.000000,708509.000000,702302.000000,772138.000000,792713.000000,859120.000000,931295.000000,903908.000000,922694.000000,810103.000000,817928.000000,827121.000000,776239.000000,840454.000000,871628.000000,905634.000000,1152125.000000,1381416.000000,851413.000000,795116.000000,822549.000000,907357.000000,903165.000000,848559.000000,874155.000000,842320.000000,862668.000000,911471.000000,943528.000000,938644.000000,913376.000000,897874.000000,993792.000000,1036688.000000,986766.000000,961012.000000,1009177.000000,1049500.000000,1031273.000000,1089776.000000,1060508.000000,1069041.000000,1089394.000000,1250299.000000,1150796.000000,1141834.000000,1165024.000000,1183456.000000
52705.000000,778143.000000,796438.000000,755679.000000,817586.000000,814461.000000,773108.000000,752099.000000,783630.000000,797980.000000,841241.000000,694708.000000,708902.000000,711603.000000,707069.000000,707265.000000,699401.000000,689629.000000,712662.000000,705486.000000,661470.000000,654470.000000,650768.000000,797859.000000,772273.000000,783324.000000,835132.000000,803692.000000,754589.000000,754747.000000,837657.000000,1311570.000000,769143.000000,804224.000000,836075.000000,825844.000000,766944.000000,813879.000000,828663.000000,798157.000000,813778.000000,943699.000000,876830.000000,849539.000000,786229.000000,866073.000000,954052.000000,898391.000000,848224.000000,788957.000000,862820.000000,887237.000000,826902.000000,1040789.000000,1697940.000000,1107060.000000,1018657.000000,1039914.000000,898325.000000,997745.000000,1023815.000000,3455904.000000,4517502.000000,4439088.000000,2677906.000000,4507631.000000,2747693.000000,4447701.000000,2906114.000000,4736576.000000,2973454.000000,4615944.000000,2930186.000000,4624865.000000,3034388.000000
64.000000,0.000000,0.000000,0.000000,0.000000,0.000000,0.000000,0.000000,0.000000,3575.000000,0.000000,36.000000
5764.000000,1291.000000,18492.000000,31275.000000,23084.000000,29852.000000,2407.000000,2429.000000,2257.000000
0.000000,0.000000,34.000000,46.000000,13.000000,47.000000,61.000000,32.000000,0.000000,12.000000,0.000000
479.000000,160.000000,33.000000,116.000000,1664.000000,46.000000,1550.000000,2868.000000,1561.000000,65.000000,1698.000000,60.000000,1523.000000,1573.000000,95.000000,1585.000000,3080.000000,173.000000,2921.000000,217.000000,5381.000000,263.000000,4146.000000,337.000000,6501.000000,373.000000,10528.000000,570.000000,11568.000000,774.000000,723.000000,14910.000000,993.000000,990.000000,981.000000,20028.000000,1362.000000,1292.000000,1318.000000,25131.000000,22261.000000,32586.000000,29624.000000,27360.000000,31511.000000,36095.000000,34507.000000,35607.000000,39984.000000,42171.000000,500177.000000,219313.000000,24411.000000,32045.000000,10659.000000,9892.000000,9604.000000,10710.000000,10027.000000,10869.000000,222343.000000,15946.000000,13337.000000,12912.000000,25795.000000,335897.000000,26111.000000,11573.000000,21988.000000,37395.000000,316696.000000,17328.000000,14387.000000,14840.000000,223898.000000
19978.000000,14255.000000,13289.000000,16409.000000,15387.000000,12862.000000,15488.000000,16417.000000,20087.000000,16079.000000,16055.000000,25234.000000,16177.000000,19321.000000,20797.000000,17742.000000,30962.000000,21909.000000,19534.000000,23829.000000,35151.000000,17554.000000,15050.000000,32780.000000,18004.000000,24910.000000,18194.000000,20113.000000,27664.000000,21503.000000,17220.000000,25708.000000,25882.000000,26167.000000,27566.000000,23453.000000,24593.000000,32040.000000,26508.000000,27022.000000,26976.000000,26483.000000,28634.000000,279732.000000,71178.000000,37012.000000,31948.000000,32481.000000,28816.000000,35055.000000,34912.000000,36446.000000,37058.000000,38920.000000,47925.000000,36837.000000,40932.000000,41607.000000,38482.000000,47453.000000,240841.000000,46828.000000,46546.000000,49445.000000,58355.000000,317886.000000,59462.000000,64033.000000,62801.000000,245894.000000,63507.000000,65890.000000,269845.000000,78979.000000,70539.000000
2447224.000000,2439345.000000,2507745.000000,2431251.000000,2480511.000000,2530627.000000,2501460.000000,2507003.000000,2532472.000000,2553670.000000,2487554.000000,2474531.000000,2434695.000000,2561954.000000,2622945.000000,2588523.000000,2552907.000000,2505533.000000,2584539.000000,2576798.000000,2580235.000000,2666935.000000,2583735.000000,2578840.000000,2565339.000000,2512552.000000,2515789.000000,2491243.000000,2579773.000000,2658653.000000,2531251.000000,2670530.000000,2776561.000000,2652120.000000,4209588.000000,4429315.000000,4313792.000000,4231667.000000,4294172.000000,4393000.000000,4347483.000000,2639821.000000,2702540.000000,2649725.000000,2659658.000000,2684492.000000,3151432.000000,2749808.000000,2800759.000000,3309911.000000,3057133.000000,2936260.000000,2878878.000000,3177659.000000,3102543.000000,2838092.000000,3173756.000000,3047689.000000,4542652.000000,3165389.000000,4643819.000000,4726694.000000,4981723.000000,4864805.000000,4761376.000000,3615816.000000,5105045.000000,5037903.000000,5667585.000000,5391406.000000,4721721.000000,4872945.000000,5187999.000000,5298282.000000,5416343.000000
54719.000000,2406816.000000,4086392.000000,2476752.000000,4283733.000000,2534653.000000,4228775.000000,2613520.000000,4243084.000000,2665962.000000,4804750.000000,2554735.000000,4315027.000000,2478403.000000,4254748.000000,2661221.000000,2622001.000000,2611694.000000,4319032.000000,2565466.000000,4343930.000000,2628397.000000,4252596.000000,2575644.000000,4206005.000000,2611473.000000,4317113.000000,2584686.000000,4331819.000000,2494652.000000,4320182.000000,2648888.000000,4289578.000000,2613004.000000,4428155.000000,3011864.000000,4897204.000000,3062731.000000,4872320.000000,3213715.000000,4933105.000000,3285430.000000,5128942.000000,3466184.000000,5021337.000000,3276984.000000,4891977.000000,3241763.000000,4642158.000000,3222020.000000,3069125.000000,4480069.000000,2975914.000000,4448455.000000,3495315.000000,5310421.000000,3338230.000000,5315424.000000,3509820.000000,5052928.000000,3634271.000000,5647562.000000,3539062.000000,5250045.000000,3221437.000000,4661528.000000,2936199.000000,4466184.000000,3101523.000000,4425348.000000,3241659.000000,5401687.000000,2979091.000000,4636010.000000,3028285.000000
111.000000,0.000000,0.000000,0.000000,0.000000,0.000000,0.000000,0.000000,0.000000,3550.000000,0.000000,34.000000
4505.000000,1145.000000,3376.000000,1835.000000,3702.000000,23110.000000,2549.000000,4185.000000,3097.000000
0.000000,0.000000,27.000000,14.000000,3.000000,0.000000,62.000000,11.000000,0.000000,0.000000,0.000000
593.000000,102.000000,0.000000,73.000000,1609.000000,2.000000,1503.000000,1577.000000,1740.000000,28.000000,1559.000000,23.000000,2468.000000,1654.000000,39.000000,1577.000000,2894.000000,131.000000,4158.000000,169.000000,4227.000000,183.000000,5464.000000,269.000000,5532.000000,349.000000,9726.000000,553.000000,10435.000000,755.000000,691.000000,16516.000000,982.000000,881.000000,931.000000,21826.000000,1376.000000,1248.000000,1355.000000,28171.000000,23332.000000,32250.000000,29572.000000,29476.000000,31604.000000,35534.000000,37141.000000,38757.000000,40763.000000,43537.000000,553202.000000,286275.000000,33918.000000,39950.000000,9073.000000,11540.000000,9061.000000,7986.000000,10313.000000,9088.000000,159480.000000,14557.000000,19253.000000,12995.000000,23545.000000,106489.000000,23495.000000,13859.000000,14789.000000,15587.000000,210180.000000,18348.000000,15549.000000,16443.000000,143778.000000
25753.000000,37152.000000,23837.000000,55568.000000,16080.000000,20988.000000,36803.000000,34751.000000,34255.000000,25589.000000,30961.000000,41925.000000,36181.000000,51087.000000,54998.000000,59711.000000,96264.000000,74968.000000,63188.000000,77512.000000,87577.000000,82228.000000,61518.000000,114240.000000,81849.000000,150339.000000,81834.000000,115434.000000,162754.000000,130605.000000,151026.000000,111709.000000,114248.000000,110242.000000,113435.000000,110695.000000,111614.000000,171232.000000,73947.000000,93637.000000,65966.000000,67742.000000,46373.000000,489513.000000,54926.000000,67663.000000,68970.000000,41898.000000,43237.000000,102973.000000,57438.000000,94317.000000,88135.000000,89145.000000,151165.000000,202878.000000,141417.000000,179816.000000,192095.000000,232872.000000,888301.000000,280680.000000,259709.000000,293614.000000,325243.000000,1440799.000000,278829.000000,310185.000000,357587.000000,1200423.000000,317647.000000,417491.000000,1359140.000000,385875.000000,385097.000000
2925178.000000,2792115.000000,4472729.000000,4619713.000000,4512801.000000,4311975.000000,4412130.000000,4515271.000000,4432186.000000,4580237.000000,4540877.000000,4620269.000000,4578060.000000,4488438.000000,4496656.000000,4656751.000000,4751495.000000,4623594.000000,4579538.000000,4680936.000000,3174088.000000,2995503.000000,2921972.000000,3012734.000000,2972893.000000,2878670.000000,2907952.000000,2899448.000000,2854835.000000,2676791.000000,2600876.000000,2656988.000000,2605503.000000,2600700.000000,2652021.000000,2693246.000000,2688803.000000,2580484.000000,4188248.000000,4321651.000000,4300713.000000,2636332.000000,2893255.000000,2522450.000000,4631228.000000,6338969.000000,8270534.000000,2647875.000000,2618025.000000,2606380.000000,2927968.000000,2926110.000000,2934819.000000,2593956.000000,3328319.000000,2654306.000000,2725192.000000,2808495.000000,2738744.000000,4494194.000000,2755941.000000,2739185.000000,2981014.000000,2807962.000000,2794851.000000,3115081.000000,2806116.000000,3084727.000000,2919885.000000,2930179.000000,2866402.000000,3269378.000000,3411654.000000,3421376.000000,2919694.000000
52325.000000,4262692.000000,2325465.000000,4056301.000000,2412017.000000,4017113.000000,2291593.000000,4053722.000000,2464551.000000,4145784.000000,2323913.000000,3973856.000000,2357751.000000,4006392.000000,2502485.000000,4128298.000000,2520654.000000,4131172.000000,2525687.000000,4140360.000000,2445364.000000,4021410.000000,2424721.000000,3966782.000000,2450498.000000,4024520.000000,2447665.000000,4156132.000000,2461893.000000,4075071.000000,2480737.000000,3906285.000000,2403072.000000,4531620.000000,2422716.000000,4221448.000000,4115829.000000,2301193.000000,3921517.000000,2462898.000000,4061474.000000,2560365.000000,4008852.000000,2350503.000000,4167543.000000,2369205.000000,6206726.000000,4046968.000000,2582288.000000,2512437.000000,4130613.000000,2484892.000000,4108750.000000,2509959.000000,4290683.000000,2495865.000000,4216606.000000,2506683.000000,4082487.000000,2696229.000000,4250118.000000,2590941.000000,2607094.000000,4232432.000000,4089106.000000,2645919.000000,4124879.000000,2748385.000000,4249330.000000,2754336.000000,4389122.000000,2747616.000000,4349085.000000,2710778.000000,4996520.000000
147.000000,0.000000,0.000000,0.000000,0.000000,0.000000,0.000000,0.000000,0.000000,7524.000000,120.000000,36.000000
10667.000000,14855.000000,17679.000000,1942.000000,2340.000000,2537.000000,11417.000000,7444.000000,3824.000000
0.000000,0.000000,29.000000,53.000000,135.000000,39.000000,75.000000,190.000000,88.000000,104.000000,0.000000
549.000000,2219.000000,52.000000,124.000000,2166.000000,42.000000,1756.000000,1796.000000,1825.000000,63.000000,1879.000000,42.000000,1771.000000,2309.000000,84.000000,1770.000000,4450.000000,110.000000,4147.000000,211.000000,7313.000000,277.000000,4775.000000,321.000000,7908.000000,448.000000,12371.000000,584.000000,14826.000000,834.000000,650.000000,22459.000000,1436.000000,1017.000000,1257.000000,27390.000000,1501.000000,1698.000000,1583.000000,37119.000000,32306.000000,51467.000000,56316.000000,40859.000000,45080.000000,41549.000000,103227.000000,46344.000000,74837.000000,70502.000000,78972.000000,44646.000000,43323.000000,34216.000000,25003.000000,22607.000000,28535.000000,35637.000000,34366.000000,31312.000000,191050.000000,40874.000000,38751.000000,40151.000000,53080.000000,171192.000000,44580.000000,35666.000000,27353.000000,37802.000000,375775.000000,94142.000000,72081.000000,88231.000000,198767.000000
37270.000000,29253.000000,34647.000000,65126.000000,54941.000000,30892.000000,34161.000000,31208.000000,47481.000000,26980.000000,27510.000000,26041.000000,81893.000000,30325.000000,25672.000000,80273.000000,48684.000000,26769.000000,43772.000000,50902.000000,38937.000000,52216.000000,28700.000000,39659.000000,18655.000000,39551.000000,26172.000000,41108.000000,30963.000000,21975.000000,40916.000000,108686.000000,86806.000000,38792.000000,90693.000000,28573.000000,53399.000000,40683.000000,36739.000000,31233.000000,28245.000000,31384.000000,74248.000000,72740.000000,55499.000000,53376.000000,52527.000000,32336.000000,34519.000000,38001.000000,55634.000000,48687.000000,41997.000000,99658.000000,54994.000000,43675.000000,51881.000000,50195.000000,68293.000000,75349.000000,184030.000000,60497.000000,75470.000000,62476.000000,63766.000000,180489.000000,81585.000000,60827.000000,63615.000000,63161.000000,65852.000000,80902.000000,441441.000000,75230.000000,94116.000000
2368101.000000,2413001.000000,2374296.000000,2181288.000000,2268058.000000,2301046.000000,2359071.000000,2316751.000000,2293027.000000,2507719.000000,2543178.000000,2320482.000000,2339072.000000,2217977.000000,2221601.000000,2222509.000000,2624970.000000,2368207.000000,2319988.000000,2204145.000000,2216519.000000,2223505.000000,2218082.000000,2253046.000000,2269885.000000,2351589.000000,2469989.000000,2226484.000000,2193432.000000,2255909.000000,2305625.000000,2312330.000000,4077898.000000,3963401.000000,3876109.000000,3781391.000000,4003364.000000,3988649.000000,3817483.000000,3882400.000000,2466211.000000,4160819.000000,3870736.000000,3962296.000000,4038045.000000,4064998.000000,3937545.000000,3970523.000000,3889698.000000,4005401.000000,3827215.000000,3931035.000000,3968931.000000,4071540.000000,3994126.000000,4106915.000000,3994190.000000,4138380.000000,4083373.000000,4120669.000000,4043210.000000,4250474.000000,4214344.000000,4085773.000000,4102101.000000,4272607.000000,4171059.000000,4219883.000000,4177679.000000,4303036.000000,4441227.000000,4217805.000000,4233411.000000,4514565.000000,4246774.000000
51672.000000,2224141.000000,3748720.000000,2339647.000000,3889273.000000,2270895.000000,3887076.000000,2282655.000000,3766293.000000,2481185.000000,3767378.000000,2412424.000000,3886964.000000,2372117.000000,3942189.000000,2250875.000000,3767011.000000,2324486.000000,3859084.000000,2385801.000000,2275420.000000,3698833.000000,2315704.000000,2335621.000000,3858702.000000,2355439.000000,3809819.000000,2392371.000000,4110822.000000,4134907.000000,2532507.000000,6055255.000000,2486423.000000,2490749.000000,4179583.000000,2479661.000000,4167972.000000,2394220.000000,4122812.000000,2518628.000000,4058924.000000,2501770.000000,4069256.000000,2470239.000000,4070976.000000,2545432.000000,4238106.000000,2476590.000000,4122531.000000,2665589.000000,4251532.000000,2486792.000000,4184026.000000,2501319.000000,4247281.000000,2610503.000000,4177911.000000,2599009.000000,4203873.000000,2618648.000000,4372713.000000,2806620.000000,4406959.000000,2725178.000000,4456841.000000,2717311.000000,4566891.000000,2889360.000000,4409715.000000,2876134.000000,4386785.000000,3088756.000000,4953171.000000,3048346.000000,9537674.000000
111.000000,0.000000,0.000000,0.000000,0.000000,0.000000,0.000000,0.000000,0.000000,3706.000000,0.000000,34.000000
4757.000000,1201.000000,3227.000000,1889.000000,2044.000000,1992.000000,5366.000000,2424.000000,2489.000000
5.000000,0.000000,22.000000,22.000000,17.000000,73.000000,55.000000,0.000000,30.000000,0.000000,0.000000
496.000000,124.000000,0.000000,82.000000,3062.000000,35.000000,92.000000,3053.000000,2981.000000,28.000000,2851.000000,18.000000,1537.000000,1647.000000,39.000000,1763.000000,3220.000000,187.000000,3011.000000,182.000000,5657.000000,200.000000,4406.000000,287.000000,6687.000000,345.000000,10820.000000,557.000000,12014.000000,713.000000,604.000000,16875.000000,1026.000000,942.000000,968.000000,21076.000000,1439.000000,1340.000000,1368.000000,27342.000000,23335.000000,36413.000000,31197.000000,29961.000000,33953.000000,37648.000000,36379.000000,38619.000000,69742.000000,44369.000000,579223.000000,265285.000000,25657.000000,30989.000000,12549.000000,10588.000000,11569.000000,12527.000000,11394.000000,13434.000000,12783.000000,95713.000000,29186.000000,22971.000000,39741.000000,17931.000000,18645.000000,139509.000000,20635.000000,19040.000000,30999.000000,19248.000000,221270.000000,25080.000000,32908.000000
49204.000000,18579.000000,17077.000000,22637.000000,21110.000000,24295.000000,20730.000000,22915.000000,30657.000000,18627.000000,30663.000000,38461.000000,34546.000000,46344.000000,77259.000000,57749.000000,58538.000000,31273.000000,32732.000000,62936.000000,69896.000000,61248.000000,36449.000000,51094.000000,41135.000000,52619.000000,39558.000000,26594.000000,27321.000000,30972.000000,21961.000000,30334.000000,24373.000000,129468.000000,38318.000000,33831.000000,27344.000000,29546.000000,30310.000000,52716.000000,85292.000000,43619.000000,51863.000000,82263.000000,89406.000000,63844.000000,78313.000000,62252.000000,124234.000000,202465.000000,120155.000000,65630.000000,54911.000000,51207.000000,64341.000000,112122.000000,164796.000000,130143.000000,60098.000000,70245.000000,95755.000000,110435.000000,106642.000000,243121.000000,71365.000000,89148.000000,134088.000000,455251.000000,277835.000000,74439.000000,109473.000000,614918.000000,136299.000000,82529.000000,190702.000000
4062200.000000,3999722.000000,3954537.000000,4057333.000000,3977887.000000,2468972.000000,2410512.000000,2384653.000000,2259383.000000,2384778.000000,2457902.000000,4122392.000000,3926513.000000,3967627.000000,4010195.000000,4010771.000000,3865398.000000,3900911.000000,3966143.000000,3895875.000000,3955355.000000,3947999.000000,4034859.000000,3961485.000000,3858306.000000,3871704.000000,4022260.000000,3902212.000000,3888743.000000,3983411.000000,4114176.000000,4232036.000000,4183851.000000,4122734.000000,4171356.000000,2486445.000000,2543300.000000,2511336.000000,2397838.000000,2542083.000000,2507450.000000,2589703.000000,2520756.000000,2788857.000000,2605864.000000,2536098.000000,2561614.000000,2654633.000000,2544920.000000,2555570.000000,2571697.000000,2796183.000000,2719333.000000,2658896.000000,2571982.000000,2822384.000000,2685194.000000,2744601.000000,2685820.000000,2689532.000000,2761547.000000,2856547.000000,2786726.000000,2827157.000000,2802539.000000,2788684.000000,2822405.000000,2967305.000000,2923425.000000,2801366.000000,2969382.000000,2991631.000000,2938222.000000,3331784.000000,2938246.000000
49280.000000,3989681.000000,2556452.000000,4077075.000000,4194383.000000,2536164.000000,4120965.000000,2432750.000000,4090238.000000,2451033.000000,4201739.000000,2552522.000000,4143047.000000,2565673.000000,4179972.000000,2590011.000000,4331258.000000,2699984.000000,4303874.000000,2452529.000000,4376386.000000,2692984.000000,4244525.000000,2521938.000000,4396438.000000,2590987.000000,4116094.000000,2439806.000000,4373974.000000,2524398.000000,4209248.000000,2561794.000000,4204300.000000,2657865.000000,4255927.000000,4687518.000000,4073808.000000,2375125.000000,4062473.000000,2377517.000000,4001411.000000,2597740.000000,3957572.000000,2599651.000000,3970053.000000,2513066.000000,4216827.000000,2622510.000000,3944038.000000,2567139.000000,4070585.000000,2540997.000000,4168903.000000,2581330.000000,4158230.000000,2604069.000000,4118990.000000,2598647.000000,4137246.000000,2607191.000000,4198428.000000,2669678.000000,4341029.000000,2844701.000000,4323413.000000,2813915.000000,4377842.000000,2877274.000000,4530270.000000,2811100.000000,4400974.000000,4731223.000000,4475817.000000,5461125.000000,4780936.000000
155.000000,0.000000,0.000000,0.000000,0.000000,0.000000,0.000000,0.000000,0.000000,3847.000000,0.000000,35.000000
4854.000000,1315.000000,3204.000000,1801.000000,1676.000000,2422.000000,5456.000000,2587.000000,2460.000000
5.000000,0.000000,55.000000,48.000000,6.000000,39.000000,37.000000,0.000000,8.000000,0.000000,0.000000
656.000000,97.000000,0.000000,23.000000,1667.000000,0.000000,71.000000,3244.000000,3118.000000,0.000000,2573.000000,0.000000,1487.000000,1630.000000,0.000000,1351.000000,3219.000000,126.000000,2926.000000,123.000000,5580.000000,152.000000,4421.000000,249.000000,6549.000000,261.000000,10825.000000,494.000000,12310.000000,702.000000,639.000000,15939.000000,982.000000,866.000000,994.000000,20950.000000,1368.000000,1213.000000,1335.000000,27327.000000,26341.000000,35505.000000,31251.000000,32938.000000,34748.000000,37849.000000,37694.000000,45990.000000,83536.000000,50697.000000,450583.000000,185731.000000,28527.000000,37620.000000,16556.000000,14526.000000,15345.000000,13848.000000,11529.000000,11858.000000,9538.000000,110988.000000,15202.000000,14285.000000,32848.000000,13298.000000,13908.000000,214671.000000,14011.000000,13549.000000,65647.000000,14692.000000,183357.000000,19960.000000,17591.000000
22540.000000,20752.000000,24675.000000,37077.000000,67024.000000,772626.000000,798268.000000,102038.000000,78645.000000,70386.000000,79099.000000,101122.000000,120004.000000,100983.000000,121437.000000,124486.000000,113589.000000,93553.000000,120345.000000,124780.000000,148878.000000,110844.000000,108376.000000,154321.000000,106296.000000,117022.000000,88511.000000,98697.000000,157150.000000,126821.000000,80900.000000,103314.000000,140645.000000,162358.000000,163093.000000,113497.000000,108300.000000,144760.000000,133001.000000,103341.000000,111238.000000,188916.000000,211031.000000,131896.000000,135946.000000,251688.000000,199167.000000,146612.000000,458773.000000,223622.000000,126727.000000,82383.000000,93806.000000,102066.000000,123773.000000,213553.000000,79004.000000,2489307.000000,100134.000000,155963.000000,162566.000000,69313.000000,63155.000000,67171.000000,259265.000000,197973.000000,170947.000000,325539.000000,196381.000000,221780.000000,209005.000000,169452.000000,117105.000000,140906.000000,150378.000000
3872319.000000,4118255.000000,4379479.000000,4436225.000000,4397140.000000,4256490.000000,4363867.000000,4179328.000000,4403653.000000,4176950.000000,4348985.000000,4227253.000000,4254515.000000,2868848.000000,2822958.000000,2819107.000000,4355543.000000,4421848.000000,4160085.000000,3221509.000000,2828288.000000,2833690.000000,2713806.000000,4211772.000000,2698985.000000,2813162.000000,2820926.000000,2863625.000000,2756311.000000,2781466.000000,2854673.000000,3017229.000000,3060200.000000,2756719.000000,2882280.000000,4365381.000000,3065967.000000,4534834.000000,4581754.000000,4385460.000000,4462658.000000,4532468.000000,4376424.000000,4603211.000000,4725012.000000,4494084.000000,4435743.000000,4676877.000000,4509532.000000,4425942.000000,4564644.000000,4740548.000000,4998372.000000,4388114.000000,4380053.000000,4305546.000000,4205500.000000,4064869.000000,4138302.000000,4277562.000000,4107148.000000,4028324.000000,4153416.000000,4227452.000000,4101228.000000,3993222.000000,4135040.000000,4269702.000000,4115242.000000,4190090.000000,4575214.000000,4382455.000000,4217065.000000,4443881.000000,4704560.000000
53862.000000,2309380.000000,3754080.000000,2270934.000000,3672462.000000,2413441.000000,3683130.000000,2395762.000000,3828053.000000,2231803.000000,3850889.000000,2261319.000000,3631428.000000,2301850.000000,3686392.000000,2276085.000000,3694174.000000,2271004.000000,3756511.000000,2323116.000000,3777130.000000,2294597.000000,3704447.000000,2241977.000000,3796438.000000,2308582.000000,3680892.000000,2340504.000000,3798497.000000,2229707.000000,3763509.000000,2250937.000000,3653701.000000,2224212.000000,3748241.000000,2362187.000000,3836886.000000,2273581.000000,3822883.000000,2324926.000000,3783989.000000,2345436.000000,3776558.000000,2362042.000000,3766722.000000,2274049.000000,3737589.000000,2363540.000000,2315371.000000,3782946.000000,2353451.000000,3739264.000000,2446607.000000,4009468.000000,2406429.000000,4017101.000000,2423457.000000,2662256.000000,4248624.000000,2554966.000000,4266828.000000,2675273.000000,3024705.000000,4244363.000000,3094810.000000,4527847.000000,2682078.000000,4312823.000000,2712608.000000,4355612.000000,4344284.000000,2804434.000000,2807229.000000,5178447.000000,2817815.000000
158.000000,0.000000,0.000000,0.000000,0.000000,0.000000,0.000000,0.000000,0.000000,6336.000000,0.000000,36.000000
5487.000000,1102.000000,3148.000000,1990.000000,1515.000000,3246.000000,5019.000000,25088.000000,9308.000000
0.000000,0.000000,6.000000,39.000000,6.000000,22.000000,58.000000,31.000000,48.000000,0.000000,15.000000
454.000000,114.000000,0.000000,14.000000,1645.000000,0.000000,49.000000,1705.000000,1635.000000,0.000000,1818.000000,0.000000,1577.000000,1631.000000,18.000000,1667.000000,3281.000000,104.000000,4466.000000,194.000000,5143.000000,165.000000,6027.000000,273.000000,6256.000000,347.000000,15380.000000,550.000000,11615.000000,732.000000,616.000000,20675.000000,928.000000,818.000000,994.000000,23068.000000,1431.000000,1258.000000,1401.000000,32804.000000,26779.000000,44503.000000,32634.000000,33666.000000,39353.000000,37007.000000,46985.000000,44175.000000,50879.000000,52813.000000,308656.000000,36494.000000,33804.000000,49753.000000,16348.000000,16197.000000,19157.000000,20713.000000,14845.000000,40012.000000,86386.000000,108505.000000,17676.000000,19884.000000,45599.000000,17191.000000,23371.000000,220072.000000,48187.000000,20457.000000,17457.000000,16825.000000,196477.000000,24408.000000,34080.000000
44088.000000,39208.000000,18821.000000,29295.000000,44689.000000,67647.000000,27215.000000,45792.000000,30613.000000,49325.000000,31611.000000,17472.000000,22284.000000,46393.000000,37352.000000,22891.000000,37453.000000,35346.000000,41802.000000,22083.000000,36331.000000,24438.000000,37102.000000,52694.000000,16574.000000,33846.000000,27017.000000,50809.000000,48617.000000,34128.000000,35530.000000,88318.000000,85126.000000,85591.000000,72973.000000,53543.000000,45490.000000,140291.000000,54577.000000,49883.000000,76571.000000,86001.000000,61677.000000,69348.000000,49703.000000,43716.000000,113028.000000,353885.000000,104707.000000,102292.000000,40111.000000,53221.000000,82985.000000,107265.000000,92890.000000,52867.000000,64383.000000,88898.000000,89742.000000,53569.000000,130097.000000,171632.000000,72252.000000,62339.000000,84262.000000,171845.000000,327809.000000,74274.000000,163673.000000,107829.000000,120316.000000,91076.000000,159237.000000,103223.000000,490238.000000
3888270.000000,3954558.000000,4076892.000000,3933332.000000,3794480.000000,4027068.000000,2686759.000000,2633710.000000,2450096.000000,2506146.000000,2430505.000000,2515046.000000,2527808.000000,2357592.000000,4129392.000000,4112505.000000,4065059.000000,2676080.000000,4086958.000000,2424692.000000,3991644.000000,3824014.000000,2565890.000000,2372932.000000,2354382.000000,3880306.000000,3911099.000000,4197266.000000,2402015.000000,2482876.000000,2330178.000000,2306487.000000,2525067.000000,2619469.000000,2732514.000000,4197104.000000,2392810.000000,2390885.000000,2401094.000000,2605757.000000,2542523.000000,2598869.000000,2480488.000000,2371206.000000,2454554.000000,2414678.000000,2463411.000000,2598965.000000,2453717.000000,2506371.000000,2597698.000000,2508774.000000,2686520.000000,2562554.000000,2606319.000000,2612700.000000,2428914.000000,2528413.000000,2731520.000000,2821526.000000,2684098.000000,2593978.000000,2974869.000000,2667472.000000,2808124.000000,2984413.000000,3124702.000000,2840674.000000,2788585.000000,2906244.000000,3030097.000000,2995424.000000,2991322.000000,2931222.000000,2864291.000000
64258.000000,3835659.000000,2293250.000000,3805546.000000,2383331.000000,3857779.000000,2549202.000000,3938565.000000,2332703.000000,3889848.000000,2335231.000000,3864875.000000,2371932.000000,3775141.000000,2415614.000000,3998415.000000,2593602.000000,4071904.000000,2490366.000000,3886804.000000,2436752.000000,3783258.000000,2291074.000000,3891447.000000,2274115.000000,4032575.000000,2336340.000000,3814121.000000,2477523.000000,3825510.000000,2394122.000000,3895234.000000,2377974.000000,3741859.000000,3767911.000000,2405767.000000,3977381.000000,2381463.000000,3828394.000000,2297935.000000,3762136.000000,2422947.000000,3738172.000000,2453285.000000,3938028.000000,2378620.000000,3987364.000000,2484639.000000,3963380.000000,2568251.000000,3915948.000000,2446968.000000,3954733.000000,2448111.000000,3908948.000000,2624612.000000,4027440.000000,2452847.000000,4110080.000000,3053603.000000,4138334.000000,2534602.000000,4199008.000000,2562664.000000,4170235.000000,2644831.000000,4043627.000000,2629188.000000,4283606.000000,3398089.000000,4144135.000000,2718736.000000,4183518.000000,2876454.000000,4292505.000000
709.000000,0.000000,0.000000,0.000000,0.000000,0.000000,0.000000,0.000000,0.000000,5456.000000,0.000000,53.000000
12072.000000,14782.000000,47061.000000,1626.000000,1526.000000,2188.000000,2612.000000,7455.000000,3886.000000
0.000000,0.000000,35.000000,55.000000,99.000000,0.000000,66.000000,113.000000,60.000000,135.000000,0.000000
141.000000,0.000000,0.000000,0.000000,1147.000000,0.000000,1670.000000,2659.000000,1182.000000,0.000000,1838.000000,0.000000,2130.000000,2250.000000,0.000000,1268.000000,2547.000000,0.000000,2548.000000,0.000000,5333.000000,0.000000,3879.000000,0.000000,8382.000000,286.000000,9804.000000,0.000000,11742.000000,171.000000,66.000000,16621.000000,413.000000,398.000000,309.000000,21059.000000,757.000000,722.000000,876.000000,44435.000000,45045.000000,39149.000000,31910.000000,33011.000000,44530.000000,38220.000000,35954.000000,41774.000000,46359.000000,50049.000000,714208.000000,203776.000000,35899.000000,43733.000000,24026.000000,26529.000000,25794.000000,23424.000000,20451.000000,24053.000000,182056.000000,180769.000000,20705.000000,20274.000000,40399.000000,23761.000000,95449.000000,29656.000000,17717.000000,13769.000000,20121.000000,236086.000000,30509.000000,24178.000000,102677.000000
111773.000000,21175.000000,15671.000000,12987.000000,170478.000000,78008.000000,22849.000000,24815.000000,134292.000000,30004.000000,144712.000000,77290.000000,20056.000000,18976.000000,19525.000000,24475.000000,195385.000000,29942.000000,22997.000000,21408.000000,30058.000000,18764.000000,18702.000000,33649.000000,81356.000000,135269.000000,146249.000000,120332.000000,116852.000000,167282.000000,137398.000000,224890.000000,159093.000000,120513.000000,107284.000000,111728.000000,111896.000000,116377.000000,115916.000000,118634.000000,126507.000000,124567.000000,129762.000000,144170.000000,145385.000000,162513.000000,144979.000000,108365.000000,483092.000000,90625.000000,84347.000000,77097.000000,53859.000000,63058.000000,57201.000000,55174.000000,82038.000000,56790.000000,196951.000000,268099.000000,161524.000000,163378.000000,318580.000000,102275.000000,149779.000000,109831.000000,296884.000000,119273.000000,231264.000000,169241.000000,400976.000000,129817.000000,151454.000000,228590.000000,251052.000000
2468130.000000,2692032.000000,3138421.000000,2618920.000000,2682010.000000,2793718.000000,2752202.000000,2835854.000000,2775779.000000,2622187.000000,4294996.000000,2899545.000000,3063688.000000,2865852.000000,2903345.000000,4262578.000000,2561928.000000,2536110.000000,2576797.000000,2642581.000000,2524735.000000,2508553.000000,4005300.000000,4014739.000000,4100309.000000,4151584.000000,4169570.000000,2578584.000000,2471333.000000,2616420.000000,4136927.000000,2447809.000000,2565023.000000,2368681.000000,2444296.000000,2333011.000000,2384457.000000,2534550.000000,2468183.000000,2672579.000000,2670766.000000,2424472.000000,2495634.000000,2375013.000000,2424567.000000,2549697.000000,2488087.000000,2617192.000000,2707162.000000,2772111.000000,2877181.000000,2934576.000000,3026484.000000,3310840.000000,3178557.000000,3189103.000000,3188596.000000,3104888.000000,3312497.000000,3513242.000000,3865901.000000,3734314.000000,3621641.000000,3563200.000000,3823687.000000,3619524.000000,3799508.000000,3757285.000000,4686827.000000,5231664.000000,3978100.000000,4020765.000000,4079940.000000,4215281.000000,4270652.000000
103471.000000,4194680.000000,2598409.000000,4283960.000000,2589383.000000,4138056.000000,2742422.000000,4189862.000000,2745998.000000,4157661.000000,2731460.000000,4126362.000000,2415466.000000,4031318.000000,2467179.000000,3878585.000000,2442181.000000,3756805.000000,2357534.000000,3817319.000000,2334561.000000,3892868.000000,2281212.000000,4007540.000000,2598324.000000,4105353.000000,2662302.000000,4051588.000000,2691172.000000,4192548.000000,2752035.000000,4275259.000000,2681879.000000,4088670.000000,2777664.000000,4445732.000000,2890417.000000,4672523.000000,3008308.000000,4834651.000000,3143358.000000,4927493.000000,3367736.000000,4774134.000000,3090536.000000,4807719.000000,3365967.000000,5066100.000000,3220448.000000,5022819.000000,3186863.000000,4781364.000000,3406839.000000,4930970.000000,3378738.000000,5041907.000000,3086693.000000,4610481.000000,2891120.000000,4492091.000000,2730998.000000,4465500.000000,3225712.000000,4443449.000000,2737672.000000,4520398.000000,2893686.000000,5668386.000000,3803170.000000,5603573.000000,4092272.000000,5726877.000000,3918294.000000,5139237.000000,3187788.000000
104.000000,0.000000,0.000000,0.000000,0.000000,0.000000,0.000000,0.000000,0.000000,4516.000000,0.000000,36.000000
5645.000000,1228.000000,3344.000000,2238.000000,1650.000000,1968.000000,6105.000000,4369.000000,33042.000000
0.000000,0.000000,35.000000,40.000000,24.000000,0.000000,10.000000,81.000000,0.000000,0.000000,0.000000
571.000000,141.000000,0.000000,79.000000,1592.000000,11.000000,1534.000000,3038.000000,1652.000000,55.000000,1696.000000,29.000000,1563.000000,1678.000000,42.000000,1586.000000,3020.000000,85.000000,3113.000000,171.000000,5672.000000,201.000000,4334.000000,300.000000,6970.000000,381.000000,11085.000000,561.000000,12611.000000,761.000000,663.000000,16173.000000,1048.000000,939.000000,999.000000,21994.000000,1491.000000,1297.000000,1409.000000,28114.000000,24156.000000,36444.000000,30935.000000,36949.000000,33373.000000,40768.000000,36198.000000,37724.000000,70196.000000,44438.000000,332675.000000,193978.000000,25509.000000,33867.000000,11007.000000,9372.000000,9226.000000,9311.000000,8552.000000,10612.000000,116516.000000,16726.000000,11553.000000,12229.000000,25629.000000,97910.000000,131301.000000,23612.000000,13829.000000,15526.000000,111743.000000,27775.000000,36369.000000,29177.000000,251063.000000
46395.000000,13604.000000,19891.000000,45447.000000,32384.000000,18332.000000,72724.000000,115173.000000,139482.000000,92309.000000,101391.000000,138103.000000,110530.000000,65097.000000,93899.000000,66361.000000,62485.000000,41176.000000,77138.000000,67979.000000,69501.000000,30138.000000,43397.000000,41266.000000,74935.000000,94895.000000,43917.000000,34584.000000,37829.000000,27835.000000,56081.000000,75676.000000,50836.000000,66300.000000,162322.000000,87888.000000,51292.000000,32880.000000,47165.000000,77928.000000,138790.000000,99705.000000,62142.000000,37707.000000,166866.000000,175376.000000,299925.000000,205392.000000,223753.000000,202100.000000,249716.000000,567289.000000,310208.000000,330234.000000,168085.000000,134557.000000,137836.000000,124488.000000,102048.000000,81734.000000,348685.000000,74392.000000,85974.000000,63572.000000,67189.000000,403120.000000,63609.000000,65675.000000,94821.000000,329082.000000,105672.000000,113672.000000,291468.000000,82284.000000,79202.000000
2607085.000000,2634596.000000,2474768.000000,2485860.000000,2537218.000000,2525522.000000,2570166.000000,4222582.000000,2431042.000000,2478427.000000,2490350.000000,2435377.000000,2501081.000000,2478167.000000,2582197.000000,2570361.000000,2532944.000000,2597643.000000,2481179.000000,2485138.000000,2578252.000000,4243390.000000,4264194.000000,4129940.000000,2425076.000000,2471284.000000,2607507.000000,4223374.000000,4212041.000000,4168020.000000,2540037.000000,2568540.000000,2671012.000000,4194325.000000,4164115.000000,2536967.000000,4316520.000000,4359907.000000,4290486.000000,4279599.000000,4170917.000000,4310627.000000,4333853.000000,4258968.000000,4325604.000000,4450828.000000,4397758.000000,4325173.000000,4350918.000000,4501661.000000,4626664.000000,4585214.000000,4523086.000000,2800827.000000,2891868.000000,4560124.000000,4474179.000000,4500716.000000,4693425.000000,5025881.000000,4632756.000000,4608922.000000,4696721.000000,4630692.000000,4616485.000000,4718038.000000,4731983.000000,4800396.000000,4744129.000000,4796290.000000,4854421.000000,4925902.000000,4703938.000000,4833044.000000,4757136.000000
55537.000000,2617768.000000,4424203.000000,2578638.000000,4311668.000000,2651038.000000,4390154.000000,2647483.000000,4282464.000000,4313117.000000,2638492.000000,4258831.000000,2532937.000000,4333446.000000,2615454.000000,4490723.000000,2765277.000000,4439329.000000,2675250.000000,4284113.000000,2570253.000000,4287159.000000,2532217.000000,4478411.000000,2672141.000000,4416169.000000,2601657.000000,4159353.000000,2664486.000000,4241073.000000,2628186.000000,4274344.000000,2498103.000000,4143028.000000,2470895.000000,4179298.000000,2445421.000000,4082493.000000,2514985.000000,4126107.000000,2633292.000000,4182286.000000,2494938.000000,4259553.000000,2558167.000000,4180044.000000,2481466.000000,4128562.000000,2658163.000000,4324999.000000,2673502.000000,4239483.000000,2666302.000000,4234170.000000,2601409.000000,4523304.000000,2759762.000000,4347675.000000,4612951.000000,2670814.000000,4489054.000000,2757874.000000,4315681.000000,2925080.000000,4250192.000000,3031820.000000,4343546.000000,2896448.000000,4629780.000000,2826267.000000,4736475.000000,2851133.000000,4523091.000000,2916410.000000,4537142.000000
154.000000,0.000000,0.000000,0.000000,0.000000,0.000000,0.000000,0.000000,0.000000,4016.000000,0.000000,41.000000
4977.000000,1512.000000,3486.000000,1879.000000,1685.000000,2388.000000,9051.000000,33085.000000,4826.000000
0.000000,0.000000,42.000000,78.000000,111.000000,61.000000,90.000000,111.000000,36.000000,67.000000,0.000000
472.000000,138.000000,36.000000,129.000000,1979.000000,44.000000,2970.000000,2154.000000,1915.000000,62.000000,2006.000000,52.000000,1900.000000,1968.000000,84.000000,2140.000000,3572.000000,134.000000,5049.000000,218.000000,6270.000000,271.000000,5494.000000,447.000000,6614.000000,532.000000,11651.000000,733.000000,11272.000000,887.000000,809.000000,19655.000000,1143.000000,1053.000000,1139.000000,25603.000000,1616.000000,1461.000000,1553.000000,31682.000000,31562.000000,36471.000000,47959.000000,36272.000000,46876.000000,41171.000000,44647.000000,46197.000000,48496.000000,48849.000000,430162.000000,336068.000000,32815.000000,28450.000000,14112.000000,15716.000000,14610.000000,18992.000000,19383.000000,18513.000000,221218.000000,44231.000000,113871.000000,24402.000000,66699.000000,123271.000000,27947.000000,26389.000000,39720.000000,96699.000000,332836.000000,55311.000000,38059.000000,75588.000000,96978.000000
40278.000000,21183.000000,30142.000000,29948.000000,77099.000000,31167.000000,14402.000000,18707.000000,30126.000000,36851.000000,37793.000000,104582.000000,39629.000000,28409.000000,24985.000000,55270.000000,92699.000000,141656.000000,68116.000000,45358.000000,34018.000000,32580.000000,47178.000000,88566.000000,64499.000000,40920.000000,50492.000000,60326.000000,63473.000000,52793.000000,34637.000000,39394.000000,67158.000000,55476.000000,44570.000000,111699.000000,50150.000000,44553.000000,61810.000000,85767.000000,51620.000000,63514.000000,35259.000000,28532.000000,54801.000000,42155.000000,73321.000000,48783.000000,70251.000000,30039.000000,36660.000000,39788.000000,49479.000000,80088.000000,122360.000000,51362.000000,46788.000000,50421.000000,68984.000000,68308.000000,280018.000000,56100.000000,60690.000000,68293.000000,106441.000000,193745.000000,85934.000000,93262.000000,135034.000000,182209.000000,137641.000000,162237.000000,145926.000000,714031.000000,227407.000000
2693844.000000,2635272.000000,2604463.000000,2470827.000000,2476609.000000,2494570.000000,2473553.000000,4207841.000000,4284175.000000,4207525.000000,4344118.000000,4407743.000000,4380587.000000,4363572.000000,4453546.000000,4609209.000000,4611256.000000,4672902.000000,4607537.000000,4565576.000000,4602355.000000,4569773.000000,4527450.000000,4612640.000000,4592304.000000,4523068.000000,4770096.000000,4690569.000000,4720332.000000,4649716.000000,4640354.000000,4684787.000000,4632556.000000,4611129.000000,4568354.000000,4673914.000000,4815443.000000,4735931.000000,4612018.000000,4760262.000000,3288370.000000,3166787.000000,3062858.000000,3256009.000000,3247757.000000,3144828.000000,3141158.000000,3134000.000000,3292643.000000,3227556.000000,3222376.000000,3407993.000000,3441756.000000,3603980.000000,3287211.000000,3455928.000000,3510955.000000,3560928.000000,3829627.000000,3867777.000000,3693254.000000,3936977.000000,4170675.000000,4090169.000000,4095896.000000,4130139.000000,4150682.000000,3873659.000000,3992616.000000,4337854.000000,6984186.000000,7493792.000000,4245550.000000,4543102.000000,4339132.000000
100899.000000,4355927.000000,2797805.000000,4499442.000000,3195871.000000,4745763.000000,2870254.000000,4376574.000000,2603447.000000,4228725.000000,2652749.000000,4189638.000000,2500076.000000,4019816.000000,2577908.000000,3956750.000000,2429795.000000,4219967.000000,2574544.000000,4223731.000000,2488286.000000,4163512.000000,2623168.000000,4119927.000000,2482372.000000,4028883.000000,2519616.000000,3985541.000000,2588103.000000,4182406.000000,2668905.000000,4079212.000000,2442369.000000,4199664.000000,2674322.000000,4063567.000000,2367594.000000,4055702.000000,4199584.000000,2510804.000000,4114390.000000,2545752.000000,4205666.000000,2491612.000000,3907881.000000,2594704.000000,4321819.000000,2870948.000000,4441415.000000,3035419.000000,4651623.000000,3176351.000000,4788808.000000,3157051.000000,4756957.000000,3230273.000000,4846834.000000,3302865.000000,4683862.000000,2835047.000000,4388370.000000,2714383.000000,4495751.000000,2699534.000000,4172415.000000,2562931.000000,4179025.000000,2816458.000000,4324062.000000,2881581.000000,4430941.000000,3012603.000000,4820240.000000,4104610.000000,5591327.000000
113.000000,0.000000,0.000000,0.000000,0.000000,0.000000,0.000000,0.000000,0.000000,5145.000000,0.000000,36.000000
7809.000000,7939.000000,1917.000000,1537.000000,12602.000000,1835.000000,2089.000000,2466.000000,12865.000000
0.000000,0.000000,18.000000,8.000000,24.000000,12.000000,24.000000,26.000000,20.000000,0.000000,0.000000
877.000000,1701.000000,37.000000,131.000000,2107.000000,10.000000,1545.000000,1636.000000,1578.000000,38.000000,1638.000000,5.000000,1524.000000,1581.000000,58.000000,1575.000000,5027.000000,129.000000,2928.000000,174.000000,11158.000000,472.000000,5979.000000,413.000000,7501.000000,515.000000,13241.000000,780.000000,14786.000000,995.000000,922.000000,21337.000000,1188.000000,1133.000000,1400.000000,25956.000000,1720.000000,1691.000000,2156.000000,33606.000000,30483.000000,42354.000000,39995.000000,44313.000000,42413.000000,46544.000000,44667.000000,56517.000000,104078.000000,63972.000000,69210.000000,65488.000000,33072.000000,42160.000000,13188.000000,16999.000000,14566.000000,13226.000000,14731.000000,14329.000000,200641.000000,38454.000000,15998.000000,22912.000000,32425.000000,131905.000000,16361.000000,15125.000000,28688.000000,240799.000000,325055.000000,56530.000000,49708.000000,74566.000000,535929.000000
120397.000000,53775.000000,86756.000000,72151.000000,112904.000000,103308.000000,66531.000000,52205.000000,104679.000000,92936.000000,70214.000000,65900.000000,93390.000000,118587.000000,82995.000000,85179.000000,79157.000000,46765.000000,43362.000000,101809.000000,84659.000000,57473.000000,29113.000000,36834.000000,83143.000000,77762.000000,103077.000000,83533.000000,78525.000000,65922.000000,27188.000000,41190.000000,128832.000000,129909.000000,76924.000000,36645.000000,34086.000000,111385.000000,86381.000000,156156.000000,56872.000000,135344.000000,132694.000000,44151.000000,75981.000000,193343.000000,158335.000000,293413.000000,354395.000000,283612.000000,216265.000000,244390.000000,261917.000000,220241.000000,299007.000000,290116.000000,793449.000000,533398.000000,393800.000000,240595.000000,218424.000000,435223.000000,412789.000000,357998.000000,333803.000000,720414.000000,135527.000000,211492.000000,382889.000000,142508.000000,94741.000000,89775.000000,627356.000000,288256.000000,94288.000000
2269982.000000,2241130.000000,2282395.000000,2425687.000000,2537789.000000,4055446.000000,4263615.000000,2718663.000000,4359575.000000,4749254.000000,4383637.000000,4356332.000000,4328110.000000,4251968.000000,4276578.000000,4325423.000000,4430979.000000,3156000.000000,2762692.000000,2805047.000000,2770024.000000,3017498.000000,3224454.000000,2862253.000000,3156916.000000,3176676.000000,3068627.000000,2853445.000000,2627971.000000,2712599.000000,2891075.000000,2870280.000000,2772465.000000,2897274.000000,3167496.000000,2958125.000000,2915102.000000,2892189.000000,4594383.000000,3068387.000000,3045502.000000,5177789.000000,4673140.000000,4540078.000000,4580962.000000,4755062.000000,4719471.000000,4734224.000000,4937275.000000,4940934.000000,5084773.000000,5385757.000000,5163871.000000,5042105.000000,5141502.000000,5086092.000000,5203834.000000,5208384.000000,5243200.000000,5247675.000000,5548667.000000,5885641.000000,5323184.000000,5265075.000000,5321997.000000,5356792.000000,5337059.000000,5417187.000000,5441782.000000,5616095.000000,5927761.000000,5803158.000000,6311585.000000,6395942.000000,5760401.000000
112770.000000,2686544.000000,4312550.000000,2841575.000000,4430312.000000,2815494.000000,4314752.000000,2673523.000000,4218620.000000,2623128.000000,4042127.000000,3142152.000000,4822956.000000,2849041.000000,4445066.000000,2875794.000000,4487221.000000,3065418.000000,4707980.000000,2789752.000000,4393322.000000,2891365.000000,4673025.000000,3051601.000000,4628867.000000,2911186.000000,4876293.000000,2915797.000000,4512989.000000,2797779.000000,4876392.000000,3239383.000000,4486827.000000,2976781.000000,3244232.000000,4664092.000000,3043458.000000,4686454.000000,3191992.000000,4933966.000000,3079439.000000,4659789.000000,3070037.000000,4727209.000000,3082106.000000,4760669.000000,2927643.000000,4446344.000000,2714097.000000,4252674.000000,4393714.000000,2654744.000000,4365224.000000,2808135.000000,4711756.000000,2960224.000000,4433242.000000,2742129.000000,4619101.000000,3482023.000000,4975003.000000,3781961.000000,5468644.000000,3560984.000000,5138533.000000,3978389.000000,5591292.000000,3625688.000000,5266449.000000,3745378.000000,5351629.000000,3482023.000000,5174156.000000,3336871.000000,5465690.000000
97.000000,0.000000,0.000000,0.000000,0.000000,0.000000,0.000000,0.000000,0.000000,3474.000000,0.000000,33.000000
4595.000000,1282.000000,3162.000000,1640.000000,1505.000000,1807.000000,5371.000000,2333.000000,2344.000000
6.000000,0.000000,31.000000,64.000000,35.000000,0.000000,56.000000,0.000000,0.000000,0.000000,21.000000
493.000000,59.000000,4.000000,82.000000,1616.000000,26.000000,89.000000,2901.000000,2996.000000,37.000000,2647.000000,29.000000,1522.000000,1563.000000,50.000000,1436.000000,3042.000000,173.000000,2864.000000,190.000000,5692.000000,236.000000,6564.000000,313.000000,6736.000000,305.000000,10565.000000,613.000000,12164.000000,738.000000,654.000000,15452.000000,978.000000,895.000000,940.000000,20559.000000,1348.000000,1288.000000,1457.000000,26074.000000,22747.000000,33514.000000,31313.000000,29282.000000,31838.000000,35974.000000,36254.000000,37627.000000,70004.000000,44726.000000,555498.000000,186036.000000,32786.000000,43360.000000,12007.000000,9154.000000,10017.000000,10297.000000,10297.000000,12626.000000,169059.000000,13986.000000,12070.000000,12878.000000,24336.000000,95684.000000,36965.000000,29703.000000,12477.000000,13354.000000,121588.000000,88956.000000,17061.000000,17091.000000,121088.000000
41725.000000,21014.000000,15410.000000,17341.000000,18382.000000,42058.000000,43014.000000,46613.000000,87008.000000,101066.000000,78417.000000,91588.000000,103705.000000,101193.000000,109563.000000,103821.000000,108515.000000,81275.000000,127915.000000,108131.000000,134069.000000,117113.000000,90773.000000,141931.000000,129820.000000,93249.000000,82576.000000,103370.000000,119319.000000,93077.000000,87654.000000,180911.000000,117467.000000,110235.000000,143326.000000,145417.000000,152629.000000,157921.000000,156217.000000,132736.000000,168364.000000,149301.000000,138730.000000,373798.000000,273826.000000,171075.000000,143697.000000,128899.000000,173295.000000,197159.000000,155011.000000,160362.000000,166043.000000,710569.000000,170409.000000,186148.000000,176715.000000,215870.000000,200514.000000,234146.000000,1241514.000000,207824.000000,216974.000000,218839.000000,238312.000000,518878.000000,236438.000000,239607.000000,312691.000000,1733358.000000,290198.000000,263501.000000,707609.000000,294657.000000,313635.000000
2753335.000000,2968680.000000,2781187.000000,2690103.000000,2689368.000000,2629956.000000,2579087.000000,2807315.000000,2798528.000000,2955393.000000,4668199.000000,2989830.000000,4541596.000000,4468201.000000,4627707.000000,2900088.000000,2817258.000000,2804482.000000,4460017.000000,4286520.000000,4326066.000000,4125178.000000,4105212.000000,4115392.000000,4162660.000000,4237584.000000,4398957.000000,2584064.000000,2617389.000000,4234395.000000,2982103.000000,2657037.000000,4409597.000000,4271782.000000,4243087.000000,4171693.000000,4243806.000000,4299699.000000,4207495.000000,4136187.000000,4206213.000000,4392299.000000,4305211.000000,4187507.000000,4320594.000000,4435833.000000,4524965.000000,4409198.000000,4610912.000000,4627855.000000,4513805.000000,4704972.000000,4694396.000000,4458442.000000,4459723.000000,4440393.000000,4541585.000000,4325053.000000,4529459.000000,4591255.000000,5336501.000000,5448126.000000,5413240.000000,5462156.000000,5588404.000000,6256820.000000,6307173.000000,5361502.000000,4333924.000000,4384589.000000,4329202.000000,3932850.000000,3615921.000000,3552233.000000,3535385.000000
65200.000000,2577111.000000,4194845.000000,2404831.000000,4155870.000000,2371277.000000,4046703.000000,2417415.000000,4305335.000000,2550171.000000,4189213.000000,2448926.000000,4178066.000000,2447356.000000,4110194.000000,2317936.000000,3875317.000000,2416565.000000,4005952.000000,2421858.000000,4319016.000000,2705863.000000,4154773.000000,2455896.000000,4050249.000000,2532993.000000,4097824.000000,2817036.000000,4394490.000000,2838888.000000,4345885.000000,2812362.000000,4379130.000000,2791763.000000,4260982.000000,2706721.000000,4545166.000000,2710075.000000,4407809.000000,2824651.000000,4459037.000000,2973022.000000,4433741.000000,3144207.000000,4538111.000000,3023559.000000,4588737.000000,3027952.000000,4650271.000000,3205586.000000,4685157.000000,3206570.000000,4707815.000000,3110943.000000,4557321.000000,3264502.000000,4991337.000000,3423048.000000,5012414.000000,3596051.000000,5003518.000000,3521844.000000,4974339.000000,3645647.000000,5373180.000000,3814914.000000,5265486.000000,4076787.000000,5313400.000000,3971440.000000,5180571.000000,3920303.000000,5389526.000000,3899284.000000,5427150.000000
101.000000,0.000000,0.000000,0.000000,0.000000,0.000000,0.000000,0.000000,0.000000,4250.000000,0.000000,35.000000
4638.000000,1155.000000,3732.000000,1798.000000,1814.000000,1898.000000,5369.000000,4920.000000,31065.000000
0.000000,0.000000,33.000000,8.000000,77.000000,0.000000,38.000000,0.000000,0.000000,0.000000,0.000000
485.000000,162.000000,0.000000,88.000000,1636.000000,9.000000,1549.000000,3075.000000,1622.000000,34.000000,1638.000000,37.000000,1622.000000,1614.000000,44.000000,1693.000000,3035.000000,157.000000,2942.000000,174.000000,6932.000000,265.000000,4503.000000,343.000000,6861.000000,412.000000,10841.000000,587.000000,11971.000000,763.000000,637.000000,15855.000000,1054.000000,961.000000,997.000000,21053.000000,1449.000000,1414.000000,1469.000000,26424.000000,24650.000000,34305.000000,31377.000000,28418.000000,32598.000000,38479.000000,37947.000000,39422.000000,43255.000000,46073.000000,383639.000000,188792.000000,34272.000000,40603.000000,22652.000000,8925.000000,8627.000000,26936.000000,10691.000000,10212.000000,33580.000000,13044.000000,13923.000000,10974.000000,24989.000000,24285.000000,65820.000000,20143.000000,40796.000000,37571.000000,311022.000000,17847.000000,14868.000000,73195.000000,53810.000000
40612.000000,16725.000000,25030.000000,40258.000000,27442.000000,24279.000000,23663.000000,38276.000000,58172.000000,32122.000000,36050.000000,49612.000000,73780.000000,68332.000000,77621.000000,104701.000000,127243.000000,70895.000000,79609.000000,111423.000000,134302.000000,78060.000000,177566.000000,112615.000000,98301.000000,178048.000000,89019.000000,146769.000000,151018.000000,100179.000000,90876.000000,119025.000000,150925.000000,118523.000000,149212.000000,112547.000000,109911.000000,113533.000000,132680.000000,138899.000000,133606.000000,123951.000000,127269.000000,133472.000000,133181.000000,123671.000000,291217.000000,161279.000000,200186.000000,151717.000000,155278.000000,158676.000000,151653.000000,182628.000000,193106.000000,664662.000000,183583.000000,178403.000000,183675.000000,189790.000000,197164.000000,776452.000000,224700.000000,245283.000000,210236.000000,217719.000000,1680711.000000,250183.000000,253442.000000,276189.000000,879684.000000,318999.000000,258830.000000,451983.000000,2361458.000000
2634614.000000,2745585.000000,2737205.000000,2615742.000000,2752753.000000,2682668.000000,2618402.000000,4137308.000000,4261136.000000,4337490.000000,4138360.000000,3993928.000000,2785764.000000,4115455.000000,4201146.000000,4132284.000000,4169089.000000,4258622.000000,4061317.000000,4146332.000000,4130701.000000,4094441.000000,4396279.000000,4135653.000000,4067159.000000,4117485.000000,4171133.000000,4103816.000000,4241274.000000,4287209.000000,4284381.000000,4267390.000000,4313057.000000,4375511.000000,4476982.000000,4542160.000000,4420216.000000,4656532.000000,4413285.000000,4440676.000000,4303424.000000,4241727.000000,4720019.000000,4490862.000000,5139448.000000,4376191.000000,4497442.000000,4475064.000000,4363301.000000,4633323.000000,4614120.000000,4617825.000000,4671458.000000,4673973.000000,4949615.000000,4809084.000000,5065072.000000,4898243.000000,4876930.000000,5261695.000000,5226433.000000,5253993.000000,5074119.000000,5305394.000000,5133205.000000,5351055.000000,4299038.000000,5171811.000000,5974413.000000,5573702.000000,5377092.000000,5684236.000000,5734927.000000,5616536.000000,5641569.000000
103570.000000,2534640.000000,4086548.000000,2590212.000000,4118202.000000,2696314.000000,4080386.000000,2677721.000000,3985321.000000,2678767.000000,4102744.000000,2659840.000000,4226025.000000,2587797.000000,4062668.000000,2670825.000000,4169094.000000,2613567.000000,4206224.000000,2655591.000000,4073465.000000,2715347.000000,4150792.000000,2665213.000000,4195969.000000,2716945.000000,4171100.000000,2803284.000000,4139812.000000,2666262.000000,4137566.000000,2773047.000000,4058818.000000,4212641.000000,2618824.000000,4115458.000000,2460149.000000,3952980.000000,2515371.000000,4027672.000000,3285946.000000,4259854.000000,2560731.000000,3964594.000000,2516271.000000,4480590.000000,2987838.000000,4718566.000000,3178010.000000,4734332.000000,3010377.000000,4840323.000000,3290652.000000,4780655.000000,3160889.000000,4901299.000000,3408436.000000,4947740.000000,3408257.000000,4922671.000000,4930118.000000,3508983.000000,4978692.000000,3465334.000000,5020884.000000,3530793.000000,5229380.000000,3680519.000000,3555166.000000,5102315.000000,3102209.000000,4561082.000000,2822077.000000,4435886.000000,2938197.000000
52.000000,0.000000,0.000000,0.000000,0.000000,0.000000,0.000000,0.000000,0.000000,5261.000000,0.000000,34.000000
4548.000000,1104.000000,3370.000000,1694.000000,1681.000000,3353.000000,2049.000000,13438.000000,12461.000000
7.000000,0.000000,30.000000,42.000000,7.000000,9.000000,36.000000,35.000000,61.000000,0.000000,8.000000
478.000000,86.000000,40.000000,139.000000,1618.000000,51.000000,1884.000000,1657.000000,1650.000000,64.000000,3157.000000,81.000000,1592.000000,1585.000000,90.000000,2382.000000,3017.000000,177.000000,2928.000000,263.000000,5840.000000,328.000000,4380.000000,354.000000,6883.000000,419.000000,10015.000000,621.000000,12483.000000,668.000000,698.000000,16628.000000,990.000000,917.000000,982.000000,21907.000000,1382.000000,1362.000000,1473.000000,26752.000000,23889.000000,31291.000000,50787.000000,29552.000000,31459.000000,35457.000000,35545.000000,38997.000000,40701.000000,90763.000000,276678.000000,297786.000000,29971.000000,36296.000000,9852.000000,10898.000000,9934.000000,10390.000000,9208.000000,11596.000000,78219.000000,102342.000000,26388.000000,14716.000000,30544.000000,12495.000000,12728.000000,167665.000000,15687.000000,20951.000000,14281.000000,20942.000000,99989.000000,25971.000000,22982.000000
19213.000000,16534.000000,17769.000000,17979.000000,28236.000000,54167.000000,43677.000000,43183.000000,31544.000000,44297.000000,48071.000000,94740.000000,84652.000000,73904.000000,102222.000000,100690.000000,129511.000000,77294.000000,215781.000000,93699.000000,110605.000000,78838.000000,99337.000000,151767.000000,82326.000000,139159.000000,114133.000000,117082.000000,179204.000000,130292.000000,153708.000000,109752.000000,94795.000000,134113.000000,50478.000000,55673.000000,92752.000000,108157.000000,88625.000000,86632.000000,85504.000000,97087.000000,145310.000000,132668.000000,119333.000000,132077.000000,167164.000000,274798.000000,78065.000000,78727.000000,148465.000000,76519.000000,172782.000000,240197.000000,254842.000000,408813.000000,223193.000000,280846.000000,181881.000000,224059.000000,543660.000000,217559.000000,260490.000000,241962.000000,246758.000000,326274.000000,2377789.000000,320239.000000,411506.000000,285032.000000,599331.000000,323979.000000,315841.000000,412923.000000,1838870.000000
4342037.000000,4259628.000000,4465553.000000,4300718.000000,2971761.000000,4318147.000000,4355387.000000,4310580.000000,4357767.000000,4480069.000000,4386426.000000,4326494.000000,4444909.000000,2862868.000000,2809600.000000,2758802.000000,2622373.000000,3225510.000000,2848806.000000,2889415.000000,2885696.000000,4346324.000000,4019284.000000,4045095.000000,4142355.000000,3973688.000000,3864936.000000,3952491.000000,3986952.000000,4085924.000000,3927743.000000,4258365.000000,4136376.000000,4201037.000000,4022658.000000,4081007.000000,4284978.000000,4528619.000000,4549716.000000,5011829.000000,4807559.000000,4488126.000000,4697002.000000,4639567.000000,4805420.000000,4619031.000000,4517402.000000,5114680.000000,4766510.000000,4727026.000000,4791437.000000,4859755.000000,4934136.000000,4590146.000000,4820816.000000,4528454.000000,4680851.000000,4566696.000000,4435156.000000,5159342.000000,5601971.000000,5342925.000000,5339839.000000,5489838.000000,5350118.000000,5488659.000000,5924212.000000,5349823.000000,5510366.000000,5454264.000000,5657505.000000,5796373.000000,6455992.000000,5628202.000000,5848332.000000
106019.000000,2596769.000000,4409834.000000,2574000.000000,4166240.000000,2669759.000000,4076589.000000,2732796.000000,4151166.000000,2672736.000000,4148255.000000,2687971.000000,4177635.000000,2667463.000000,4091769.000000,2538543.000000,4062722.000000,2717525.000000,4265286.000000,2594071.000000,4107223.000000,2700891.000000,4049511.000000,2633434.000000,4172348.000000,2628335.000000,4260466.000000,2571180.000000,4181731.000000,2709117.000000,4156891.000000,2632520.000000,4106679.000000,2892405.000000,4715652.000000,2743029.000000,4193220.000000,2570970.000000,3999417.000000,2436845.000000,3936006.000000,2742451.000000,3902299.000000,2489845.000000,4075109.000000,2991837.000000,4450865.000000,3048928.000000,4483628.000000,2997890.000000,4668539.000000,3030013.000000,4573329.000000,2996673.000000,4164833.000000,2831201.000000,4066115.000000,2642533.000000,4096679.000000,2459844.000000,4095258.000000,2506954.000000,4123485.000000,2726534.000000,4207523.000000,2836721.000000,4365969.000000,2786629.000000,4476251.000000,3052067.000000,4699588.000000,2746730.000000,4701372.000000,2942952.000000,5217554.000000
110.000000,0.000000,0.000000,0.000000,0.000000,0.000000,0.000000,0.000000,0.000000,3653.000000,0.000000,34.000000
5089.000000,1420.000000,3650.000000,1802.000000,1674.000000,1826.000000,5714.000000,2606.000000,43096.000000
0.000000,0.000000,4.000000,7.000000,0.000000,0.000000,42.000000,27.000000,23.000000,14.000000,0.000000
566.000000,1716.000000,28.000000,90.000000,3389.000000,20.000000,1613.000000,2402.000000,1567.000000,23.000000,3000.000000,18.000000,1677.000000,2902.000000,41.000000,1661.000000,3052.000000,100.000000,5108.000000,157.000000,4468.000000,171.000000,5217.000000,301.000000,6336.000000,433.000000,10441.000000,575.000000,11349.000000,762.000000,690.000000,19109.000000,859.000000,896.000000,930.000000,21357.000000,1398.000000,1257.000000,1362.000000,28591.000000,26720.000000,34218.000000,29993.000000,31451.000000,75549.000000,37303.000000,37486.000000,40901.000000,42552.000000,45213.000000,540304.000000,245158.000000,47175.000000,49211.000000,15371.000000,15716.000000,15539.000000,18017.000000,14794.000000,17602.000000,79806.000000,95813.000000,134297.000000,15026.000000,32393.000000,16567.000000,31482.000000,56768.000000,16414.000000,15338.000000,30037.000000,175064.000000,254795.000000,21765.000000,21539.000000
84538.000000,36024.000000,20722.000000,32062.000000,19545.000000,36348.000000,36961.000000,26304.000000,33208.000000,38543.000000,89844.000000,116870.000000,97436.000000,119231.000000,108501.000000,156768.000000,126800.000000,107112.000000,71789.000000,79005.000000,170997.000000,84423.000000,79466.000000,102714.000000,83061.000000,126101.000000,110581.000000,165910.000000,122209.000000,163454.000000,299656.000000,160681.000000,180538.000000,104900.000000,151865.000000,170561.000000,157273.000000,145023.000000,116902.000000,130773.000000,107330.000000,172607.000000,148072.000000,158824.000000,257167.000000,263740.000000,491648.000000,308785.000000,163857.000000,161889.000000,198683.000000,196490.000000,160769.000000,255953.000000,1222979.000000,177347.000000,230077.000000,236891.000000,403559.000000,538033.000000,254464.000000,257812.000000,209824.000000,246583.000000,1503548.000000,310165.000000,253488.000000,451972.000000,287903.000000,261511.000000,534634.000000,1470197.000000,268385.000000,362012.000000,1555932.000000
2764590.000000,2774861.000000,2800561.000000,2758596.000000,2742385.000000,5217287.000000,4215780.000000,4140586.000000,2720843.000000,2620353.000000,2598492.000000,2433094.000000,3953171.000000,2345354.000000,3923625.000000,2328804.000000,2263528.000000,3813546.000000,3806855.000000,3851845.000000,3801550.000000,3709455.000000,2254333.000000,2274954.000000,2248560.000000,2275507.000000,2263956.000000,2222416.000000,2310718.000000,2262083.000000,2251870.000000,2183286.000000,2241146.000000,2639785.000000,2756061.000000,4463338.000000,4585863.000000,4512359.000000,5018201.000000,4671793.000000,5144243.000000,3321898.000000,3366612.000000,3411415.000000,3346239.000000,3392299.000000,3559943.000000,3448051.000000,3423523.000000,3529879.000000,3638462.000000,3767641.000000,6005551.000000,3553692.000000,3659081.000000,4068560.000000,3476581.000000,3816007.000000,4044683.000000,4308748.000000,3871574.000000,3613965.000000,3670600.000000,4021442.000000,3921774.000000,4632279.000000,3818918.000000,3962601.000000,4176654.000000,4101227.000000,4584591.000000,4406583.000000,4522160.000000,4311719.000000,4715528.000000
110256.000000,4501973.000000,2744961.000000,4250181.000000,2435601.000000,4273828.000000,2411992.000000,4241744.000000,2449843.000000,4112918.000000,2675533.000000,4286137.000000,2597192.000000,4247552.000000,2629601.000000,4405922.000000,2599588.000000,4431324.000000,2557333.000000,4385052.000000,2551775.000000,4256494.000000,4369405.000000,3230472.000000,4433830.000000,2756386.000000,4476418.000000,2810022.000000,4539881.000000,2727315.000000,4571718.000000,2992934.000000,4552393.000000,2788693.000000,4601489.000000,2868200.000000,4729893.000000,2904291.000000,4552495.000000,2734020.000000,4641917.000000,2769031.000000,4734281.000000,2820525.000000,4589966.000000,4673445.000000,3295275.000000,4406135.000000,2724932.000000,4373527.000000,2954124.000000,4547806.000000,2712595.000000,4514114.000000,2787548.000000,4596223.000000,3105047.000000,4699851.000000,2935843.000000,4645889.000000,2996506.000000,4715293.000000,3012405.000000,4945764.000000,3236011.000000,4666657.000000,2934014.000000,4535948.000000,2783648.000000,4470114.000000,2912747.000000,4572208.000000,2945019.000000,4631801.000000,3107546.000000
156.000000,0.000000,0.000000,0.000000,0.000000,0.000000,0.000000,0.000000,0.000000,3939.000000,0.000000,35.000000
5125.000000,1321.000000,6535.000000,18275.000000,19121.000000,36944.000000,10189.000000,2690.000000,2823.000000
0.000000,0.000000,19.000000,38.000000,26.000000,7.000000,37.000000,113.000000,6.000000,1.000000,0.000000
390.000000,77.000000,0.000000,44.000000,1708.000000,0.000000,44.000000,3012.000000,3167.000000,0.000000,3009.000000,0.000000,1579.000000,1546.000000,0.000000,1349.000000,2954.000000,81.000000,3369.000000,117.000000,5891.000000,166.000000,4496.000000,244.000000,6625.000000,263.000000,10975.000000,524.000000,12996.000000,710.000000,615.000000,16049.000000,1033.000000,888.000000,14080.000000,20450.000000,1319.000000,1193.000000,1320.000000,25773.000000,23515.000000,33086.000000,31012.000000,28155.000000,32006.000000,37869.000000,38255.000000,38081.000000,41454.000000,64837.000000,499852.000000,260210.000000,41031.000000,32178.000000,11624.000000,10381.000000,13605.000000,13736.000000,12094.000000,13274.000000,208111.000000,63244.000000,16222.000000,14759.000000,39501.000000,16175.000000,64921.000000,15928.000000,14535.000000,16262.000000,20141.000000,54202.000000,274998.000000,47940.000000,17825.000000
47454.000000,74557.000000,42393.000000,51098.000000,33069.000000,15838.000000,169792.000000,33806.000000,19370.000000,15695.000000,43995.000000,48274.000000,18598.000000,23970.000000,122030.000000,186574.000000,186532.000000,126686.000000,142226.000000,136090.000000,171447.000000,128574.000000,151691.000000,183451.000000,273854.000000,155089.000000,149535.000000,173233.000000,152699.000000,194589.000000,159597.000000,4689455.000000,255818.000000,201370.000000,158392.000000,138526.000000,152627.000000,107971.000000,103340.000000,73569.000000,72762.000000,132186.000000,99648.000000,91162.000000,103899.000000,147177.000000,217791.000000,139244.000000,109714.000000,107221.000000,107324.000000,99886.000000,175438.000000,276403.000000,405818.000000,129784.000000,139034.000000,184253.000000,232402.000000,253161.000000,131617.000000,205233.000000,204215.000000,337721.000000,578544.000000,405003.000000,182421.000000,462015.000000,301529.000000,383315.000000,168251.000000,292750.000000,596912.000000,324773.000000,219391.000000
2663349.000000,2609973.000000,4473582.000000,2557038.000000,4441843.000000,2735072.000000,2679736.000000,4359212.000000,4316832.000000,4553307.000000,2732152.000000,2524805.000000,2663499.000000,2520354.000000,4345354.000000,4708797.000000,2525253.000000,2495368.000000,2496696.000000,2497118.000000,2650715.000000,2529265.000000,2590701.000000,2518373.000000,2420185.000000,2392625.000000,2510945.000000,2424229.000000,2668228.000000,2489405.000000,2498910.000000,2671632.000000,3006979.000000,2524167.000000,2572146.000000,2690687.000000,2495576.000000,2476559.000000,2502871.000000,2532570.000000,2605088.000000,2538162.000000,2498047.000000,2505202.000000,2508639.000000,2587834.000000,2819248.000000,2749446.000000,2631138.000000,2599717.000000,2634426.000000,2757694.000000,2866730.000000,2852871.000000,2910054.000000,2890386.000000,3017007.000000,3035865.000000,3257609.000000,3593793.000000,3462320.000000,3928120.000000,4009119.000000,3946935.000000,4124995.000000,3908350.000000,3898030.000000,4052894.000000,3973924.000000,3836724.000000,3448863.000000,3519530.000000,3932513.000000,3159190.000000,3356760.000000
59666.000000,4423218.000000,2589445.000000,4248695.000000,2462759.000000,4041535.000000,2544596.000000,4249611.000000,2834425.000000,4154048.000000,2670186.000000,4175718.000000,2482049.000000,4302979.000000,2762913.000000,4241320.000000,2596912.000000,4473957.000000,2622994.000000,4319798.000000,2774176.000000,4652614.000000,2812248.000000,4517960.000000,3057120.000000,4714200.000000,2726064.000000,4256393.000000,2647071.000000,4201679.000000,2815979.000000,4359591.000000,2754383.000000,4425878.000000,2852354.000000,4407185.000000,2591971.000000,4367064.000000,2636405.000000,4345415.000000,2668108.000000,4388329.000000,3233570.000000,4793767.000000,3303050.000000,4954451.000000,3069831.000000,4517663.000000,2644829.000000,4292777.000000,2583323.000000,4269788.000000,3109428.000000,4745621.000000,3277577.000000,4749859.000000,3084769.000000,4817174.000000,3439702.000000,5145951.000000,3487948.000000,5155429.000000,3637357.000000,5123227.000000,6748301.000000,3630424.000000,5406943.000000,5455772.000000,3688430.000000,5496901.000000,3889395.000000,5684262.000000,4109718.000000,5837176.000000,4200761.000000
119.000000,0.000000,0.000000,0.000000,0.000000,0.000000,0.000000,0.000000,0.000000,8783.000000,0.000000,47.000000
9441.000000,8955.000000,2389.000000,28243.000000,2238.000000,2365.000000,2632.000000,10619.000000,22948.000000
5.000000,0.000000,21.000000,20.000000,40.000000,21.000000,61.000000,0.000000,44.000000,77.000000,13.000000
649.000000,141.000000,0.000000,80.000000,1603.000000,0.000000,1510.000000,1644.000000,1511.000000,5.000000,1635.000000,6.000000,1509.000000,2442.000000,25.000000,1339.000000,2985.000000,88.000000,5019.000000,147.000000,5917.000000,209.000000,4550.000000,266.000000,5630.000000,385.000000,10156.000000,537.000000,16899.000000,898.000000,887.000000,25782.000000,1174.000000,1076.000000,1246.000000,28579.000000,1873.000000,1799.000000,2058.000000,35082.000000,32525.000000,42772.000000,40020.000000,80588.000000,68720.000000,47192.000000,60572.000000,49964.000000,53549.000000,57177.000000,372429.000000,39915.000000,40114.000000,11760.000000,12612.000000,14403.000000,12431.000000,12964.000000,12519.000000,14254.000000,123485.000000,78545.000000,19527.000000,25067.000000,31151.000000,17897.000000,159887.000000,19114.000000,20476.000000,16729.000000,28684.000000,175303.000000,15975.000000,16873.000000,34392.000000
37203.000000,16647.000000,17889.000000,32882.000000,28130.000000,33549.000000,56933.000000,65044.000000,146011.000000,46563.000000,56254.000000,74297.000000,91048.000000,131540.000000,77354.000000,101157.000000,155096.000000,89631.000000,83766.000000,117005.000000,138364.000000,103448.000000,90405.000000,166055.000000,81084.000000,129694.000000,113071.000000,130253.000000,146429.000000,184002.000000,116139.000000,116204.000000,164919.000000,172277.000000,184468.000000,125322.000000,159979.000000,157924.000000,156296.000000,140041.000000,131009.000000,159925.000000,114445.000000,129573.000000,187735.000000,140369.000000,159308.000000,138331.000000,158905.000000,155069.000000,183174.000000,571646.000000,161589.000000,193079.000000,174132.000000,185090.000000,241052.000000,295001.000000,195476.000000,210055.000000,220969.000000,210424.000000,523121.000000,220375.000000,235067.000000,299724.000000,902908.000000,272636.000000,257041.000000,1826362.000000,255413.000000,342069.000000,793768.000000,1352040.000000,311725.000000
2806257.000000,2777744.000000,2719282.000000,4339496.000000,4377812.000000,4548372.000000,4771955.000000,4552170.000000,4420500.000000,4389687.000000,4251966.000000,4372818.000000,4421602.000000,4481132.000000,4597490.000000,4443158.000000,4403400.000000,4595234.000000,4442519.000000,4479645.000000,4414237.000000,4590528.000000,4358345.000000,4355136.000000,4573274.000000,4686903.000000,4621899.000000,4565165.000000,4483831.000000,4543607.000000,4444627.000000,4537855.000000,4538656.000000,4639953.000000,4603418.000000,4578402.000000,4603310.000000,4641541.000000,4526044.000000,4509550.000000,4693675.000000,4816007.000000,4921721.000000,4791686.000000,4863859.000000,5367566.000000,4803857.000000,4681081.000000,4856641.000000,4987387.000000,4818843.000000,4938901.000000,5129852.000000,5129663.000000,5164851.000000,5252874.000000,5262651.000000,5362412.000000,5412172.000000,5384013.000000,5578704.000000,5752697.000000,5423525.000000,5279546.000000,5560256.000000,5652007.000000,5950844.000000,5408832.000000,5513508.000000,5744843.000000,5726090.000000,5663976.000000,6428920.000000,5954382.000000,5667011.000000
116634.000000,3256174.000000,4009427.000000,2710479.000000,4118706.000000,2710626.000000,4214206.000000,2658657.000000,3999642.000000,2536295.000000,4033905.000000,2436113.000000,3771297.000000,2647459.000000,4399256.000000,2883128.000000,4170170.000000,2588167.000000,4228819.000000,2650356.000000,4104589.000000,2652272.000000,4107413.000000,3926444.000000,2347729.000000,3857765.000000,2266139.000000,3935831.000000,2405441.000000,3967880.000000,2809587.000000,4163857.000000,2335304.000000,4335812.000000,2454878.000000,4262631.000000,2726643.000000,3848120.000000,2719387.000000,3947938.000000,2834332.000000,4144661.000000,2438388.000000,4552719.000000,2448833.000000,3995066.000000,2698763.000000,3973883.000000,2568458.000000,4684117.000000,3076477.000000,4813299.000000,3185641.000000,4747477.000000,3279949.000000,5072970.000000,3505915.000000,4756553.000000,3210999.000000,4934853.000000,3371438.000000,4834065.000000,3502319.000000,5118299.000000,3532358.000000,5080993.000000,3660547.000000,5233508.000000,3704872.000000,5150292.000000,3700277.000000,5269473.000000,3937611.000000,5339892.000000,4265111.000000
101.000000,0.000000,0.000000,0.000000,0.000000,0.000000,0.000000,0.000000,0.000000,3878.000000,0.000000,35.000000
4529.000000,1591.000000,3055.000000,1854.000000,1639.000000,1934.000000,5629.000000,3889.000000,15453.000000
0.000000,0.000000,44.000000,42.000000,17.000000,0.000000,20.000000,0.000000,14.000000,0.000000,0.000000
507.000000,228.000000,0.000000,92.000000,1622.000000,3.000000,81.000000,1653.000000,1605.000000,32.000000,1710.000000,26.000000,1542.000000,2888.000000,71.000000,1389.000000,3022.000000,194.000000,4134.000000,186.000000,4466.000000,206.000000,6145.000000,296.000000,5590.000000,366.000000,8393.000000,550.000000,10638.000000,716.000000,651.000000,18821.000000,925.000000,846.000000,912.000000,20240.000000,1397.000000,1220.000000,1303.000000,27923.000000,24515.000000,33593.000000,29343.000000,29147.000000,32232.000000,34307.000000,34978.000000,37974.000000,68139.000000,43154.000000,551937.000000,186749.000000,31600.000000,36176.000000,9463.000000,10517.000000,9746.000000,8935.000000,10920.000000,9991.000000,127855.000000,14723.000000,12053.000000,45669.000000,25357.000000,79686.000000,13200.000000,16278.000000,13900.000000,14256.000000,199391.000000,19829.000000,14807.000000,15042.000000,42939.000000
39420.000000,14511.000000,18292.000000,15817.000000,24021.000000,44429.000000,20677.000000,17532.000000,17458.000000,19843.000000,20987.000000,26846.000000,32665.000000,34864.000000,56416.000000,29400.000000,47800.000000,31412.000000,62857.000000,49056.000000,73890.000000,38329.000000,47064.000000,84110.000000,65287.000000,188374.000000,107763.000000,111802.000000,148331.000000,148182.000000,96083.000000,142582.000000,132037.000000,96311.000000,174124.000000,119731.000000,146250.000000,131034.000000,113604.000000,103371.000000,127351.000000,162381.000000,155792.000000,193718.000000,379677.000000,485719.000000,159395.000000,147241.000000,182343.000000,199615.000000,157515.000000,192234.000000,214218.000000,178915.000000,317989.000000,214047.000000,268299.000000,243042.000000,219601.000000,276448.000000,278750.000000,1392074.000000,369636.000000,327531.000000,291545.000000,492082.000000,363198.000000,255487.000000,294648.000000,499894.000000,298977.000000,311104.000000,635976.000000,397445.000000,317968.000000
2741507.000000,2790720.000000,2805843.000000,2844543.000000,2817027.000000,2680076.000000,3015299.000000,3002855.000000,3018225.000000,2924877.000000,2877048.000000,2797527.000000,2999853.000000,2981432.000000,2907495.000000,2930494.000000,3145631.000000,2751691.000000,3342628.000000,3021749.000000,2878796.000000,4391116.000000,4459021.000000,4449899.000000,4305205.000000,2633558.000000,2517984.000000,2559057.000000,2543884.000000,2547486.000000,2510615.000000,2478055.000000,2425890.000000,2434679.000000,2434073.000000,2474743.000000,2685887.000000,2534042.000000,2565506.000000,2519264.000000,2723884.000000,2771964.000000,3250178.000000,2557421.000000,2557461.000000,2625897.000000,2567921.000000,2712341.000000,2670693.000000,2920983.000000,2605518.000000,2537188.000000,2861569.000000,3241865.000000,2675440.000000,2813844.000000,2876983.000000,2780311.000000,3112154.000000,2946897.000000,3219108.000000,3036832.000000,2800087.000000,2962095.000000,2875939.000000,2855362.000000,2809510.000000,3143042.000000,3448905.000000,3038088.000000,3470086.000000,3178340.000000,2932157.000000,2944596.000000,3279723.000000
70200.000000,4104955.000000,2586161.000000,4089521.000000,2600059.000000,4091087.000000,2440668.000000,4041287.000000,2848799.000000,4258335.000000,2910848.000000,4400814.000000,2808375.000000,4697659.000000,2825833.000000,4609914.000000,2955138.000000,4639330.000000,2767632.000000,4542236.000000,2874150.000000,4415074.000000,2887930.000000,4435966.000000,2718572.000000,4346889.000000,2906635.000000,4419079.000000,2797678.000000,4822881.000000,2733883.000000,4415454.000000,2743672.000000,2801613.000000,4424773.000000,2709660.000000,6385798.000000,4198294.000000,4135457.000000,2483818.000000,3968321.000000,2370783.000000,4021960.000000,2456072.000000,2589599.000000,4194555.000000,4085060.000000,2553857.000000,4217217.000000,4185636.000000,2487970.000000,2583810.000000,4228542.000000,2489772.000000,4308991.000000,3382591.000000,3365036.000000,4966205.000000,3676944.000000,5111440.000000,3803961.000000,5240574.000000,3504421.000000,5180967.000000,3493924.000000,5212703.000000,4356579.000000,6105376.000000,3695227.000000,5428327.000000,3888609.000000,5494260.000000,3814527.000000,6033957.000000,4122529.000000
291.000000,0.000000,0.000000,0.000000,0.000000,0.000000,0.000000,0.000000,0.000000,3584.000000,0.000000,33.000000
4793.000000,947.000000,3086.000000,1883.000000,1428.000000,1855.000000,5586.000000,2434.000000,2309.000000
5.000000,0.000000,13.000000,54.000000,34.000000,0.000000,29.000000,0.000000,0.000000,0.000000,0.000000
397.000000,0.000000,0.000000,0.000000,1802.000000,0.000000,0.000000,2917.000000,2711.000000,0.000000,2555.000000,0.000000,1387.000000,1444.000000,0.000000,1197.000000,2910.000000,22.000000,2772.000000,0.000000,5710.000000,39.000000,4200.000000,99.000000,6502.000000,144.000000,10830.000000,391.000000,12144.000000,562.000000,451.000000,15435.000000,868.000000,1139.000000,1513.000000,26493.000000,1199.000000,1130.000000,1201.000000,25930.000000,22970.000000,35262.000000,31050.000000,29802.000000,35341.000000,51025.000000,36075.000000,49942.000000,72222.000000,46800.000000,413478.000000,193772.000000,36152.000000,41056.000000,10938.000000,10261.000000,10012.000000,10649.000000,8779.000000,10569.000000,21424.000000,126461.000000,18496.000000,17730.000000,37129.000000,12939.000000,14673.000000,174148.000000,14140.000000,15078.000000,25299.000000,19466.000000,298064.000000,27185.000000,16406.000000
28385.000000,21436.000000,27138.000000,27687.000000,21996.000000,40373.000000,53154.000000,24720.000000,18065.000000,16246.000000,17462.000000,26069.000000,32435.000000,107978.000000,96051.000000,111778.000000,95925.000000,123705.000000,105169.000000,78900.000000,140164.000000,76971.000000,81533.000000,133447.000000,100289.000000,131465.000000,77587.000000,115607.000000,121695.000000,124708.000000,113492.000000,458299.000000,255116.000000,266773.000000,144747.000000,159583.000000,99701.000000,100705.000000,113532.000000,197602.000000,112373.000000,163513.000000,128277.000000,143144.000000,123280.000000,178840.000000,128334.000000,176383.000000,140064.000000,141340.000000,146017.000000,159992.000000,220444.000000,668711.000000,926194.000000,179472.000000,181143.000000,185463.000000,371782.000000,207418.000000,231585.000000,1217134.000000,228048.000000,231556.000000,248526.000000,346250.000000,235803.000000,243006.000000,259592.000000,1500794.000000,268906.000000,321955.000000,379907.000000,1498261.000000,624892.000000
2749524.000000,2840293.000000,2919794.000000,2903984.000000,2843656.000000,2890376.000000,2817492.000000,2923007.000000,2766812.000000,2797037.000000,2755047.000000,2916897.000000,2975699.000000,2922177.000000,2961918.000000,2971564.000000,2977103.000000,3004404.000000,2817945.000000,2844837.000000,2891207.000000,2950542.000000,2932988.000000,2906461.000000,2916365.000000,2920200.000000,2886904.000000,2969466.000000,2951165.000000,2902419.000000,2960803.000000,2903328.000000,2905306.000000,3289264.000000,3254785.000000,3022257.000000,2855033.000000,3012322.000000,3033494.000000,3067979.000000,4481565.000000,3311113.000000,3094060.000000,3001916.000000,3344068.000000,3160439.000000,3136111.000000,3445393.000000,3427813.000000,3415717.000000,3315210.000000,3453405.000000,3392941.000000,3544574.000000,3375069.000000,3513485.000000,3511046.000000,3518373.000000,3554641.000000,3408785.000000,3640958.000000,3757828.000000,5531862.000000,3871963.000000,3781730.000000,4112032.000000,3983205.000000,3890155.000000,4313625.000000,4117516.000000,4096570.000000,4301245.000000,4241693.000000,4610569.000000,4361001.000000
99618.000000,4213413.000000,2799195.000000,4510886.000000,2701875.000000,4346108.000000,2589545.000000,4294098.000000,2720901.000000,4447202.000000,2878776.000000,4464815.000000,2742110.000000,4615993.000000,2804504.000000,4227347.000000,2742305.000000,4325602.000000,2950605.000000,4367892.000000,2905466.000000,4669619.000000,2733472.000000,4337829.000000,2711100.000000,4372155.000000,2804294.000000,4344803.000000,2855159.000000,4245461.000000,2946233.000000,4164509.000000,2841375.000000,4312280.000000,2855885.000000,4302630.000000,2818043.000000,4377764.000000,2841626.000000,4449305.000000,2815058.000000,4445896.000000,2830738.000000,4321691.000000,2847572.000000,4511990.000000,2683364.000000,4114303.000000,2575489.000000,4047386.000000,2905712.000000,4327212.000000,2394399.000000,3993070.000000,2452100.000000,3954320.000000,2566805.000000,4184331.000000,3080615.000000,4148791.000000,2683826.000000,4297754.000000,2842236.000000,4304292.000000,2632625.000000,4179562.000000,2829998.000000,4129158.000000,2588937.000000,4186572.000000,2838262.000000,4270197.000000,2790273.000000,4552602.000000,3922840.000000
127.000000,0.000000,0.000000,0.000000,0.000000,0.000000,0.000000,0.000000,0.000000,6169.000000,0.000000,48.000000
5801.000000,1327.000000,3821.000000,2245.000000,2097.000000,4133.000000,2607.000000,17855.000000,4597.000000
18.000000,0.000000,12.000000,52.000000,38.000000,44.000000,24.000000,35.000000,62.000000,2.000000,0.000000
525.000000,175.000000,9.000000,110.000000,1971.000000,19.000000,1920.000000,3106.000000,1950.000000,49.000000,1999.000000,31.000000,1929.000000,2028.000000,49.000000,1733.000000,4976.000000,179.000000,4143.000000,293.000000,5706.000000,324.000000,5768.000000,380.000000,7185.000000,514.000000,12559.000000,723.000000,14374.000000,928.000000,811.000000,33484.000000,1285.000000,1122.000000,1313.000000,27050.000000,1933.000000,1786.000000,1866.000000,34327.000000,42931.000000,39399.000000,34986.000000,38065.000000,41655.000000,44704.000000,45868.000000,49447.000000,48063.000000,55738.000000,385237.000000,42920.000000,48655.000000,28923.000000,12657.000000,10429.000000,13015.000000,13677.000000,12162.000000,15200.000000,104521.000000,76004.000000,17877.000000,16221.000000,31771.000000,15974.000000,16307.000000,262445.000000,45179.000000,20906.000000,20413.000000,33733.000000,162226.000000,23796.000000,24531.000000
35010.000000,20909.000000,19971.000000,16226.000000,20325.000000,16168.000000,17666.000000,16170.000000,38788.000000,130534.000000,16250.000000,16650.000000,53521.000000,32898.000000,79684.000000,97446.000000,140913.000000,105199.000000,83562.000000,99402.000000,156857.000000,81305.000000,68336.000000,132258.000000,104597.000000,118723.000000,73695.000000,127627.000000,149095.000000,131816.000000,106521.000000,132915.000000,108819.000000,582298.000000,272618.000000,137063.000000,115597.000000,115397.000000,177986.000000,157696.000000,161387.000000,151448.000000,115702.000000,176813.000000,129511.000000,148075.000000,151391.000000,152169.000000,186777.000000,162857.000000,161568.000000,153110.000000,137382.000000,180139.000000,750513.000000,1103406.000000,160929.000000,186497.000000,211334.000000,230665.000000,412929.000000,209121.000000,228342.000000,219160.000000,248176.000000,1577048.000000,224130.000000,200917.000000,151962.000000,753009.000000,150016.000000,117075.000000,130678.000000,135016.000000,129210.000000
2265271.000000,2393010.000000,2296494.000000,2287186.000000,2218912.000000,2250378.000000,2354644.000000,3801086.000000,2247920.000000,2331839.000000,3777289.000000,3929684.000000,4057533.000000,3815257.000000,3853694.000000,3981971.000000,4305967.000000,2367291.000000,2375802.000000,2667595.000000,4018494.000000,4232653.000000,4257645.000000,4115142.000000,2781209.000000,4343277.000000,2783821.000000,2723904.000000,2919751.000000,3063222.000000,2875105.000000,2734284.000000,4226398.000000,4238333.000000,2899986.000000,3033209.000000,2973566.000000,2888126.000000,3038600.000000,3232995.000000,3184550.000000,3252704.000000,3413840.000000,3013122.000000,3334026.000000,3074834.000000,3059345.000000,3082853.000000,3113946.000000,3592731.000000,3568063.000000,3267987.000000,3279613.000000,3414645.000000,3757800.000000,3435846.000000,3382485.000000,3568030.000000,3654040.000000,3724220.000000,3733864.000000,3621440.000000,3788493.000000,3904908.000000,3854741.000000,5803207.000000,5829067.000000,5760484.000000,5751710.000000,5826365.000000,5628960.000000,5681308.000000,4435073.000000,4380627.000000,4259058.000000
119143.000000,2465381.000000,3833024.000000,2376321.000000,3795069.000000,2271414.000000,3848041.000000,2284466.000000,3776000.000000,2200316.000000,4123745.000000,2775027.000000,3989007.000000,2672542.000000,4305278.000000,2946755.000000,4357154.000000,4330039.000000,2593067.000000,4161170.000000,2546051.000000,4283427.000000,2750973.000000,4407227.000000,2882203.000000,4239026.000000,2874730.000000,4600634.000000,2907608.000000,4414688.000000,3075052.000000,4759725.000000,2965980.000000,4473834.000000,2937563.000000,4487483.000000,2841781.000000,4323971.000000,2911172.000000,4986493.000000,2916953.000000,5033176.000000,3104085.000000,4439031.000000,3184163.000000,4574880.000000,3009540.000000,4864208.000000,2845399.000000,4450772.000000,2732729.000000,4155123.000000,2602327.000000,4528898.000000,2519611.000000,4387932.000000,3077816.000000,4140387.000000,3258799.000000,4169109.000000,2992524.000000,4550366.000000,2887624.000000,4506090.000000,3151924.000000,4666233.000000,3802960.000000,5334515.000000,4094933.000000,5504742.000000,4310574.000000,5482025.000000,3897667.000000,5670226.000000,4166028.000000
109.000000,0.000000,0.000000,0.000000,0.000000,0.000000,0.000000,0.000000,0.000000,3650.000000,0.000000,33.000000
4642.000000,1132.000000,3326.000000,1809.000000,1551.000000,1957.000000,5396.000000,2444.000000,2926.000000
6.000000,0.000000,41.000000,23.000000,2.000000,0.000000,43.000000,0.000000,16.000000,204.000000,0.000000
372.000000,138.000000,0.000000,58.000000,1634.000000,17.000000,79.000000,4263.000000,2942.000000,16.000000,2938.000000,16.000000,1564.000000,1574.000000,48.000000,1374.000000,3012.000000,172.000000,2873.000000,187.000000,5532.000000,208.000000,4490.000000,287.000000,6593.000000,309.000000,11290.000000,587.000000,11768.000000,717.000000,661.000000,15136.000000,978.000000,866.000000,891.000000,47136.000000,1533.000000,1190.000000,1268.000000,43486.000000,23033.000000,51401.000000,30565.000000,30136.000000,48869.000000,37299.000000,52448.000000,53741.000000,84900.000000,44979.000000,356269.000000,98279.000000,24502.000000,30064.000000,11597.000000,8415.000000,8564.000000,8915.000000,9913.000000,10494.000000,9511.000000,123797.000000,13685.000000,11758.000000,24171.000000,12014.000000,12211.000000,112557.000000,16002.000000,12714.000000,13801.000000,13553.000000,101978.000000,36930.000000,18432.000000
34471.000000,22766.000000,17985.000000,11999.000000,34291.000000,15702.000000,11904.000000,13068.000000,14865.000000,15766.000000,51877.000000,35944.000000,38503.000000,135011.000000,44002.000000,35088.000000,51594.000000,42277.000000,35839.000000,43977.000000,59512.000000,32795.000000,34596.000000,71693.000000,84051.000000,41580.000000,47208.000000,53078.000000,53369.000000,64645.000000,54643.000000,92466.000000,170901.000000,64313.000000,101481.000000,127220.000000,70761.000000,77309.000000,90119.000000,30556.000000,44427.000000,110830.000000,68426.000000,97890.000000,115661.000000,125568.000000,84557.000000,172788.000000,82390.000000,61541.000000,82988.000000,79775.000000,51061.000000,82190.000000,127942.000000,250491.000000,187197.000000,192739.000000,197799.000000,204369.000000,241852.000000,1663578.000000,225051.000000,222520.000000,233057.000000,270917.000000,758155.000000,245307.000000,246960.000000,332341.000000,2061545.000000,324330.000000,367487.000000,799436.000000,351174.000000
2970559.000000,2688406.000000,2757964.000000,2864065.000000,2772276.000000,2720844.000000,2595060.000000,2574048.000000,2659949.000000,2562914.000000,2967026.000000,2782908.000000,2938303.000000,2663923.000000,2863372.000000,2811377.000000,2820831.000000,2744699.000000,2857278.000000,4424915.000000,4421669.000000,4418685.000000,4339635.000000,4458818.000000,4382771.000000,4391267.000000,4303371.000000,4371011.000000,2856223.000000,2943343.000000,2855252.000000,4466992.000000,2905283.000000,2974196.000000,4650524.000000,4580076.000000,4546726.000000,4624264.000000,4620433.000000,4525242.000000,4546392.000000,4799681.000000,4533379.000000,4609970.000000,4519591.000000,4389103.000000,4527503.000000,4213141.000000,4327406.000000,4345132.000000,4001250.000000,4244909.000000,4257668.000000,4274846.000000,4119429.000000,4038261.000000,4251567.000000,4176628.000000,3926920.000000,4075566.000000,4087993.000000,4309922.000000,4046544.000000,4276159.000000,4279163.000000,4519324.000000,4411799.000000,4563463.000000,4289648.000000,4254014.000000,4232537.000000,5724560.000000,5853052.000000,6031375.000000,5866593.000000
101085.000000,2681082.000000,4080943.000000,2656020.000000,4119974.000000,2601867.000000,4482540.000000,2804500.000000,4060702.000000,2682919.000000,4302781.000000,2742100.000000,4170814.000000,2697171.000000,4181131.000000,2636593.000000,4269205.000000,2715129.000000,4121479.000000,2575185.000000,4092606.000000,2574167.000000,4283112.000000,2695087.000000,4103039.000000,2688581.000000,4176657.000000,2660103.000000,4150169.000000,2726218.000000,4277808.000000,2789520.000000,4202536.000000,2670049.000000,4311677.000000,2783307.000000,4334890.000000,2823961.000000,4521063.000000,2744811.000000,3974525.000000,2414189.000000,3916950.000000,2473855.000000,3764375.000000,2424788.000000,4036128.000000,2494814.000000,4495699.000000,2889873.000000,4567914.000000,5075475.000000,4415638.000000,4675072.000000,4705378.000000,5043314.000000,4877719.000000,5068534.000000,4959121.000000,5383874.000000,4845405.000000,5155649.000000,5401408.000000,5231331.000000,5218014.000000,5454307.000000,5072175.000000,5346329.000000,5290269.000000,5426076.000000,5605061.000000,5721296.000000,5561494.000000,6199329.000000,5755413.000000
107.000000,0.000000,0.000000,0.000000,0.000000,0.000000,0.000000,0.000000,0.000000,3700.000000,169.000000,35.000000
4863.000000,1157.000000,3578.000000,1803.000000,1791.000000,1860.000000,5656.000000,2571.000000,2493.000000
6.000000,0.000000,28.000000,40.000000,10.000000,21.000000,57.000000,0.000000,0.000000,0.000000,0.000000
650.000000,198.000000,0.000000,69.000000,1669.000000,9.000000,93.000000,3021.000000,3034.000000,29.000000,2701.000000,20.000000,1634.000000,1598.000000,50.000000,1579.000000,3022.000000,155.000000,2887.000000,187.000000,5578.000000,212.000000,4446.000000,288.000000,6767.000000,292.000000,10819.000000,542.000000,12432.000000,739.000000,658.000000,15613.000000,961.000000,866.000000,1000.000000,20567.000000,1311.000000,1230.000000,1350.000000,33795.000000,34318.000000,34633.000000,37340.000000,29854.000000,33105.000000,36984.000000,43045.000000,48232.000000,93240.000000,69809.000000,699206.000000,577431.000000,38180.000000,47670.000000,30190.000000,31826.000000,30048.000000,33940.000000,34816.000000,43468.000000,157398.000000,32195.000000,27166.000000,35496.000000,49182.000000,123719.000000,26184.000000,21083.000000,30045.000000,19677.000000,91495.000000,18471.000000,15531.000000,16967.000000,139075.000000
157960.000000,27727.000000,18170.000000,20156.000000,34166.000000,63843.000000,31824.000000,83093.000000,39458.000000,39332.000000,41345.000000,47966.000000,75264.000000,123258.000000,19504.000000,39098.000000,64792.000000,32714.000000,22932.000000,41620.000000,64765.000000,36801.000000,21178.000000,53061.000000,40598.000000,47480.000000,58191.000000,60928.000000,127294.000000,99684.000000,155783.000000,176576.000000,112007.000000,103979.000000,130193.000000,113138.000000,136823.000000,111547.000000,174322.000000,119447.000000,256242.000000,132556.000000,133295.000000,471429.000000,413345.000000,137116.000000,196024.000000,143706.000000,157569.000000,148500.000000,175984.000000,157503.000000,196618.000000,690900.000000,208755.000000,235278.000000,223547.000000,190894.000000,196832.000000,210330.000000,203473.000000,235189.000000,240875.000000,242707.000000,618199.000000,256249.000000,211361.000000,154138.000000,271568.000000,137848.000000,100111.000000,125963.000000,330691.000000,96469.000000,184138.000000
4202627.000000,4018526.000000,4231770.000000,3964140.000000,4151072.000000,4074300.000000,4122755.000000,4167344.000000,4227264.000000,3925449.000000,4052948.000000,4042955.000000,4001017.000000,3955707.000000,4031591.000000,4256454.000000,4330013.000000,4209380.000000,4153661.000000,4320450.000000,4454974.000000,4173658.000000,4045333.000000,4119316.000000,4235331.000000,4077558.000000,4176567.000000,4086545.000000,4047402.000000,3999779.000000,3921247.000000,4075087.000000,4021934.000000,4006961.000000,4000447.000000,4143665.000000,4068787.000000,4113059.000000,4028708.000000,4608869.000000,4501212.000000,5099613.000000,5068641.000000,5330738.000000,5043982.000000,5265873.000000,5293999.000000,5164402.000000,5272965.000000,5046559.000000,5292734.000000,5330465.000000,8076851.000000,5567260.000000,5427803.000000,5927749.000000,5384512.000000,5321256.000000,5415346.000000,5512968.000000,5825588.000000,5899265.000000,5985860.000000,6024685.000000,6418553.000000,6466229.000000,5852451.000000,6397156.000000,6500843.000000,6720867.000000,6119584.000000,6168741.000000,6406034.000000,6694356.000000,6939396.000000
102852.000000,4521976.000000,4383967.000000,4306674.000000,4203600.000000,4201007.000000,4464914.000000,4481530.000000,4283615.000000,4344632.000000,4770797.000000,4528864.000000,4479141.000000,4442286.000000,4483964.000000,4449374.000000,4211891.000000,4394458.000000,4237278.000000,6164463.000000,4511380.000000,4344325.000000,4461380.000000,4522691.000000,4423111.000000,4518493.000000,4711804.000000,4551670.000000,4786886.000000,4482621.000000,4467233.000000,4954278.000000,4584116.000000,4193620.000000,4673449.000000,4683510.000000,4595975.000000,4456444.000000,4250048.000000,4369916.000000,4523259.000000,4296587.000000,4271495.000000,4305511.000000,4223029.000000,4384853.000000,4313083.000000,4776454.000000,4695932.000000,4570213.000000,4427432.000000,4615277.000000,4868993.000000,4863138.000000,4546910.000000,4337556.000000,4529158.000000,4560186.000000,4534024.000000,4648712.000000,4562663.000000,4515455.000000,4677486.000000,4444128.000000,4525278.000000,4546184.000000,4418950.000000,4372847.000000,4558532.000000,4695175.000000,4669754.000000,4542854.000000,4752292.000000,4696514.000000,4793820.000000
